idx,project,filename,window_start,window_end,label,logits
5149,MARS_20160401_20160430_32kHz,MARS_20160404_094039_resampled_32kHz.wav,160.0,165.0,orca_call,0.7672423
5150,MARS_20160401_20160430_32kHz,MARS_20160404_094039_resampled_32kHz.wav,165.0,170.0,orca_call,0.024349734
5153,MARS_20160401_20160430_32kHz,MARS_20160404_094039_resampled_32kHz.wav,180.0,185.0,orca_call,2.0467763
5167,MARS_20160401_20160430_32kHz,MARS_20160404_094039_resampled_32kHz.wav,250.0,255.0,orca_call,1.8662277
5169,MARS_20160401_20160430_32kHz,MARS_20160404_094039_resampled_32kHz.wav,260.0,265.0,orca_call,0.63968414
5170,MARS_20160401_20160430_32kHz,MARS_20160404_094039_resampled_32kHz.wav,265.0,270.0,orca_call,0.46087712
5174,MARS_20160401_20160430_32kHz,MARS_20160404_094039_resampled_32kHz.wav,285.0,290.0,orca_call,0.7105512
5177,MARS_20160401_20160430_32kHz,MARS_20160404_094039_resampled_32kHz.wav,300.0,305.0,orca_call,0.19710712
5179,MARS_20160401_20160430_32kHz,MARS_20160404_094039_resampled_32kHz.wav,310.0,315.0,orca_call,0.29818618
5224,MARS_20160401_20160430_32kHz,MARS_20160404_094039_resampled_32kHz.wav,535.0,540.0,orca_call,0.4314919
5231,MARS_20160401_20160430_32kHz,MARS_20160404_094039_resampled_32kHz.wav,570.0,575.0,orca_call,1.0208011
5235,MARS_20160401_20160430_32kHz,MARS_20160404_094039_resampled_32kHz.wav,590.0,595.0,orca_call,2.0880942
5236,MARS_20160401_20160430_32kHz,MARS_20160404_094039_resampled_32kHz.wav,595.0,600.0,orca_call,1.4456767
6367,MARS_20160401_20160430_32kHz,MARS_20160417_202015_resampled_32kHz.wav,250.0,255.0,orca_call,1.8411372
7132,MARS_20160401_20160430_32kHz,MARS_20160427_161417_resampled_32kHz.wav,475.0,480.0,orca_call,0.35133642
7133,MARS_20160401_20160430_32kHz,MARS_20160427_161417_resampled_32kHz.wav,480.0,485.0,orca_call,0.21733062
7884,MARS_20160401_20160430_32kHz,MARS_20160417_002016_resampled_32kHz.wav,35.0,40.0,orca_call,0.25749296
7889,MARS_20160401_20160430_32kHz,MARS_20160417_002016_resampled_32kHz.wav,60.0,65.0,orca_call,2.060206
7894,MARS_20160401_20160430_32kHz,MARS_20160417_002016_resampled_32kHz.wav,85.0,90.0,orca_call,1.5071675
7895,MARS_20160401_20160430_32kHz,MARS_20160417_002016_resampled_32kHz.wav,90.0,95.0,orca_call,2.0719194
7896,MARS_20160401_20160430_32kHz,MARS_20160417_002016_resampled_32kHz.wav,95.0,100.0,orca_call,1.2523565
7899,MARS_20160401_20160430_32kHz,MARS_20160417_002016_resampled_32kHz.wav,110.0,115.0,orca_call,1.860944
7900,MARS_20160401_20160430_32kHz,MARS_20160417_002016_resampled_32kHz.wav,115.0,120.0,orca_call,2.968879
7903,MARS_20160401_20160430_32kHz,MARS_20160417_002016_resampled_32kHz.wav,130.0,135.0,orca_call,1.4360168
7904,MARS_20160401_20160430_32kHz,MARS_20160417_002016_resampled_32kHz.wav,135.0,140.0,orca_call,3.3364031
7918,MARS_20160401_20160430_32kHz,MARS_20160417_002016_resampled_32kHz.wav,205.0,210.0,orca_call,0.37431234
7922,MARS_20160401_20160430_32kHz,MARS_20160417_002016_resampled_32kHz.wav,225.0,230.0,orca_call,1.6589819
7923,MARS_20160401_20160430_32kHz,MARS_20160417_002016_resampled_32kHz.wav,230.0,235.0,orca_call,1.0562811
7962,MARS_20160401_20160430_32kHz,MARS_20160417_002016_resampled_32kHz.wav,425.0,430.0,orca_call,0.9952314
11854,MARS_20160401_20160430_32kHz,MARS_20160420_061713_resampled_32kHz.wav,85.0,90.0,orca_call,0.4880911
18761,MARS_20160401_20160430_32kHz,MARS_20160419_112716_resampled_32kHz.wav,420.0,425.0,orca_call,0.42660022
18764,MARS_20160401_20160430_32kHz,MARS_20160419_112716_resampled_32kHz.wav,435.0,440.0,orca_call,0.24046339
18771,MARS_20160401_20160430_32kHz,MARS_20160419_112716_resampled_32kHz.wav,470.0,475.0,orca_call,0.7361317
18774,MARS_20160401_20160430_32kHz,MARS_20160419_112716_resampled_32kHz.wav,485.0,490.0,orca_call,1.8470111
18775,MARS_20160401_20160430_32kHz,MARS_20160419_112716_resampled_32kHz.wav,490.0,495.0,orca_call,1.2678937
25292,MARS_20160401_20160430_32kHz,MARS_20160420_102712_resampled_32kHz.wav,75.0,80.0,orca_call,4.280482
25293,MARS_20160401_20160430_32kHz,MARS_20160420_102712_resampled_32kHz.wav,80.0,85.0,orca_call,1.7581719
25294,MARS_20160401_20160430_32kHz,MARS_20160420_102712_resampled_32kHz.wav,85.0,90.0,orca_call,3.0652647
25295,MARS_20160401_20160430_32kHz,MARS_20160420_102712_resampled_32kHz.wav,90.0,95.0,orca_call,2.4646144
25343,MARS_20160401_20160430_32kHz,MARS_20160420_102712_resampled_32kHz.wav,330.0,335.0,orca_call,1.343648
25352,MARS_20160401_20160430_32kHz,MARS_20160420_102712_resampled_32kHz.wav,375.0,380.0,orca_call,2.4830093
25360,MARS_20160401_20160430_32kHz,MARS_20160420_102712_resampled_32kHz.wav,415.0,420.0,orca_call,0.50935197
25362,MARS_20160401_20160430_32kHz,MARS_20160420_102712_resampled_32kHz.wav,425.0,430.0,orca_call,1.6451004
25365,MARS_20160401_20160430_32kHz,MARS_20160420_102712_resampled_32kHz.wav,440.0,445.0,orca_call,2.5014737
25366,MARS_20160401_20160430_32kHz,MARS_20160420_102712_resampled_32kHz.wav,445.0,450.0,orca_call,3.9513433
25367,MARS_20160401_20160430_32kHz,MARS_20160420_102712_resampled_32kHz.wav,450.0,455.0,orca_call,0.7376987
25372,MARS_20160401_20160430_32kHz,MARS_20160420_102712_resampled_32kHz.wav,475.0,480.0,orca_call,2.1388762
25373,MARS_20160401_20160430_32kHz,MARS_20160420_102712_resampled_32kHz.wav,480.0,485.0,orca_call,1.7117803
25374,MARS_20160401_20160430_32kHz,MARS_20160420_102712_resampled_32kHz.wav,485.0,490.0,orca_call,2.3230295
25375,MARS_20160401_20160430_32kHz,MARS_20160420_102712_resampled_32kHz.wav,490.0,495.0,orca_call,0.4619187
25377,MARS_20160401_20160430_32kHz,MARS_20160420_102712_resampled_32kHz.wav,500.0,505.0,orca_call,3.3730273
25379,MARS_20160401_20160430_32kHz,MARS_20160420_102712_resampled_32kHz.wav,510.0,515.0,orca_call,3.648751
25380,MARS_20160401_20160430_32kHz,MARS_20160420_102712_resampled_32kHz.wav,515.0,520.0,orca_call,3.0033534
25381,MARS_20160401_20160430_32kHz,MARS_20160420_102712_resampled_32kHz.wav,520.0,525.0,orca_call,2.130795
25385,MARS_20160401_20160430_32kHz,MARS_20160420_102712_resampled_32kHz.wav,540.0,545.0,orca_call,2.2451415
25388,MARS_20160401_20160430_32kHz,MARS_20160420_102712_resampled_32kHz.wav,555.0,560.0,orca_call,3.4454257
25390,MARS_20160401_20160430_32kHz,MARS_20160420_102712_resampled_32kHz.wav,565.0,570.0,orca_call,1.7458656
25391,MARS_20160401_20160430_32kHz,MARS_20160420_102712_resampled_32kHz.wav,570.0,575.0,orca_call,0.30655408
25393,MARS_20160401_20160430_32kHz,MARS_20160420_102712_resampled_32kHz.wav,580.0,585.0,orca_call,0.15782036
25395,MARS_20160401_20160430_32kHz,MARS_20160420_102712_resampled_32kHz.wav,590.0,595.0,orca_call,2.292757
30540,MARS_20160401_20160430_32kHz,MARS_20160416_101017_resampled_32kHz.wav,515.0,520.0,orca_call,0.30033702
30697,MARS_20160401_20160430_32kHz,MARS_20160421_032913_resampled_32kHz.wav,100.0,105.0,orca_call,1.3370553
32438,MARS_20160401_20160430_32kHz,MARS_20160416_102017_resampled_32kHz.wav,405.0,410.0,orca_call,2.1044614
32440,MARS_20160401_20160430_32kHz,MARS_20160416_102017_resampled_32kHz.wav,415.0,420.0,orca_call,0.912596
32441,MARS_20160401_20160430_32kHz,MARS_20160416_102017_resampled_32kHz.wav,420.0,425.0,orca_call,0.5677712
32442,MARS_20160401_20160430_32kHz,MARS_20160416_102017_resampled_32kHz.wav,425.0,430.0,orca_call,1.8101871
32443,MARS_20160401_20160430_32kHz,MARS_20160416_102017_resampled_32kHz.wav,430.0,435.0,orca_call,3.0423567
32444,MARS_20160401_20160430_32kHz,MARS_20160416_102017_resampled_32kHz.wav,435.0,440.0,orca_call,1.4804901
32445,MARS_20160401_20160430_32kHz,MARS_20160416_102017_resampled_32kHz.wav,440.0,445.0,orca_call,1.1686934
32447,MARS_20160401_20160430_32kHz,MARS_20160416_102017_resampled_32kHz.wav,450.0,455.0,orca_call,1.8265623
32449,MARS_20160401_20160430_32kHz,MARS_20160416_102017_resampled_32kHz.wav,460.0,465.0,orca_call,2.4312584
32452,MARS_20160401_20160430_32kHz,MARS_20160416_102017_resampled_32kHz.wav,475.0,480.0,orca_call,2.7719579
32453,MARS_20160401_20160430_32kHz,MARS_20160416_102017_resampled_32kHz.wav,480.0,485.0,orca_call,2.004382
32455,MARS_20160401_20160430_32kHz,MARS_20160416_102017_resampled_32kHz.wav,490.0,495.0,orca_call,1.1454397
32457,MARS_20160401_20160430_32kHz,MARS_20160416_102017_resampled_32kHz.wav,500.0,505.0,orca_call,1.4374632
32459,MARS_20160401_20160430_32kHz,MARS_20160416_102017_resampled_32kHz.wav,510.0,515.0,orca_call,1.5075785
32461,MARS_20160401_20160430_32kHz,MARS_20160416_102017_resampled_32kHz.wav,520.0,525.0,orca_call,1.7191495
32463,MARS_20160401_20160430_32kHz,MARS_20160416_102017_resampled_32kHz.wav,530.0,535.0,orca_call,1.5006456
32464,MARS_20160401_20160430_32kHz,MARS_20160416_102017_resampled_32kHz.wav,535.0,540.0,orca_call,1.8943481
32468,MARS_20160401_20160430_32kHz,MARS_20160416_102017_resampled_32kHz.wav,555.0,560.0,orca_call,0.683486
32470,MARS_20160401_20160430_32kHz,MARS_20160416_102017_resampled_32kHz.wav,565.0,570.0,orca_call,2.5933373
32471,MARS_20160401_20160430_32kHz,MARS_20160416_102017_resampled_32kHz.wav,570.0,575.0,orca_call,0.6474998
32473,MARS_20160401_20160430_32kHz,MARS_20160416_102017_resampled_32kHz.wav,580.0,585.0,orca_call,1.4376026
32474,MARS_20160401_20160430_32kHz,MARS_20160416_102017_resampled_32kHz.wav,585.0,590.0,orca_call,0.17037167
32475,MARS_20160401_20160430_32kHz,MARS_20160416_102017_resampled_32kHz.wav,590.0,595.0,orca_call,0.28606814
34038,MARS_20160401_20160430_32kHz,MARS_20160404_151039_resampled_32kHz.wav,5.0,10.0,orca_call,0.23718105
34039,MARS_20160401_20160430_32kHz,MARS_20160404_151039_resampled_32kHz.wav,10.0,15.0,orca_call,3.6265225
34042,MARS_20160401_20160430_32kHz,MARS_20160404_151039_resampled_32kHz.wav,25.0,30.0,orca_call,0.7112491
34045,MARS_20160401_20160430_32kHz,MARS_20160404_151039_resampled_32kHz.wav,40.0,45.0,orca_call,2.944802
34047,MARS_20160401_20160430_32kHz,MARS_20160404_151039_resampled_32kHz.wav,50.0,55.0,orca_call,1.4880099
34050,MARS_20160401_20160430_32kHz,MARS_20160404_151039_resampled_32kHz.wav,65.0,70.0,orca_call,1.5939726
34060,MARS_20160401_20160430_32kHz,MARS_20160404_151039_resampled_32kHz.wav,115.0,120.0,orca_call,4.698091
34061,MARS_20160401_20160430_32kHz,MARS_20160404_151039_resampled_32kHz.wav,120.0,125.0,orca_call,2.8999772
34063,MARS_20160401_20160430_32kHz,MARS_20160404_151039_resampled_32kHz.wav,130.0,135.0,orca_call,2.4303482
34064,MARS_20160401_20160430_32kHz,MARS_20160404_151039_resampled_32kHz.wav,135.0,140.0,orca_call,0.80853987
34071,MARS_20160401_20160430_32kHz,MARS_20160404_151039_resampled_32kHz.wav,170.0,175.0,orca_call,3.1941419
34076,MARS_20160401_20160430_32kHz,MARS_20160404_151039_resampled_32kHz.wav,195.0,200.0,orca_call,2.0153055
34077,MARS_20160401_20160430_32kHz,MARS_20160404_151039_resampled_32kHz.wav,200.0,205.0,orca_call,1.4935405
34083,MARS_20160401_20160430_32kHz,MARS_20160404_151039_resampled_32kHz.wav,230.0,235.0,orca_call,3.1680722
34084,MARS_20160401_20160430_32kHz,MARS_20160404_151039_resampled_32kHz.wav,235.0,240.0,orca_call,3.417397
34085,MARS_20160401_20160430_32kHz,MARS_20160404_151039_resampled_32kHz.wav,240.0,245.0,orca_call,2.912473
34086,MARS_20160401_20160430_32kHz,MARS_20160404_151039_resampled_32kHz.wav,245.0,250.0,orca_call,1.5439123
34088,MARS_20160401_20160430_32kHz,MARS_20160404_151039_resampled_32kHz.wav,255.0,260.0,orca_call,2.5264528
34091,MARS_20160401_20160430_32kHz,MARS_20160404_151039_resampled_32kHz.wav,270.0,275.0,orca_call,2.76522
34096,MARS_20160401_20160430_32kHz,MARS_20160404_151039_resampled_32kHz.wav,295.0,300.0,orca_call,2.8670266
34097,MARS_20160401_20160430_32kHz,MARS_20160404_151039_resampled_32kHz.wav,300.0,305.0,orca_call,3.5849183
34110,MARS_20160401_20160430_32kHz,MARS_20160404_151039_resampled_32kHz.wav,365.0,370.0,orca_call,1.0341122
34114,MARS_20160401_20160430_32kHz,MARS_20160404_151039_resampled_32kHz.wav,385.0,390.0,orca_call,0.8119072
34947,MARS_20160401_20160430_32kHz,MARS_20160412_170026_resampled_32kHz.wav,350.0,355.0,orca_call,1.0520391
39654,MARS_20160401_20160430_32kHz,MARS_20160414_064019_resampled_32kHz.wav,0.0,5.0,orca_call,1.5603793
40378,MARS_20160401_20160430_32kHz,MARS_20160410_073028_resampled_32kHz.wav,20.0,25.0,orca_call,0.17721723
41584,MARS_20160401_20160430_32kHz,MARS_20160405_192038_resampled_32kHz.wav,50.0,55.0,orca_call,0.7557973
41587,MARS_20160401_20160430_32kHz,MARS_20160405_192038_resampled_32kHz.wav,65.0,70.0,orca_call,0.75494397
41588,MARS_20160401_20160430_32kHz,MARS_20160405_192038_resampled_32kHz.wav,70.0,75.0,orca_call,1.178626
41590,MARS_20160401_20160430_32kHz,MARS_20160405_192038_resampled_32kHz.wav,80.0,85.0,orca_call,1.9130459
41592,MARS_20160401_20160430_32kHz,MARS_20160405_192038_resampled_32kHz.wav,90.0,95.0,orca_call,0.026766732
41596,MARS_20160401_20160430_32kHz,MARS_20160405_192038_resampled_32kHz.wav,110.0,115.0,orca_call,3.001146
41597,MARS_20160401_20160430_32kHz,MARS_20160405_192038_resampled_32kHz.wav,115.0,120.0,orca_call,1.6717342
41598,MARS_20160401_20160430_32kHz,MARS_20160405_192038_resampled_32kHz.wav,120.0,125.0,orca_call,0.5425849
41599,MARS_20160401_20160430_32kHz,MARS_20160405_192038_resampled_32kHz.wav,125.0,130.0,orca_call,0.61900425
41601,MARS_20160401_20160430_32kHz,MARS_20160405_192038_resampled_32kHz.wav,135.0,140.0,orca_call,1.0162244
41604,MARS_20160401_20160430_32kHz,MARS_20160405_192038_resampled_32kHz.wav,150.0,155.0,orca_call,2.8852808
41605,MARS_20160401_20160430_32kHz,MARS_20160405_192038_resampled_32kHz.wav,155.0,160.0,orca_call,0.62790537
41606,MARS_20160401_20160430_32kHz,MARS_20160405_192038_resampled_32kHz.wav,160.0,165.0,orca_call,1.0278231
41607,MARS_20160401_20160430_32kHz,MARS_20160405_192038_resampled_32kHz.wav,165.0,170.0,orca_call,1.7274617
41632,MARS_20160401_20160430_32kHz,MARS_20160405_192038_resampled_32kHz.wav,290.0,295.0,orca_call,1.1898423
41651,MARS_20160401_20160430_32kHz,MARS_20160405_192038_resampled_32kHz.wav,385.0,390.0,orca_call,0.36051303
43854,MARS_20160401_20160430_32kHz,MARS_20160416_103017_resampled_32kHz.wav,0.0,5.0,orca_call,0.73575383
43859,MARS_20160401_20160430_32kHz,MARS_20160416_103017_resampled_32kHz.wav,25.0,30.0,orca_call,3.1368628
43860,MARS_20160401_20160430_32kHz,MARS_20160416_103017_resampled_32kHz.wav,30.0,35.0,orca_call,2.7020428
43864,MARS_20160401_20160430_32kHz,MARS_20160416_103017_resampled_32kHz.wav,50.0,55.0,orca_call,2.3121178
43867,MARS_20160401_20160430_32kHz,MARS_20160416_103017_resampled_32kHz.wav,65.0,70.0,orca_call,2.3367336
43868,MARS_20160401_20160430_32kHz,MARS_20160416_103017_resampled_32kHz.wav,70.0,75.0,orca_call,1.4435455
43869,MARS_20160401_20160430_32kHz,MARS_20160416_103017_resampled_32kHz.wav,75.0,80.0,orca_call,1.5656439
43871,MARS_20160401_20160430_32kHz,MARS_20160416_103017_resampled_32kHz.wav,85.0,90.0,orca_call,1.4878744
43873,MARS_20160401_20160430_32kHz,MARS_20160416_103017_resampled_32kHz.wav,95.0,100.0,orca_call,1.7421138
43877,MARS_20160401_20160430_32kHz,MARS_20160416_103017_resampled_32kHz.wav,115.0,120.0,orca_call,3.3356948
43882,MARS_20160401_20160430_32kHz,MARS_20160416_103017_resampled_32kHz.wav,140.0,145.0,orca_call,1.6030892
43885,MARS_20160401_20160430_32kHz,MARS_20160416_103017_resampled_32kHz.wav,155.0,160.0,orca_call,2.1066728
43886,MARS_20160401_20160430_32kHz,MARS_20160416_103017_resampled_32kHz.wav,160.0,165.0,orca_call,0.9231912
43888,MARS_20160401_20160430_32kHz,MARS_20160416_103017_resampled_32kHz.wav,170.0,175.0,orca_call,2.1849444
43890,MARS_20160401_20160430_32kHz,MARS_20160416_103017_resampled_32kHz.wav,180.0,185.0,orca_call,2.056834
43892,MARS_20160401_20160430_32kHz,MARS_20160416_103017_resampled_32kHz.wav,190.0,195.0,orca_call,1.1086937
43897,MARS_20160401_20160430_32kHz,MARS_20160416_103017_resampled_32kHz.wav,215.0,220.0,orca_call,0.14843704
43900,MARS_20160401_20160430_32kHz,MARS_20160416_103017_resampled_32kHz.wav,230.0,235.0,orca_call,1.0203568
43901,MARS_20160401_20160430_32kHz,MARS_20160416_103017_resampled_32kHz.wav,235.0,240.0,orca_call,0.3057878
44234,MARS_20160401_20160430_32kHz,MARS_20160410_090028_resampled_32kHz.wav,100.0,105.0,orca_call,0.11708538
44611,MARS_20160401_20160430_32kHz,MARS_20160413_155021_resampled_32kHz.wav,185.0,190.0,orca_call,0.07388322
45268,MARS_20160401_20160430_32kHz,MARS_20160421_054016_resampled_32kHz.wav,470.0,475.0,orca_call,0.20417623
45861,MARS_20160401_20160430_32kHz,MARS_20160414_052019_resampled_32kHz.wav,435.0,440.0,orca_call,1.9067953
45869,MARS_20160401_20160430_32kHz,MARS_20160414_052019_resampled_32kHz.wav,475.0,480.0,orca_call,0.14696099
47472,MARS_20160401_20160430_32kHz,MARS_20160420_131711_resampled_32kHz.wav,90.0,95.0,orca_call,0.556559
47698,MARS_20160401_20160430_32kHz,MARS_20160416_115017_resampled_32kHz.wav,20.0,25.0,orca_call,0.67671627
59625,MARS_20160401_20160430_32kHz,MARS_20160419_035716_resampled_32kHz.wav,230.0,235.0,orca_call,0.46652114
59628,MARS_20160401_20160430_32kHz,MARS_20160419_035716_resampled_32kHz.wav,245.0,250.0,orca_call,0.42428935
59635,MARS_20160401_20160430_32kHz,MARS_20160419_035716_resampled_32kHz.wav,280.0,285.0,orca_call,0.16981484
59636,MARS_20160401_20160430_32kHz,MARS_20160419_035716_resampled_32kHz.wav,285.0,290.0,orca_call,1.8195857
59637,MARS_20160401_20160430_32kHz,MARS_20160419_035716_resampled_32kHz.wav,290.0,295.0,orca_call,2.2102468
59639,MARS_20160401_20160430_32kHz,MARS_20160419_035716_resampled_32kHz.wav,300.0,305.0,orca_call,1.3280501
59641,MARS_20160401_20160430_32kHz,MARS_20160419_035716_resampled_32kHz.wav,310.0,315.0,orca_call,0.3885771
59642,MARS_20160401_20160430_32kHz,MARS_20160419_035716_resampled_32kHz.wav,315.0,320.0,orca_call,2.2875898
60363,MARS_20160401_20160430_32kHz,MARS_20160420_232652_resampled_32kHz.wav,320.0,325.0,orca_call,0.023723975
60415,MARS_20160401_20160430_32kHz,MARS_20160420_232652_resampled_32kHz.wav,580.0,585.0,orca_call,0.3939752
64222,MARS_20160401_20160430_32kHz,MARS_20160421_165119_resampled_32kHz.wav,415.0,420.0,orca_call,0.49722213
64234,MARS_20160401_20160430_32kHz,MARS_20160421_165119_resampled_32kHz.wav,475.0,480.0,orca_call,0.21576993
64991,MARS_20160401_20160430_32kHz,MARS_20160430_020635_resampled_32kHz.wav,60.0,65.0,orca_call,0.5664275
64992,MARS_20160401_20160430_32kHz,MARS_20160430_020635_resampled_32kHz.wav,65.0,70.0,orca_call,0.07611643
64993,MARS_20160401_20160430_32kHz,MARS_20160430_020635_resampled_32kHz.wav,70.0,75.0,orca_call,0.4007694
64996,MARS_20160401_20160430_32kHz,MARS_20160430_020635_resampled_32kHz.wav,85.0,90.0,orca_call,0.75747913
64997,MARS_20160401_20160430_32kHz,MARS_20160430_020635_resampled_32kHz.wav,90.0,95.0,orca_call,0.21574558
65003,MARS_20160401_20160430_32kHz,MARS_20160430_020635_resampled_32kHz.wav,120.0,125.0,orca_call,0.37931395
65097,MARS_20160401_20160430_32kHz,MARS_20160430_020635_resampled_32kHz.wav,590.0,595.0,orca_call,1.1999909
65227,MARS_20160401_20160430_32kHz,MARS_20160420_082713_resampled_32kHz.wav,40.0,45.0,orca_call,0.62411404
65239,MARS_20160401_20160430_32kHz,MARS_20160420_082713_resampled_32kHz.wav,100.0,105.0,orca_call,0.94335496
65246,MARS_20160401_20160430_32kHz,MARS_20160420_082713_resampled_32kHz.wav,135.0,140.0,orca_call,0.33275962
65256,MARS_20160401_20160430_32kHz,MARS_20160420_082713_resampled_32kHz.wav,185.0,190.0,orca_call,0.16016392
65257,MARS_20160401_20160430_32kHz,MARS_20160420_082713_resampled_32kHz.wav,190.0,195.0,orca_call,1.34589
65262,MARS_20160401_20160430_32kHz,MARS_20160420_082713_resampled_32kHz.wav,215.0,220.0,orca_call,1.6360883
65263,MARS_20160401_20160430_32kHz,MARS_20160420_082713_resampled_32kHz.wav,220.0,225.0,orca_call,1.743646
65267,MARS_20160401_20160430_32kHz,MARS_20160420_082713_resampled_32kHz.wav,240.0,245.0,orca_call,0.16290735
65269,MARS_20160401_20160430_32kHz,MARS_20160420_082713_resampled_32kHz.wav,250.0,255.0,orca_call,1.3667153
65278,MARS_20160401_20160430_32kHz,MARS_20160420_082713_resampled_32kHz.wav,295.0,300.0,orca_call,2.0335844
65282,MARS_20160401_20160430_32kHz,MARS_20160420_082713_resampled_32kHz.wav,315.0,320.0,orca_call,0.02358073
65283,MARS_20160401_20160430_32kHz,MARS_20160420_082713_resampled_32kHz.wav,320.0,325.0,orca_call,2.5485003
65284,MARS_20160401_20160430_32kHz,MARS_20160420_082713_resampled_32kHz.wav,325.0,330.0,orca_call,0.9851297
65288,MARS_20160401_20160430_32kHz,MARS_20160420_082713_resampled_32kHz.wav,345.0,350.0,orca_call,2.4936087
65290,MARS_20160401_20160430_32kHz,MARS_20160420_082713_resampled_32kHz.wav,355.0,360.0,orca_call,0.07782444
65291,MARS_20160401_20160430_32kHz,MARS_20160420_082713_resampled_32kHz.wav,360.0,365.0,orca_call,1.7172296
65296,MARS_20160401_20160430_32kHz,MARS_20160420_082713_resampled_32kHz.wav,385.0,390.0,orca_call,0.4910379
65297,MARS_20160401_20160430_32kHz,MARS_20160420_082713_resampled_32kHz.wav,390.0,395.0,orca_call,0.4605267
65300,MARS_20160401_20160430_32kHz,MARS_20160420_082713_resampled_32kHz.wav,405.0,410.0,orca_call,3.0036216
65302,MARS_20160401_20160430_32kHz,MARS_20160420_082713_resampled_32kHz.wav,415.0,420.0,orca_call,1.9057066
65308,MARS_20160401_20160430_32kHz,MARS_20160420_082713_resampled_32kHz.wav,445.0,450.0,orca_call,1.7720724
65309,MARS_20160401_20160430_32kHz,MARS_20160420_082713_resampled_32kHz.wav,450.0,455.0,orca_call,0.18383475
65311,MARS_20160401_20160430_32kHz,MARS_20160420_082713_resampled_32kHz.wav,460.0,465.0,orca_call,0.33192128
65312,MARS_20160401_20160430_32kHz,MARS_20160420_082713_resampled_32kHz.wav,465.0,470.0,orca_call,0.28574544
65329,MARS_20160401_20160430_32kHz,MARS_20160420_082713_resampled_32kHz.wav,550.0,555.0,orca_call,0.98590004
65337,MARS_20160401_20160430_32kHz,MARS_20160420_082713_resampled_32kHz.wav,590.0,595.0,orca_call,0.9982214
73874,MARS_20160401_20160430_32kHz,MARS_20160408_054030_resampled_32kHz.wav,75.0,80.0,orca_call,0.26894712
73894,MARS_20160401_20160430_32kHz,MARS_20160408_054030_resampled_32kHz.wav,175.0,180.0,orca_call,2.5633268
73896,MARS_20160401_20160430_32kHz,MARS_20160408_054030_resampled_32kHz.wav,185.0,190.0,orca_call,0.23248528
73917,MARS_20160401_20160430_32kHz,MARS_20160408_054030_resampled_32kHz.wav,290.0,295.0,orca_call,0.86810505
73927,MARS_20160401_20160430_32kHz,MARS_20160408_054030_resampled_32kHz.wav,340.0,345.0,orca_call,1.4540431
73934,MARS_20160401_20160430_32kHz,MARS_20160408_054030_resampled_32kHz.wav,375.0,380.0,orca_call,0.67479485
73941,MARS_20160401_20160430_32kHz,MARS_20160408_054030_resampled_32kHz.wav,410.0,415.0,orca_call,1.054579
73942,MARS_20160401_20160430_32kHz,MARS_20160408_054030_resampled_32kHz.wav,415.0,420.0,orca_call,0.491503
73947,MARS_20160401_20160430_32kHz,MARS_20160408_054030_resampled_32kHz.wav,440.0,445.0,orca_call,2.8167403
73958,MARS_20160401_20160430_32kHz,MARS_20160408_054030_resampled_32kHz.wav,495.0,500.0,orca_call,0.8013841
74487,MARS_20160401_20160430_32kHz,MARS_20160419_081716_resampled_32kHz.wav,140.0,145.0,orca_call,0.3277697
74490,MARS_20160401_20160430_32kHz,MARS_20160419_081716_resampled_32kHz.wav,155.0,160.0,orca_call,0.13702203
74514,MARS_20160401_20160430_32kHz,MARS_20160419_081716_resampled_32kHz.wav,275.0,280.0,orca_call,0.45630503
74517,MARS_20160401_20160430_32kHz,MARS_20160419_081716_resampled_32kHz.wav,290.0,295.0,orca_call,0.72800285
74518,MARS_20160401_20160430_32kHz,MARS_20160419_081716_resampled_32kHz.wav,295.0,300.0,orca_call,2.5781755
74524,MARS_20160401_20160430_32kHz,MARS_20160419_081716_resampled_32kHz.wav,325.0,330.0,orca_call,1.463968
74527,MARS_20160401_20160430_32kHz,MARS_20160419_081716_resampled_32kHz.wav,340.0,345.0,orca_call,3.5069883
74528,MARS_20160401_20160430_32kHz,MARS_20160419_081716_resampled_32kHz.wav,345.0,350.0,orca_call,4.0772514
74529,MARS_20160401_20160430_32kHz,MARS_20160419_081716_resampled_32kHz.wav,350.0,355.0,orca_call,2.8403687
74530,MARS_20160401_20160430_32kHz,MARS_20160419_081716_resampled_32kHz.wav,355.0,360.0,orca_call,0.5028421
74531,MARS_20160401_20160430_32kHz,MARS_20160419_081716_resampled_32kHz.wav,360.0,365.0,orca_call,1.9771271
74532,MARS_20160401_20160430_32kHz,MARS_20160419_081716_resampled_32kHz.wav,365.0,370.0,orca_call,1.4629667
74533,MARS_20160401_20160430_32kHz,MARS_20160419_081716_resampled_32kHz.wav,370.0,375.0,orca_call,1.3977222
74537,MARS_20160401_20160430_32kHz,MARS_20160419_081716_resampled_32kHz.wav,390.0,395.0,orca_call,2.1313932
74538,MARS_20160401_20160430_32kHz,MARS_20160419_081716_resampled_32kHz.wav,395.0,400.0,orca_call,1.303602
74542,MARS_20160401_20160430_32kHz,MARS_20160419_081716_resampled_32kHz.wav,415.0,420.0,orca_call,1.0219408
74543,MARS_20160401_20160430_32kHz,MARS_20160419_081716_resampled_32kHz.wav,420.0,425.0,orca_call,0.14078335
74544,MARS_20160401_20160430_32kHz,MARS_20160419_081716_resampled_32kHz.wav,425.0,430.0,orca_call,1.328142
74552,MARS_20160401_20160430_32kHz,MARS_20160419_081716_resampled_32kHz.wav,465.0,470.0,orca_call,1.923388
74553,MARS_20160401_20160430_32kHz,MARS_20160419_081716_resampled_32kHz.wav,470.0,475.0,orca_call,0.5304602
74555,MARS_20160401_20160430_32kHz,MARS_20160419_081716_resampled_32kHz.wav,480.0,485.0,orca_call,0.9469876
74557,MARS_20160401_20160430_32kHz,MARS_20160419_081716_resampled_32kHz.wav,490.0,495.0,orca_call,0.27607048
74575,MARS_20160401_20160430_32kHz,MARS_20160419_081716_resampled_32kHz.wav,580.0,585.0,orca_call,0.7478264
74576,MARS_20160401_20160430_32kHz,MARS_20160419_081716_resampled_32kHz.wav,585.0,590.0,orca_call,0.0025361478
75324,MARS_20160401_20160430_32kHz,MARS_20160419_070716_resampled_32kHz.wav,125.0,130.0,orca_call,0.729076
75408,MARS_20160401_20160430_32kHz,MARS_20160419_070716_resampled_32kHz.wav,545.0,550.0,orca_call,0.08689433
75409,MARS_20160401_20160430_32kHz,MARS_20160419_070716_resampled_32kHz.wav,550.0,555.0,orca_call,0.104584366
75410,MARS_20160401_20160430_32kHz,MARS_20160419_070716_resampled_32kHz.wav,555.0,560.0,orca_call,0.16024132
75411,MARS_20160401_20160430_32kHz,MARS_20160419_070716_resampled_32kHz.wav,560.0,565.0,orca_call,3.9252107
75413,MARS_20160401_20160430_32kHz,MARS_20160419_070716_resampled_32kHz.wav,570.0,575.0,orca_call,2.0410192
75415,MARS_20160401_20160430_32kHz,MARS_20160419_070716_resampled_32kHz.wav,580.0,585.0,orca_call,1.3425263
75416,MARS_20160401_20160430_32kHz,MARS_20160419_070716_resampled_32kHz.wav,585.0,590.0,orca_call,1.8118991
75417,MARS_20160401_20160430_32kHz,MARS_20160419_070716_resampled_32kHz.wav,590.0,595.0,orca_call,0.6693184
75418,MARS_20160401_20160430_32kHz,MARS_20160419_070716_resampled_32kHz.wav,595.0,600.0,orca_call,3.6687179
79875,MARS_20160401_20160430_32kHz,MARS_20160420_070713_resampled_32kHz.wav,80.0,85.0,orca_call,0.28120273
79893,MARS_20160401_20160430_32kHz,MARS_20160420_070713_resampled_32kHz.wav,170.0,175.0,orca_call,1.0510104
79894,MARS_20160401_20160430_32kHz,MARS_20160420_070713_resampled_32kHz.wav,175.0,180.0,orca_call,0.9743402
79904,MARS_20160401_20160430_32kHz,MARS_20160420_070713_resampled_32kHz.wav,225.0,230.0,orca_call,0.38749135
79911,MARS_20160401_20160430_32kHz,MARS_20160420_070713_resampled_32kHz.wav,260.0,265.0,orca_call,0.6990183
79913,MARS_20160401_20160430_32kHz,MARS_20160420_070713_resampled_32kHz.wav,270.0,275.0,orca_call,1.0234553
79917,MARS_20160401_20160430_32kHz,MARS_20160420_070713_resampled_32kHz.wav,290.0,295.0,orca_call,0.14029424
79930,MARS_20160401_20160430_32kHz,MARS_20160420_070713_resampled_32kHz.wav,355.0,360.0,orca_call,0.415322
79969,MARS_20160401_20160430_32kHz,MARS_20160420_070713_resampled_32kHz.wav,550.0,555.0,orca_call,0.04885073
81998,MARS_20160401_20160430_32kHz,MARS_20160413_214020_resampled_32kHz.wav,495.0,500.0,orca_call,3.3061278
81999,MARS_20160401_20160430_32kHz,MARS_20160413_214020_resampled_32kHz.wav,500.0,505.0,orca_call,0.14268194
82122,MARS_20160401_20160430_32kHz,MARS_20160412_220025_resampled_32kHz.wav,515.0,520.0,orca_call,1.2650152
82140,MARS_20160401_20160430_32kHz,MARS_20160420_083713_resampled_32kHz.wav,5.0,10.0,orca_call,2.0547247
82152,MARS_20160401_20160430_32kHz,MARS_20160420_083713_resampled_32kHz.wav,65.0,70.0,orca_call,0.24449469
82154,MARS_20160401_20160430_32kHz,MARS_20160420_083713_resampled_32kHz.wav,75.0,80.0,orca_call,2.6152208
82155,MARS_20160401_20160430_32kHz,MARS_20160420_083713_resampled_32kHz.wav,80.0,85.0,orca_call,2.2822669
82160,MARS_20160401_20160430_32kHz,MARS_20160420_083713_resampled_32kHz.wav,105.0,110.0,orca_call,2.3197649
82161,MARS_20160401_20160430_32kHz,MARS_20160420_083713_resampled_32kHz.wav,110.0,115.0,orca_call,1.8344458
82172,MARS_20160401_20160430_32kHz,MARS_20160420_083713_resampled_32kHz.wav,165.0,170.0,orca_call,0.065519705
82181,MARS_20160401_20160430_32kHz,MARS_20160420_083713_resampled_32kHz.wav,210.0,215.0,orca_call,1.8974149
82182,MARS_20160401_20160430_32kHz,MARS_20160420_083713_resampled_32kHz.wav,215.0,220.0,orca_call,0.22303219
82187,MARS_20160401_20160430_32kHz,MARS_20160420_083713_resampled_32kHz.wav,240.0,245.0,orca_call,0.08484033
82201,MARS_20160401_20160430_32kHz,MARS_20160420_083713_resampled_32kHz.wav,310.0,315.0,orca_call,0.77027667
82209,MARS_20160401_20160430_32kHz,MARS_20160420_083713_resampled_32kHz.wav,350.0,355.0,orca_call,0.5472708
82211,MARS_20160401_20160430_32kHz,MARS_20160420_083713_resampled_32kHz.wav,360.0,365.0,orca_call,1.172847
82213,MARS_20160401_20160430_32kHz,MARS_20160420_083713_resampled_32kHz.wav,370.0,375.0,orca_call,3.811982
82216,MARS_20160401_20160430_32kHz,MARS_20160420_083713_resampled_32kHz.wav,385.0,390.0,orca_call,1.5950583
82219,MARS_20160401_20160430_32kHz,MARS_20160420_083713_resampled_32kHz.wav,400.0,405.0,orca_call,2.5615442
82220,MARS_20160401_20160430_32kHz,MARS_20160420_083713_resampled_32kHz.wav,405.0,410.0,orca_call,1.3652986
82222,MARS_20160401_20160430_32kHz,MARS_20160420_083713_resampled_32kHz.wav,415.0,420.0,orca_call,2.2996228
82225,MARS_20160401_20160430_32kHz,MARS_20160420_083713_resampled_32kHz.wav,430.0,435.0,orca_call,1.4939058
82229,MARS_20160401_20160430_32kHz,MARS_20160420_083713_resampled_32kHz.wav,450.0,455.0,orca_call,0.69704825
82233,MARS_20160401_20160430_32kHz,MARS_20160420_083713_resampled_32kHz.wav,470.0,475.0,orca_call,1.3332077
82237,MARS_20160401_20160430_32kHz,MARS_20160420_083713_resampled_32kHz.wav,490.0,495.0,orca_call,1.8379327
82249,MARS_20160401_20160430_32kHz,MARS_20160420_083713_resampled_32kHz.wav,550.0,555.0,orca_call,2.5304136
82251,MARS_20160401_20160430_32kHz,MARS_20160420_083713_resampled_32kHz.wav,560.0,565.0,orca_call,2.6519732
82252,MARS_20160401_20160430_32kHz,MARS_20160420_083713_resampled_32kHz.wav,565.0,570.0,orca_call,2.8500237
83344,MARS_20160401_20160430_32kHz,MARS_20160417_001016_resampled_32kHz.wav,25.0,30.0,orca_call,0.11642705
83436,MARS_20160401_20160430_32kHz,MARS_20160417_001016_resampled_32kHz.wav,485.0,490.0,orca_call,1.2994373
83437,MARS_20160401_20160430_32kHz,MARS_20160417_001016_resampled_32kHz.wav,490.0,495.0,orca_call,0.18273322
85127,MARS_20160401_20160430_32kHz,MARS_20160420_192710_resampled_32kHz.wav,540.0,545.0,orca_call,1.1920493
88641,MARS_20160401_20160430_32kHz,MARS_20160412_083026_resampled_32kHz.wav,110.0,115.0,orca_call,0.26331168
88731,MARS_20160401_20160430_32kHz,MARS_20160412_083026_resampled_32kHz.wav,560.0,565.0,orca_call,0.10628858
90063,MARS_20160401_20160430_32kHz,MARS_20160421_002645_resampled_32kHz.wav,20.0,25.0,orca_call,0.19616772
91558,MARS_20160401_20160430_32kHz,MARS_20160408_053030_resampled_32kHz.wav,295.0,300.0,orca_call,1.2155948
91559,MARS_20160401_20160430_32kHz,MARS_20160408_053030_resampled_32kHz.wav,300.0,305.0,orca_call,0.64439446
91561,MARS_20160401_20160430_32kHz,MARS_20160408_053030_resampled_32kHz.wav,310.0,315.0,orca_call,1.4662971
91562,MARS_20160401_20160430_32kHz,MARS_20160408_053030_resampled_32kHz.wav,315.0,320.0,orca_call,1.1365423
91858,MARS_20160401_20160430_32kHz,MARS_20160405_183038_resampled_32kHz.wav,595.0,600.0,orca_call,1.6020614
92046,MARS_20160401_20160430_32kHz,MARS_20160419_113716_resampled_32kHz.wav,335.0,340.0,orca_call,0.14159666
93511,MARS_20160401_20160430_32kHz,MARS_20160427_111418_resampled_32kHz.wav,460.0,465.0,orca_call,0.11947887
97380,MARS_20160401_20160430_32kHz,MARS_20160421_190119_resampled_32kHz.wav,5.0,10.0,orca_call,3.339306
97382,MARS_20160401_20160430_32kHz,MARS_20160421_190119_resampled_32kHz.wav,15.0,20.0,orca_call,3.1636546
97384,MARS_20160401_20160430_32kHz,MARS_20160421_190119_resampled_32kHz.wav,25.0,30.0,orca_call,4.544009
97397,MARS_20160401_20160430_32kHz,MARS_20160421_190119_resampled_32kHz.wav,90.0,95.0,orca_call,0.0989019
97403,MARS_20160401_20160430_32kHz,MARS_20160421_190119_resampled_32kHz.wav,120.0,125.0,orca_call,2.262999
97410,MARS_20160401_20160430_32kHz,MARS_20160421_190119_resampled_32kHz.wav,155.0,160.0,orca_call,1.5951711
97415,MARS_20160401_20160430_32kHz,MARS_20160421_190119_resampled_32kHz.wav,180.0,185.0,orca_call,0.08851589
97433,MARS_20160401_20160430_32kHz,MARS_20160421_190119_resampled_32kHz.wav,270.0,275.0,orca_call,0.8033205
97434,MARS_20160401_20160430_32kHz,MARS_20160421_190119_resampled_32kHz.wav,275.0,280.0,orca_call,0.10390338
97439,MARS_20160401_20160430_32kHz,MARS_20160421_190119_resampled_32kHz.wav,300.0,305.0,orca_call,0.23999907
97468,MARS_20160401_20160430_32kHz,MARS_20160421_190119_resampled_32kHz.wav,445.0,450.0,orca_call,1.1404854
104147,MARS_20160401_20160430_32kHz,MARS_20160418_010015_resampled_32kHz.wav,240.0,245.0,orca_call,0.31984794
104148,MARS_20160401_20160430_32kHz,MARS_20160418_010015_resampled_32kHz.wav,245.0,250.0,orca_call,1.4198276
104806,MARS_20160401_20160430_32kHz,MARS_20160419_052716_resampled_32kHz.wav,535.0,540.0,orca_call,0.12774841
104809,MARS_20160401_20160430_32kHz,MARS_20160419_052716_resampled_32kHz.wav,550.0,555.0,orca_call,1.0467879
104816,MARS_20160401_20160430_32kHz,MARS_20160419_052716_resampled_32kHz.wav,585.0,590.0,orca_call,1.9021199
111029,MARS_20160401_20160430_32kHz,MARS_20160416_233016_resampled_32kHz.wav,450.0,455.0,orca_call,0.42409515
111665,MARS_20160401_20160430_32kHz,MARS_20160419_091716_resampled_32kHz.wav,30.0,35.0,orca_call,0.74281126
111672,MARS_20160401_20160430_32kHz,MARS_20160419_091716_resampled_32kHz.wav,65.0,70.0,orca_call,0.8109386
111675,MARS_20160401_20160430_32kHz,MARS_20160419_091716_resampled_32kHz.wav,80.0,85.0,orca_call,0.97809863
111676,MARS_20160401_20160430_32kHz,MARS_20160419_091716_resampled_32kHz.wav,85.0,90.0,orca_call,0.086401135
111677,MARS_20160401_20160430_32kHz,MARS_20160419_091716_resampled_32kHz.wav,90.0,95.0,orca_call,2.9409022
111678,MARS_20160401_20160430_32kHz,MARS_20160419_091716_resampled_32kHz.wav,95.0,100.0,orca_call,0.047544822
111685,MARS_20160401_20160430_32kHz,MARS_20160419_091716_resampled_32kHz.wav,130.0,135.0,orca_call,0.22113846
111687,MARS_20160401_20160430_32kHz,MARS_20160419_091716_resampled_32kHz.wav,140.0,145.0,orca_call,0.34210068
111689,MARS_20160401_20160430_32kHz,MARS_20160419_091716_resampled_32kHz.wav,150.0,155.0,orca_call,0.96860063
111690,MARS_20160401_20160430_32kHz,MARS_20160419_091716_resampled_32kHz.wav,155.0,160.0,orca_call,3.5069613
111692,MARS_20160401_20160430_32kHz,MARS_20160419_091716_resampled_32kHz.wav,165.0,170.0,orca_call,2.503914
111693,MARS_20160401_20160430_32kHz,MARS_20160419_091716_resampled_32kHz.wav,170.0,175.0,orca_call,0.12829979
111694,MARS_20160401_20160430_32kHz,MARS_20160419_091716_resampled_32kHz.wav,175.0,180.0,orca_call,0.6153754
111697,MARS_20160401_20160430_32kHz,MARS_20160419_091716_resampled_32kHz.wav,190.0,195.0,orca_call,2.793853
113569,MARS_20160401_20160430_32kHz,MARS_20160418_085015_resampled_32kHz.wav,550.0,555.0,orca_call,0.47772127
116789,MARS_20160401_20160430_32kHz,MARS_20160416_162017_resampled_32kHz.wav,450.0,455.0,orca_call,1.6512241
116988,MARS_20160401_20160430_32kHz,MARS_20160419_103716_resampled_32kHz.wav,245.0,250.0,orca_call,0.19564395
116989,MARS_20160401_20160430_32kHz,MARS_20160419_103716_resampled_32kHz.wav,250.0,255.0,orca_call,0.14623351
116995,MARS_20160401_20160430_32kHz,MARS_20160419_103716_resampled_32kHz.wav,280.0,285.0,orca_call,1.7189889
117001,MARS_20160401_20160430_32kHz,MARS_20160419_103716_resampled_32kHz.wav,310.0,315.0,orca_call,0.28769672
117002,MARS_20160401_20160430_32kHz,MARS_20160419_103716_resampled_32kHz.wav,315.0,320.0,orca_call,1.9801629
117003,MARS_20160401_20160430_32kHz,MARS_20160419_103716_resampled_32kHz.wav,320.0,325.0,orca_call,1.4508517
117006,MARS_20160401_20160430_32kHz,MARS_20160419_103716_resampled_32kHz.wav,335.0,340.0,orca_call,1.5495565
117007,MARS_20160401_20160430_32kHz,MARS_20160419_103716_resampled_32kHz.wav,340.0,345.0,orca_call,1.4434897
117008,MARS_20160401_20160430_32kHz,MARS_20160419_103716_resampled_32kHz.wav,345.0,350.0,orca_call,2.713145
117025,MARS_20160401_20160430_32kHz,MARS_20160419_103716_resampled_32kHz.wav,430.0,435.0,orca_call,0.36769342
117026,MARS_20160401_20160430_32kHz,MARS_20160419_103716_resampled_32kHz.wav,435.0,440.0,orca_call,0.2757315
117029,MARS_20160401_20160430_32kHz,MARS_20160419_103716_resampled_32kHz.wav,450.0,455.0,orca_call,0.13768776
118256,MARS_20160401_20160430_32kHz,MARS_20160412_122026_resampled_32kHz.wav,540.0,545.0,orca_call,2.16664
118646,MARS_20160401_20160430_32kHz,MARS_20160426_013147_resampled_32kHz.wav,90.0,95.0,orca_call,0.47162473
122844,MARS_20160401_20160430_32kHz,MARS_20160416_085017_resampled_32kHz.wav,415.0,420.0,orca_call,2.0128462
122857,MARS_20160401_20160430_32kHz,MARS_20160416_085017_resampled_32kHz.wav,480.0,485.0,orca_call,2.0426297
122861,MARS_20160401_20160430_32kHz,MARS_20160416_085017_resampled_32kHz.wav,500.0,505.0,orca_call,1.3786944
123123,MARS_20160401_20160430_32kHz,MARS_20160416_112017_resampled_32kHz.wav,10.0,15.0,orca_call,0.60482156
123145,MARS_20160401_20160430_32kHz,MARS_20160416_112017_resampled_32kHz.wav,120.0,125.0,orca_call,1.490918
123150,MARS_20160401_20160430_32kHz,MARS_20160416_112017_resampled_32kHz.wav,145.0,150.0,orca_call,0.25524378
123152,MARS_20160401_20160430_32kHz,MARS_20160416_112017_resampled_32kHz.wav,155.0,160.0,orca_call,1.4543235
123154,MARS_20160401_20160430_32kHz,MARS_20160416_112017_resampled_32kHz.wav,165.0,170.0,orca_call,0.3872913
123158,MARS_20160401_20160430_32kHz,MARS_20160416_112017_resampled_32kHz.wav,185.0,190.0,orca_call,2.0921988
123160,MARS_20160401_20160430_32kHz,MARS_20160416_112017_resampled_32kHz.wav,195.0,200.0,orca_call,1.8250511
123161,MARS_20160401_20160430_32kHz,MARS_20160416_112017_resampled_32kHz.wav,200.0,205.0,orca_call,0.6925235
123162,MARS_20160401_20160430_32kHz,MARS_20160416_112017_resampled_32kHz.wav,205.0,210.0,orca_call,0.9904047
123171,MARS_20160401_20160430_32kHz,MARS_20160416_112017_resampled_32kHz.wav,250.0,255.0,orca_call,1.2748908
126889,MARS_20160401_20160430_32kHz,MARS_20160414_062019_resampled_32kHz.wav,240.0,245.0,orca_call,2.2857835
126902,MARS_20160401_20160430_32kHz,MARS_20160414_062019_resampled_32kHz.wav,305.0,310.0,orca_call,0.08646582
126906,MARS_20160401_20160430_32kHz,MARS_20160414_062019_resampled_32kHz.wav,325.0,330.0,orca_call,0.8721068
126937,MARS_20160401_20160430_32kHz,MARS_20160414_062019_resampled_32kHz.wav,480.0,485.0,orca_call,1.3027729
126944,MARS_20160401_20160430_32kHz,MARS_20160414_062019_resampled_32kHz.wav,515.0,520.0,orca_call,0.5699464
126945,MARS_20160401_20160430_32kHz,MARS_20160414_062019_resampled_32kHz.wav,520.0,525.0,orca_call,2.754399
126949,MARS_20160401_20160430_32kHz,MARS_20160414_062019_resampled_32kHz.wav,540.0,545.0,orca_call,0.7776331
126950,MARS_20160401_20160430_32kHz,MARS_20160414_062019_resampled_32kHz.wav,545.0,550.0,orca_call,0.6144822
126951,MARS_20160401_20160430_32kHz,MARS_20160414_062019_resampled_32kHz.wav,550.0,555.0,orca_call,0.5466294
126952,MARS_20160401_20160430_32kHz,MARS_20160414_062019_resampled_32kHz.wav,555.0,560.0,orca_call,0.92393374
126957,MARS_20160401_20160430_32kHz,MARS_20160414_062019_resampled_32kHz.wav,580.0,585.0,orca_call,2.8322806
130733,MARS_20160401_20160430_32kHz,MARS_20160420_002715_resampled_32kHz.wav,260.0,265.0,orca_call,0.056684688
130739,MARS_20160401_20160430_32kHz,MARS_20160420_002715_resampled_32kHz.wav,290.0,295.0,orca_call,2.1136482
131867,MARS_20160401_20160430_32kHz,MARS_20160421_041913_resampled_32kHz.wav,530.0,535.0,orca_call,1.0814152
134075,MARS_20160401_20160430_32kHz,MARS_20160420_224710_resampled_32kHz.wav,170.0,175.0,orca_call,0.093078166
134076,MARS_20160401_20160430_32kHz,MARS_20160420_224710_resampled_32kHz.wav,175.0,180.0,orca_call,1.9958587
134077,MARS_20160401_20160430_32kHz,MARS_20160420_224710_resampled_32kHz.wav,180.0,185.0,orca_call,2.031627
134094,MARS_20160401_20160430_32kHz,MARS_20160420_224710_resampled_32kHz.wav,265.0,270.0,orca_call,0.831458
134097,MARS_20160401_20160430_32kHz,MARS_20160420_224710_resampled_32kHz.wav,280.0,285.0,orca_call,0.08357471
134123,MARS_20160401_20160430_32kHz,MARS_20160420_224710_resampled_32kHz.wav,410.0,415.0,orca_call,0.44590002
134952,MARS_20160401_20160430_32kHz,MARS_20160414_065019_resampled_32kHz.wav,355.0,360.0,orca_call,0.36317992
136237,MARS_20160401_20160430_32kHz,MARS_20160416_234016_resampled_32kHz.wav,180.0,185.0,orca_call,1.812237
136238,MARS_20160401_20160430_32kHz,MARS_20160416_234016_resampled_32kHz.wav,185.0,190.0,orca_call,0.6988231
136239,MARS_20160401_20160430_32kHz,MARS_20160416_234016_resampled_32kHz.wav,190.0,195.0,orca_call,1.6408994
136240,MARS_20160401_20160430_32kHz,MARS_20160416_234016_resampled_32kHz.wav,195.0,200.0,orca_call,0.32257164
136241,MARS_20160401_20160430_32kHz,MARS_20160416_234016_resampled_32kHz.wav,200.0,205.0,orca_call,0.5503998
136305,MARS_20160401_20160430_32kHz,MARS_20160416_234016_resampled_32kHz.wav,520.0,525.0,orca_call,0.08446829
138142,MARS_20160401_20160430_32kHz,MARS_20160430_021635_resampled_32kHz.wav,105.0,110.0,orca_call,0.36350554
138148,MARS_20160401_20160430_32kHz,MARS_20160430_021635_resampled_32kHz.wav,135.0,140.0,orca_call,1.7564485
138155,MARS_20160401_20160430_32kHz,MARS_20160430_021635_resampled_32kHz.wav,170.0,175.0,orca_call,0.96361625
138157,MARS_20160401_20160430_32kHz,MARS_20160430_021635_resampled_32kHz.wav,180.0,185.0,orca_call,0.14739282
138164,MARS_20160401_20160430_32kHz,MARS_20160430_021635_resampled_32kHz.wav,215.0,220.0,orca_call,0.48071527
138192,MARS_20160401_20160430_32kHz,MARS_20160430_021635_resampled_32kHz.wav,355.0,360.0,orca_call,1.292537
138194,MARS_20160401_20160430_32kHz,MARS_20160430_021635_resampled_32kHz.wav,365.0,370.0,orca_call,2.7246225
138195,MARS_20160401_20160430_32kHz,MARS_20160430_021635_resampled_32kHz.wav,370.0,375.0,orca_call,0.9335953
138196,MARS_20160401_20160430_32kHz,MARS_20160430_021635_resampled_32kHz.wav,375.0,380.0,orca_call,0.3698249
138198,MARS_20160401_20160430_32kHz,MARS_20160430_021635_resampled_32kHz.wav,385.0,390.0,orca_call,0.7575851
138199,MARS_20160401_20160430_32kHz,MARS_20160430_021635_resampled_32kHz.wav,390.0,395.0,orca_call,2.9494479
138201,MARS_20160401_20160430_32kHz,MARS_20160430_021635_resampled_32kHz.wav,400.0,405.0,orca_call,2.0070727
138202,MARS_20160401_20160430_32kHz,MARS_20160430_021635_resampled_32kHz.wav,405.0,410.0,orca_call,1.8432416
138205,MARS_20160401_20160430_32kHz,MARS_20160430_021635_resampled_32kHz.wav,420.0,425.0,orca_call,1.2452843
138206,MARS_20160401_20160430_32kHz,MARS_20160430_021635_resampled_32kHz.wav,425.0,430.0,orca_call,0.3085183
138207,MARS_20160401_20160430_32kHz,MARS_20160430_021635_resampled_32kHz.wav,430.0,435.0,orca_call,0.73972666
138208,MARS_20160401_20160430_32kHz,MARS_20160430_021635_resampled_32kHz.wav,435.0,440.0,orca_call,0.07563344
138211,MARS_20160401_20160430_32kHz,MARS_20160430_021635_resampled_32kHz.wav,450.0,455.0,orca_call,0.8181162
138212,MARS_20160401_20160430_32kHz,MARS_20160430_021635_resampled_32kHz.wav,455.0,460.0,orca_call,3.247794
138216,MARS_20160401_20160430_32kHz,MARS_20160430_021635_resampled_32kHz.wav,475.0,480.0,orca_call,1.0738419
138219,MARS_20160401_20160430_32kHz,MARS_20160430_021635_resampled_32kHz.wav,490.0,495.0,orca_call,0.18823747
138223,MARS_20160401_20160430_32kHz,MARS_20160430_021635_resampled_32kHz.wav,510.0,515.0,orca_call,0.2587878
139062,MARS_20160401_20160430_32kHz,MARS_20160421_021645_resampled_32kHz.wav,505.0,510.0,orca_call,0.7187956
145187,MARS_20160401_20160430_32kHz,MARS_20160422_001119_resampled_32kHz.wav,530.0,535.0,orca_call,1.4481106
145197,MARS_20160401_20160430_32kHz,MARS_20160422_001119_resampled_32kHz.wav,580.0,585.0,orca_call,0.415146
147105,MARS_20160401_20160430_32kHz,MARS_20160408_060030_resampled_32kHz.wav,520.0,525.0,orca_call,1.0549841
148201,MARS_20160401_20160430_32kHz,MARS_20160414_063019_resampled_32kHz.wav,0.0,5.0,orca_call,1.7873394
148202,MARS_20160401_20160430_32kHz,MARS_20160414_063019_resampled_32kHz.wav,5.0,10.0,orca_call,2.6025133
148203,MARS_20160401_20160430_32kHz,MARS_20160414_063019_resampled_32kHz.wav,10.0,15.0,orca_call,2.047535
148208,MARS_20160401_20160430_32kHz,MARS_20160414_063019_resampled_32kHz.wav,35.0,40.0,orca_call,0.32195103
148209,MARS_20160401_20160430_32kHz,MARS_20160414_063019_resampled_32kHz.wav,40.0,45.0,orca_call,0.4950446
148212,MARS_20160401_20160430_32kHz,MARS_20160414_063019_resampled_32kHz.wav,55.0,60.0,orca_call,0.64776313
148226,MARS_20160401_20160430_32kHz,MARS_20160414_063019_resampled_32kHz.wav,125.0,130.0,orca_call,0.13730408
148228,MARS_20160401_20160430_32kHz,MARS_20160414_063019_resampled_32kHz.wav,135.0,140.0,orca_call,0.45941478
148282,MARS_20160401_20160430_32kHz,MARS_20160414_063019_resampled_32kHz.wav,405.0,410.0,orca_call,0.06784172
148292,MARS_20160401_20160430_32kHz,MARS_20160414_063019_resampled_32kHz.wav,455.0,460.0,orca_call,0.107545644
148297,MARS_20160401_20160430_32kHz,MARS_20160414_063019_resampled_32kHz.wav,480.0,485.0,orca_call,0.7813837
148302,MARS_20160401_20160430_32kHz,MARS_20160414_063019_resampled_32kHz.wav,505.0,510.0,orca_call,0.9717957
148314,MARS_20160401_20160430_32kHz,MARS_20160414_063019_resampled_32kHz.wav,565.0,570.0,orca_call,0.051988497
148317,MARS_20160401_20160430_32kHz,MARS_20160414_063019_resampled_32kHz.wav,580.0,585.0,orca_call,0.59426814
148318,MARS_20160401_20160430_32kHz,MARS_20160414_063019_resampled_32kHz.wav,585.0,590.0,orca_call,0.8135307
151268,MARS_20160401_20160430_32kHz,MARS_20160420_205710_resampled_32kHz.wav,335.0,340.0,orca_call,0.04991114
154654,MARS_20160401_20160430_32kHz,MARS_20160422_005119_resampled_32kHz.wav,465.0,470.0,orca_call,0.35602075
154655,MARS_20160401_20160430_32kHz,MARS_20160422_005119_resampled_32kHz.wav,470.0,475.0,orca_call,1.666418
154665,MARS_20160401_20160430_32kHz,MARS_20160422_005119_resampled_32kHz.wav,520.0,525.0,orca_call,1.6777755
156004,MARS_20160401_20160430_32kHz,MARS_20160427_182417_resampled_32kHz.wav,15.0,20.0,orca_call,0.95327055
156010,MARS_20160401_20160430_32kHz,MARS_20160427_182417_resampled_32kHz.wav,45.0,50.0,orca_call,2.085682
156147,MARS_20160401_20160430_32kHz,MARS_20160427_113418_resampled_32kHz.wav,130.0,135.0,orca_call,0.70247924
156154,MARS_20160401_20160430_32kHz,MARS_20160427_113418_resampled_32kHz.wav,165.0,170.0,orca_call,0.90863013
156155,MARS_20160401_20160430_32kHz,MARS_20160427_113418_resampled_32kHz.wav,170.0,175.0,orca_call,0.7492784
156158,MARS_20160401_20160430_32kHz,MARS_20160427_113418_resampled_32kHz.wav,185.0,190.0,orca_call,0.26652747
156161,MARS_20160401_20160430_32kHz,MARS_20160427_113418_resampled_32kHz.wav,200.0,205.0,orca_call,2.8486013
156179,MARS_20160401_20160430_32kHz,MARS_20160427_113418_resampled_32kHz.wav,290.0,295.0,orca_call,1.8677087
156185,MARS_20160401_20160430_32kHz,MARS_20160427_113418_resampled_32kHz.wav,320.0,325.0,orca_call,0.050789222
156187,MARS_20160401_20160430_32kHz,MARS_20160427_113418_resampled_32kHz.wav,330.0,335.0,orca_call,0.7499636
156188,MARS_20160401_20160430_32kHz,MARS_20160427_113418_resampled_32kHz.wav,335.0,340.0,orca_call,0.8915285
156192,MARS_20160401_20160430_32kHz,MARS_20160427_113418_resampled_32kHz.wav,355.0,360.0,orca_call,2.8088706
156193,MARS_20160401_20160430_32kHz,MARS_20160427_113418_resampled_32kHz.wav,360.0,365.0,orca_call,1.200327
156194,MARS_20160401_20160430_32kHz,MARS_20160427_113418_resampled_32kHz.wav,365.0,370.0,orca_call,2.2975335
156195,MARS_20160401_20160430_32kHz,MARS_20160427_113418_resampled_32kHz.wav,370.0,375.0,orca_call,1.7740816
156196,MARS_20160401_20160430_32kHz,MARS_20160427_113418_resampled_32kHz.wav,375.0,380.0,orca_call,1.421742
156198,MARS_20160401_20160430_32kHz,MARS_20160427_113418_resampled_32kHz.wav,385.0,390.0,orca_call,2.0050714
156203,MARS_20160401_20160430_32kHz,MARS_20160427_113418_resampled_32kHz.wav,410.0,415.0,orca_call,1.2322456
158881,MARS_20160401_20160430_32kHz,MARS_20160420_103712_resampled_32kHz.wav,0.0,5.0,orca_call,2.784611
158885,MARS_20160401_20160430_32kHz,MARS_20160420_103712_resampled_32kHz.wav,20.0,25.0,orca_call,2.992676
158893,MARS_20160401_20160430_32kHz,MARS_20160420_103712_resampled_32kHz.wav,60.0,65.0,orca_call,0.9959426
158899,MARS_20160401_20160430_32kHz,MARS_20160420_103712_resampled_32kHz.wav,90.0,95.0,orca_call,1.3366479
158902,MARS_20160401_20160430_32kHz,MARS_20160420_103712_resampled_32kHz.wav,105.0,110.0,orca_call,2.6256256
158904,MARS_20160401_20160430_32kHz,MARS_20160420_103712_resampled_32kHz.wav,115.0,120.0,orca_call,2.1509483
158908,MARS_20160401_20160430_32kHz,MARS_20160420_103712_resampled_32kHz.wav,135.0,140.0,orca_call,1.6815027
158909,MARS_20160401_20160430_32kHz,MARS_20160420_103712_resampled_32kHz.wav,140.0,145.0,orca_call,1.9271486
158921,MARS_20160401_20160430_32kHz,MARS_20160420_103712_resampled_32kHz.wav,200.0,205.0,orca_call,0.90575624
158941,MARS_20160401_20160430_32kHz,MARS_20160420_103712_resampled_32kHz.wav,300.0,305.0,orca_call,2.8171017
158946,MARS_20160401_20160430_32kHz,MARS_20160420_103712_resampled_32kHz.wav,325.0,330.0,orca_call,0.024799645
161182,MARS_20160401_20160430_32kHz,MARS_20160416_084017_resampled_32kHz.wav,105.0,110.0,orca_call,0.2889958
161216,MARS_20160401_20160430_32kHz,MARS_20160416_084017_resampled_32kHz.wav,275.0,280.0,orca_call,1.1713966
161228,MARS_20160401_20160430_32kHz,MARS_20160416_084017_resampled_32kHz.wav,335.0,340.0,orca_call,2.1009548
162696,MARS_20160401_20160430_32kHz,MARS_20160419_190715_resampled_32kHz.wav,475.0,480.0,orca_call,0.3200019
163323,MARS_20160401_20160430_32kHz,MARS_20160420_233645_resampled_32kHz.wav,10.0,15.0,orca_call,0.17794923
165046,MARS_20160401_20160430_32kHz,MARS_20160420_063713_resampled_32kHz.wav,225.0,230.0,orca_call,0.62487775
165049,MARS_20160401_20160430_32kHz,MARS_20160420_063713_resampled_32kHz.wav,240.0,245.0,orca_call,0.4895932
165060,MARS_20160401_20160430_32kHz,MARS_20160420_063713_resampled_32kHz.wav,295.0,300.0,orca_call,0.04779236
166810,MARS_20160401_20160430_32kHz,MARS_20160426_224419_resampled_32kHz.wav,45.0,50.0,orca_call,0.62136614
167050,MARS_20160401_20160430_32kHz,MARS_20160420_215710_resampled_32kHz.wav,45.0,50.0,orca_call,0.20504512
167260,MARS_20160401_20160430_32kHz,MARS_20160419_114716_resampled_32kHz.wav,495.0,500.0,orca_call,0.53351784
167266,MARS_20160401_20160430_32kHz,MARS_20160419_114716_resampled_32kHz.wav,525.0,530.0,orca_call,0.03572315
167269,MARS_20160401_20160430_32kHz,MARS_20160419_114716_resampled_32kHz.wav,540.0,545.0,orca_call,1.9562848
167270,MARS_20160401_20160430_32kHz,MARS_20160419_114716_resampled_32kHz.wav,545.0,550.0,orca_call,0.33489048
167935,MARS_20160401_20160430_32kHz,MARS_20160420_193710_resampled_32kHz.wav,270.0,275.0,orca_call,0.38315386
170528,MARS_20160401_20160430_32kHz,MARS_20160419_074716_resampled_32kHz.wav,35.0,40.0,orca_call,0.9434898
170531,MARS_20160401_20160430_32kHz,MARS_20160419_074716_resampled_32kHz.wav,50.0,55.0,orca_call,1.53028
170532,MARS_20160401_20160430_32kHz,MARS_20160419_074716_resampled_32kHz.wav,55.0,60.0,orca_call,1.0854533
170536,MARS_20160401_20160430_32kHz,MARS_20160419_074716_resampled_32kHz.wav,75.0,80.0,orca_call,0.28843397
170537,MARS_20160401_20160430_32kHz,MARS_20160419_074716_resampled_32kHz.wav,80.0,85.0,orca_call,1.6125367
170554,MARS_20160401_20160430_32kHz,MARS_20160419_074716_resampled_32kHz.wav,165.0,170.0,orca_call,2.1490865
170555,MARS_20160401_20160430_32kHz,MARS_20160419_074716_resampled_32kHz.wav,170.0,175.0,orca_call,2.1649745
170556,MARS_20160401_20160430_32kHz,MARS_20160419_074716_resampled_32kHz.wav,175.0,180.0,orca_call,1.062579
170557,MARS_20160401_20160430_32kHz,MARS_20160419_074716_resampled_32kHz.wav,180.0,185.0,orca_call,0.46204662
170562,MARS_20160401_20160430_32kHz,MARS_20160419_074716_resampled_32kHz.wav,205.0,210.0,orca_call,0.89798355
170568,MARS_20160401_20160430_32kHz,MARS_20160419_074716_resampled_32kHz.wav,235.0,240.0,orca_call,1.3731576
170570,MARS_20160401_20160430_32kHz,MARS_20160419_074716_resampled_32kHz.wav,245.0,250.0,orca_call,0.939574
170571,MARS_20160401_20160430_32kHz,MARS_20160419_074716_resampled_32kHz.wav,250.0,255.0,orca_call,2.8256228
170580,MARS_20160401_20160430_32kHz,MARS_20160419_074716_resampled_32kHz.wav,295.0,300.0,orca_call,1.4303055
170588,MARS_20160401_20160430_32kHz,MARS_20160419_074716_resampled_32kHz.wav,335.0,340.0,orca_call,0.07218243
170589,MARS_20160401_20160430_32kHz,MARS_20160419_074716_resampled_32kHz.wav,340.0,345.0,orca_call,0.56239915
170590,MARS_20160401_20160430_32kHz,MARS_20160419_074716_resampled_32kHz.wav,345.0,350.0,orca_call,2.1417122
170591,MARS_20160401_20160430_32kHz,MARS_20160419_074716_resampled_32kHz.wav,350.0,355.0,orca_call,1.5888602
170597,MARS_20160401_20160430_32kHz,MARS_20160419_074716_resampled_32kHz.wav,380.0,385.0,orca_call,1.7250324
170601,MARS_20160401_20160430_32kHz,MARS_20160419_074716_resampled_32kHz.wav,400.0,405.0,orca_call,1.1238949
170603,MARS_20160401_20160430_32kHz,MARS_20160419_074716_resampled_32kHz.wav,410.0,415.0,orca_call,0.65993565
170605,MARS_20160401_20160430_32kHz,MARS_20160419_074716_resampled_32kHz.wav,420.0,425.0,orca_call,2.3621533
170611,MARS_20160401_20160430_32kHz,MARS_20160419_074716_resampled_32kHz.wav,450.0,455.0,orca_call,0.6723589
170612,MARS_20160401_20160430_32kHz,MARS_20160419_074716_resampled_32kHz.wav,455.0,460.0,orca_call,1.0993501
170613,MARS_20160401_20160430_32kHz,MARS_20160419_074716_resampled_32kHz.wav,460.0,465.0,orca_call,2.4839673
170628,MARS_20160401_20160430_32kHz,MARS_20160419_074716_resampled_32kHz.wav,535.0,540.0,orca_call,3.275236
170634,MARS_20160401_20160430_32kHz,MARS_20160419_074716_resampled_32kHz.wav,565.0,570.0,orca_call,1.353942
170635,MARS_20160401_20160430_32kHz,MARS_20160419_074716_resampled_32kHz.wav,570.0,575.0,orca_call,1.5921079
170636,MARS_20160401_20160430_32kHz,MARS_20160419_074716_resampled_32kHz.wav,575.0,580.0,orca_call,2.1492941
170638,MARS_20160401_20160430_32kHz,MARS_20160419_074716_resampled_32kHz.wav,585.0,590.0,orca_call,3.1911874
170640,MARS_20160401_20160430_32kHz,MARS_20160419_074716_resampled_32kHz.wav,595.0,600.0,orca_call,2.5571182
171284,MARS_20160401_20160430_32kHz,MARS_20160412_165026_resampled_32kHz.wav,215.0,220.0,orca_call,0.031766355
171623,MARS_20160401_20160430_32kHz,MARS_20160408_101030_resampled_32kHz.wav,110.0,115.0,orca_call,0.5256347
171626,MARS_20160401_20160430_32kHz,MARS_20160408_101030_resampled_32kHz.wav,125.0,130.0,orca_call,0.7861161
172325,MARS_20160401_20160430_32kHz,MARS_20160419_071716_resampled_32kHz.wav,20.0,25.0,orca_call,2.36868
172326,MARS_20160401_20160430_32kHz,MARS_20160419_071716_resampled_32kHz.wav,25.0,30.0,orca_call,0.56799066
172328,MARS_20160401_20160430_32kHz,MARS_20160419_071716_resampled_32kHz.wav,35.0,40.0,orca_call,1.1423769
172336,MARS_20160401_20160430_32kHz,MARS_20160419_071716_resampled_32kHz.wav,75.0,80.0,orca_call,0.17080428
172341,MARS_20160401_20160430_32kHz,MARS_20160419_071716_resampled_32kHz.wav,100.0,105.0,orca_call,0.12999226
172343,MARS_20160401_20160430_32kHz,MARS_20160419_071716_resampled_32kHz.wav,110.0,115.0,orca_call,3.2261264
172344,MARS_20160401_20160430_32kHz,MARS_20160419_071716_resampled_32kHz.wav,115.0,120.0,orca_call,0.94882774
172345,MARS_20160401_20160430_32kHz,MARS_20160419_071716_resampled_32kHz.wav,120.0,125.0,orca_call,0.70534956
172347,MARS_20160401_20160430_32kHz,MARS_20160419_071716_resampled_32kHz.wav,130.0,135.0,orca_call,1.4041194
172353,MARS_20160401_20160430_32kHz,MARS_20160419_071716_resampled_32kHz.wav,160.0,165.0,orca_call,1.6623397
172354,MARS_20160401_20160430_32kHz,MARS_20160419_071716_resampled_32kHz.wav,165.0,170.0,orca_call,1.3226953
172355,MARS_20160401_20160430_32kHz,MARS_20160419_071716_resampled_32kHz.wav,170.0,175.0,orca_call,1.4889221
172358,MARS_20160401_20160430_32kHz,MARS_20160419_071716_resampled_32kHz.wav,185.0,190.0,orca_call,0.51603657
172359,MARS_20160401_20160430_32kHz,MARS_20160419_071716_resampled_32kHz.wav,190.0,195.0,orca_call,3.125011
172360,MARS_20160401_20160430_32kHz,MARS_20160419_071716_resampled_32kHz.wav,195.0,200.0,orca_call,1.2569026
172362,MARS_20160401_20160430_32kHz,MARS_20160419_071716_resampled_32kHz.wav,205.0,210.0,orca_call,2.1407278
172376,MARS_20160401_20160430_32kHz,MARS_20160419_071716_resampled_32kHz.wav,275.0,280.0,orca_call,0.8555393
172377,MARS_20160401_20160430_32kHz,MARS_20160419_071716_resampled_32kHz.wav,280.0,285.0,orca_call,0.73693234
172395,MARS_20160401_20160430_32kHz,MARS_20160419_071716_resampled_32kHz.wav,370.0,375.0,orca_call,0.3881448
172418,MARS_20160401_20160430_32kHz,MARS_20160419_071716_resampled_32kHz.wav,485.0,490.0,orca_call,1.2101889
175344,MARS_20160401_20160430_32kHz,MARS_20160422_002119_resampled_32kHz.wav,115.0,120.0,orca_call,1.1074753
176311,MARS_20160401_20160430_32kHz,MARS_20160420_081713_resampled_32kHz.wav,150.0,155.0,orca_call,1.3651876
176318,MARS_20160401_20160430_32kHz,MARS_20160420_081713_resampled_32kHz.wav,185.0,190.0,orca_call,0.058103755
176328,MARS_20160401_20160430_32kHz,MARS_20160420_081713_resampled_32kHz.wav,235.0,240.0,orca_call,0.18354131
176374,MARS_20160401_20160430_32kHz,MARS_20160420_081713_resampled_32kHz.wav,465.0,470.0,orca_call,0.786145
176380,MARS_20160401_20160430_32kHz,MARS_20160420_081713_resampled_32kHz.wav,495.0,500.0,orca_call,0.727081
176385,MARS_20160401_20160430_32kHz,MARS_20160420_081713_resampled_32kHz.wav,520.0,525.0,orca_call,0.22141097
178676,MARS_20160401_20160430_32kHz,MARS_20160421_024645_resampled_32kHz.wav,575.0,580.0,orca_call,1.0354011
180643,MARS_20160401_20160430_32kHz,MARS_20160403_130040_resampled_32kHz.wav,210.0,215.0,orca_call,0.4553619
180822,MARS_20160401_20160430_32kHz,MARS_20160414_070019_resampled_32kHz.wav,505.0,510.0,orca_call,0.10487755
183278,MARS_20160401_20160430_32kHz,MARS_20160421_194119_resampled_32kHz.wav,480.0,485.0,orca_call,1.0808127
183282,MARS_20160401_20160430_32kHz,MARS_20160421_194119_resampled_32kHz.wav,500.0,505.0,orca_call,0.8975558
183293,MARS_20160401_20160430_32kHz,MARS_20160421_194119_resampled_32kHz.wav,555.0,560.0,orca_call,2.4379756
183298,MARS_20160401_20160430_32kHz,MARS_20160421_194119_resampled_32kHz.wav,580.0,585.0,orca_call,1.1510314
187438,MARS_20160401_20160430_32kHz,MARS_20160427_112418_resampled_32kHz.wav,280.0,285.0,orca_call,3.0386035
187449,MARS_20160401_20160430_32kHz,MARS_20160427_112418_resampled_32kHz.wav,335.0,340.0,orca_call,0.9250653
189098,MARS_20160401_20160430_32kHz,MARS_20160403_184040_resampled_32kHz.wav,180.0,185.0,orca_call,0.28606534
189316,MARS_20160401_20160430_32kHz,MARS_20160419_154716_resampled_32kHz.wav,70.0,75.0,orca_call,0.081984594
193743,MARS_20160401_20160430_32kHz,MARS_20160420_090712_resampled_32kHz.wav,5.0,10.0,orca_call,1.9710855
193744,MARS_20160401_20160430_32kHz,MARS_20160420_090712_resampled_32kHz.wav,10.0,15.0,orca_call,1.1274483
193755,MARS_20160401_20160430_32kHz,MARS_20160420_090712_resampled_32kHz.wav,65.0,70.0,orca_call,1.0898241
193756,MARS_20160401_20160430_32kHz,MARS_20160420_090712_resampled_32kHz.wav,70.0,75.0,orca_call,1.220691
194595,MARS_20160401_20160430_32kHz,MARS_20160420_162711_resampled_32kHz.wav,65.0,70.0,orca_call,0.97963977
194598,MARS_20160401_20160430_32kHz,MARS_20160420_162711_resampled_32kHz.wav,80.0,85.0,orca_call,0.11035691
195016,MARS_20160401_20160430_32kHz,MARS_20160420_201710_resampled_32kHz.wav,370.0,375.0,orca_call,0.27190816
201828,MARS_20160401_20160430_32kHz,MARS_20160405_164038_resampled_32kHz.wav,75.0,80.0,orca_call,0.08634068
202859,MARS_20160401_20160430_32kHz,MARS_20160420_223710_resampled_32kHz.wav,430.0,435.0,orca_call,0.037220344
203244,MARS_20160401_20160430_32kHz,MARS_20160421_112120_resampled_32kHz.wav,555.0,560.0,orca_call,2.2807014
203248,MARS_20160401_20160430_32kHz,MARS_20160421_112120_resampled_32kHz.wav,575.0,580.0,orca_call,0.62966305
205357,MARS_20160401_20160430_32kHz,MARS_20160421_044913_resampled_32kHz.wav,270.0,275.0,orca_call,0.1530479
205548,MARS_20160401_20160430_32kHz,MARS_20160427_174417_resampled_32kHz.wav,25.0,30.0,orca_call,0.528203
205549,MARS_20160401_20160430_32kHz,MARS_20160427_174417_resampled_32kHz.wav,30.0,35.0,orca_call,3.590379
205554,MARS_20160401_20160430_32kHz,MARS_20160427_174417_resampled_32kHz.wav,55.0,60.0,orca_call,2.1701615
205556,MARS_20160401_20160430_32kHz,MARS_20160427_174417_resampled_32kHz.wav,65.0,70.0,orca_call,2.0508726
207763,MARS_20160401_20160430_32kHz,MARS_20160405_131038_resampled_32kHz.wav,300.0,305.0,orca_call,0.54864764
209632,MARS_20160401_20160430_32kHz,MARS_20160404_093039_resampled_32kHz.wav,45.0,50.0,orca_call,1.6169727
209645,MARS_20160401_20160430_32kHz,MARS_20160404_093039_resampled_32kHz.wav,110.0,115.0,orca_call,0.5731447
209649,MARS_20160401_20160430_32kHz,MARS_20160404_093039_resampled_32kHz.wav,130.0,135.0,orca_call,1.0484889
209651,MARS_20160401_20160430_32kHz,MARS_20160404_093039_resampled_32kHz.wav,140.0,145.0,orca_call,1.2790269
209652,MARS_20160401_20160430_32kHz,MARS_20160404_093039_resampled_32kHz.wav,145.0,150.0,orca_call,0.13732941
209654,MARS_20160401_20160430_32kHz,MARS_20160404_093039_resampled_32kHz.wav,155.0,160.0,orca_call,0.83406156
209655,MARS_20160401_20160430_32kHz,MARS_20160404_093039_resampled_32kHz.wav,160.0,165.0,orca_call,0.80762666
209659,MARS_20160401_20160430_32kHz,MARS_20160404_093039_resampled_32kHz.wav,180.0,185.0,orca_call,1.422201
209665,MARS_20160401_20160430_32kHz,MARS_20160404_093039_resampled_32kHz.wav,210.0,215.0,orca_call,0.4191445
209670,MARS_20160401_20160430_32kHz,MARS_20160404_093039_resampled_32kHz.wav,235.0,240.0,orca_call,0.5701541
209716,MARS_20160401_20160430_32kHz,MARS_20160404_093039_resampled_32kHz.wav,465.0,470.0,orca_call,1.7662914
211686,MARS_20160401_20160430_32kHz,MARS_20160420_054713_resampled_32kHz.wav,115.0,120.0,orca_call,1.7999895
211689,MARS_20160401_20160430_32kHz,MARS_20160420_054713_resampled_32kHz.wav,130.0,135.0,orca_call,0.35843343
211690,MARS_20160401_20160430_32kHz,MARS_20160420_054713_resampled_32kHz.wav,135.0,140.0,orca_call,0.14884047
212293,MARS_20160401_20160430_32kHz,MARS_20160421_001645_resampled_32kHz.wav,150.0,155.0,orca_call,1.9112115
213247,MARS_20160401_20160430_32kHz,MARS_20160421_135119_resampled_32kHz.wav,120.0,125.0,orca_call,1.1435033
213248,MARS_20160401_20160430_32kHz,MARS_20160421_135119_resampled_32kHz.wav,125.0,130.0,orca_call,0.6822232
215525,MARS_20160401_20160430_32kHz,MARS_20160419_094716_resampled_32kHz.wav,110.0,115.0,orca_call,1.4709668
215526,MARS_20160401_20160430_32kHz,MARS_20160419_094716_resampled_32kHz.wav,115.0,120.0,orca_call,1.1130661
218749,MARS_20160401_20160430_32kHz,MARS_20160420_085712_resampled_32kHz.wav,30.0,35.0,orca_call,1.6109424
218776,MARS_20160401_20160430_32kHz,MARS_20160420_085712_resampled_32kHz.wav,165.0,170.0,orca_call,0.28628713
218777,MARS_20160401_20160430_32kHz,MARS_20160420_085712_resampled_32kHz.wav,170.0,175.0,orca_call,1.2149369
218779,MARS_20160401_20160430_32kHz,MARS_20160420_085712_resampled_32kHz.wav,180.0,185.0,orca_call,1.3291293
218782,MARS_20160401_20160430_32kHz,MARS_20160420_085712_resampled_32kHz.wav,195.0,200.0,orca_call,1.7759486
218783,MARS_20160401_20160430_32kHz,MARS_20160420_085712_resampled_32kHz.wav,200.0,205.0,orca_call,2.375934
218784,MARS_20160401_20160430_32kHz,MARS_20160420_085712_resampled_32kHz.wav,205.0,210.0,orca_call,1.1204333
218793,MARS_20160401_20160430_32kHz,MARS_20160420_085712_resampled_32kHz.wav,250.0,255.0,orca_call,1.0018492
218800,MARS_20160401_20160430_32kHz,MARS_20160420_085712_resampled_32kHz.wav,285.0,290.0,orca_call,1.7457376
218841,MARS_20160401_20160430_32kHz,MARS_20160420_085712_resampled_32kHz.wav,490.0,495.0,orca_call,1.959152
218842,MARS_20160401_20160430_32kHz,MARS_20160420_085712_resampled_32kHz.wav,495.0,500.0,orca_call,1.2385719
218858,MARS_20160401_20160430_32kHz,MARS_20160420_085712_resampled_32kHz.wav,575.0,580.0,orca_call,1.2883176
222495,MARS_20160401_20160430_32kHz,MARS_20160416_104017_resampled_32kHz.wav,160.0,165.0,orca_call,2.4398453
222496,MARS_20160401_20160430_32kHz,MARS_20160416_104017_resampled_32kHz.wav,165.0,170.0,orca_call,2.1584864
222498,MARS_20160401_20160430_32kHz,MARS_20160416_104017_resampled_32kHz.wav,175.0,180.0,orca_call,0.42034644
222499,MARS_20160401_20160430_32kHz,MARS_20160416_104017_resampled_32kHz.wav,180.0,185.0,orca_call,3.4089093
222500,MARS_20160401_20160430_32kHz,MARS_20160416_104017_resampled_32kHz.wav,185.0,190.0,orca_call,3.0319822
222502,MARS_20160401_20160430_32kHz,MARS_20160416_104017_resampled_32kHz.wav,195.0,200.0,orca_call,2.46714
222504,MARS_20160401_20160430_32kHz,MARS_20160416_104017_resampled_32kHz.wav,205.0,210.0,orca_call,3.7631357
222505,MARS_20160401_20160430_32kHz,MARS_20160416_104017_resampled_32kHz.wav,210.0,215.0,orca_call,2.3980582
222506,MARS_20160401_20160430_32kHz,MARS_20160416_104017_resampled_32kHz.wav,215.0,220.0,orca_call,0.9347744
222511,MARS_20160401_20160430_32kHz,MARS_20160416_104017_resampled_32kHz.wav,240.0,245.0,orca_call,2.2031436
222512,MARS_20160401_20160430_32kHz,MARS_20160416_104017_resampled_32kHz.wav,245.0,250.0,orca_call,0.94966805
222517,MARS_20160401_20160430_32kHz,MARS_20160416_104017_resampled_32kHz.wav,270.0,275.0,orca_call,1.7486652
222519,MARS_20160401_20160430_32kHz,MARS_20160416_104017_resampled_32kHz.wav,280.0,285.0,orca_call,0.23804225
222520,MARS_20160401_20160430_32kHz,MARS_20160416_104017_resampled_32kHz.wav,285.0,290.0,orca_call,0.42577302
222528,MARS_20160401_20160430_32kHz,MARS_20160416_104017_resampled_32kHz.wav,325.0,330.0,orca_call,1.2570654
222532,MARS_20160401_20160430_32kHz,MARS_20160416_104017_resampled_32kHz.wav,345.0,350.0,orca_call,1.2785755
222533,MARS_20160401_20160430_32kHz,MARS_20160416_104017_resampled_32kHz.wav,350.0,355.0,orca_call,0.5387421
222534,MARS_20160401_20160430_32kHz,MARS_20160416_104017_resampled_32kHz.wav,355.0,360.0,orca_call,0.8159442
222535,MARS_20160401_20160430_32kHz,MARS_20160416_104017_resampled_32kHz.wav,360.0,365.0,orca_call,0.04930474
222537,MARS_20160401_20160430_32kHz,MARS_20160416_104017_resampled_32kHz.wav,370.0,375.0,orca_call,0.45806593
222542,MARS_20160401_20160430_32kHz,MARS_20160416_104017_resampled_32kHz.wav,395.0,400.0,orca_call,2.2168443
222543,MARS_20160401_20160430_32kHz,MARS_20160416_104017_resampled_32kHz.wav,400.0,405.0,orca_call,1.9214976
222561,MARS_20160401_20160430_32kHz,MARS_20160416_104017_resampled_32kHz.wav,490.0,495.0,orca_call,2.045326
222562,MARS_20160401_20160430_32kHz,MARS_20160416_104017_resampled_32kHz.wav,495.0,500.0,orca_call,2.8355489
222567,MARS_20160401_20160430_32kHz,MARS_20160416_104017_resampled_32kHz.wav,520.0,525.0,orca_call,0.4038006
222581,MARS_20160401_20160430_32kHz,MARS_20160416_104017_resampled_32kHz.wav,590.0,595.0,orca_call,0.2276157
225669,MARS_20160401_20160430_32kHz,MARS_20160420_213710_resampled_32kHz.wav,240.0,245.0,orca_call,0.6391394
225711,MARS_20160401_20160430_32kHz,MARS_20160420_213710_resampled_32kHz.wav,450.0,455.0,orca_call,1.3915732
231101,MARS_20160401_20160430_32kHz,MARS_20160419_210715_resampled_32kHz.wav,400.0,405.0,orca_call,0.50556046
231103,MARS_20160401_20160430_32kHz,MARS_20160419_210715_resampled_32kHz.wav,410.0,415.0,orca_call,1.0160722
231104,MARS_20160401_20160430_32kHz,MARS_20160419_210715_resampled_32kHz.wav,415.0,420.0,orca_call,0.057844177
231113,MARS_20160401_20160430_32kHz,MARS_20160419_210715_resampled_32kHz.wav,460.0,465.0,orca_call,2.3037615
231120,MARS_20160401_20160430_32kHz,MARS_20160419_210715_resampled_32kHz.wav,495.0,500.0,orca_call,0.88916266
231123,MARS_20160401_20160430_32kHz,MARS_20160419_210715_resampled_32kHz.wav,510.0,515.0,orca_call,0.90751684
231138,MARS_20160401_20160430_32kHz,MARS_20160419_210715_resampled_32kHz.wav,585.0,590.0,orca_call,0.57376295
235136,MARS_20160401_20160430_32kHz,MARS_20160419_120716_resampled_32kHz.wav,175.0,180.0,orca_call,0.44561708
241822,MARS_20160401_20160430_32kHz,MARS_20160419_075716_resampled_32kHz.wav,5.0,10.0,orca_call,4.350265
241824,MARS_20160401_20160430_32kHz,MARS_20160419_075716_resampled_32kHz.wav,15.0,20.0,orca_call,1.0926656
241834,MARS_20160401_20160430_32kHz,MARS_20160419_075716_resampled_32kHz.wav,65.0,70.0,orca_call,0.89058685
241843,MARS_20160401_20160430_32kHz,MARS_20160419_075716_resampled_32kHz.wav,110.0,115.0,orca_call,0.58771646
241869,MARS_20160401_20160430_32kHz,MARS_20160419_075716_resampled_32kHz.wav,240.0,245.0,orca_call,1.3662978
241872,MARS_20160401_20160430_32kHz,MARS_20160419_075716_resampled_32kHz.wav,255.0,260.0,orca_call,1.7009313
241877,MARS_20160401_20160430_32kHz,MARS_20160419_075716_resampled_32kHz.wav,280.0,285.0,orca_call,2.8480158
241886,MARS_20160401_20160430_32kHz,MARS_20160419_075716_resampled_32kHz.wav,325.0,330.0,orca_call,2.9637861
241887,MARS_20160401_20160430_32kHz,MARS_20160419_075716_resampled_32kHz.wav,330.0,335.0,orca_call,1.4284204
241888,MARS_20160401_20160430_32kHz,MARS_20160419_075716_resampled_32kHz.wav,335.0,340.0,orca_call,0.60140836
241900,MARS_20160401_20160430_32kHz,MARS_20160419_075716_resampled_32kHz.wav,395.0,400.0,orca_call,2.1037912
241918,MARS_20160401_20160430_32kHz,MARS_20160419_075716_resampled_32kHz.wav,485.0,490.0,orca_call,0.42460978
241930,MARS_20160401_20160430_32kHz,MARS_20160419_075716_resampled_32kHz.wav,545.0,550.0,orca_call,0.122465655
242638,MARS_20160401_20160430_32kHz,MARS_20160408_052030_resampled_32kHz.wav,485.0,490.0,orca_call,0.06029308
245886,MARS_20160401_20160430_32kHz,MARS_20160420_000715_resampled_32kHz.wav,525.0,530.0,orca_call,1.9018645
245891,MARS_20160401_20160430_32kHz,MARS_20160420_000715_resampled_32kHz.wav,550.0,555.0,orca_call,2.588131
245893,MARS_20160401_20160430_32kHz,MARS_20160420_000715_resampled_32kHz.wav,560.0,565.0,orca_call,1.349936
245894,MARS_20160401_20160430_32kHz,MARS_20160420_000715_resampled_32kHz.wav,565.0,570.0,orca_call,2.117912
245896,MARS_20160401_20160430_32kHz,MARS_20160420_000715_resampled_32kHz.wav,575.0,580.0,orca_call,1.2278348
245900,MARS_20160401_20160430_32kHz,MARS_20160420_000715_resampled_32kHz.wav,595.0,600.0,orca_call,2.4950228
249809,MARS_20160401_20160430_32kHz,MARS_20160419_214715_resampled_32kHz.wav,340.0,345.0,orca_call,0.0040365756
256121,MARS_20160401_20160430_32kHz,MARS_20160419_102716_resampled_32kHz.wav,100.0,105.0,orca_call,1.3131807
256126,MARS_20160401_20160430_32kHz,MARS_20160419_102716_resampled_32kHz.wav,125.0,130.0,orca_call,0.4930809
256128,MARS_20160401_20160430_32kHz,MARS_20160419_102716_resampled_32kHz.wav,135.0,140.0,orca_call,1.3238825
256129,MARS_20160401_20160430_32kHz,MARS_20160419_102716_resampled_32kHz.wav,140.0,145.0,orca_call,0.57083887
256153,MARS_20160401_20160430_32kHz,MARS_20160419_102716_resampled_32kHz.wav,260.0,265.0,orca_call,0.8792429
256154,MARS_20160401_20160430_32kHz,MARS_20160419_102716_resampled_32kHz.wav,265.0,270.0,orca_call,0.6056227
256156,MARS_20160401_20160430_32kHz,MARS_20160419_102716_resampled_32kHz.wav,275.0,280.0,orca_call,0.87457025
256157,MARS_20160401_20160430_32kHz,MARS_20160419_102716_resampled_32kHz.wav,280.0,285.0,orca_call,1.1126657
256159,MARS_20160401_20160430_32kHz,MARS_20160419_102716_resampled_32kHz.wav,290.0,295.0,orca_call,0.19382013
256184,MARS_20160401_20160430_32kHz,MARS_20160419_102716_resampled_32kHz.wav,415.0,420.0,orca_call,1.0974227
256954,MARS_20160401_20160430_32kHz,MARS_20160420_235645_resampled_32kHz.wav,65.0,70.0,orca_call,0.5162691
256966,MARS_20160401_20160430_32kHz,MARS_20160420_235645_resampled_32kHz.wav,125.0,130.0,orca_call,0.26633716
256985,MARS_20160401_20160430_32kHz,MARS_20160420_235645_resampled_32kHz.wav,220.0,225.0,orca_call,0.89473045
256996,MARS_20160401_20160430_32kHz,MARS_20160420_235645_resampled_32kHz.wav,275.0,280.0,orca_call,1.8362731
257032,MARS_20160401_20160430_32kHz,MARS_20160420_235645_resampled_32kHz.wav,455.0,460.0,orca_call,0.16792463
257442,MARS_20160401_20160430_32kHz,MARS_20160408_061030_resampled_32kHz.wav,105.0,110.0,orca_call,0.36261934
257449,MARS_20160401_20160430_32kHz,MARS_20160408_061030_resampled_32kHz.wav,140.0,145.0,orca_call,0.8961923
257587,MARS_20160401_20160430_32kHz,MARS_20160408_063030_resampled_32kHz.wav,230.0,235.0,orca_call,1.0807623
257641,MARS_20160401_20160430_32kHz,MARS_20160408_063030_resampled_32kHz.wav,500.0,505.0,orca_call,1.2393517
257645,MARS_20160401_20160430_32kHz,MARS_20160408_063030_resampled_32kHz.wav,520.0,525.0,orca_call,0.04247275
257652,MARS_20160401_20160430_32kHz,MARS_20160408_063030_resampled_32kHz.wav,555.0,560.0,orca_call,1.6036358
257754,MARS_20160401_20160430_32kHz,MARS_20160412_130026_resampled_32kHz.wav,465.0,470.0,orca_call,0.42655134
261140,MARS_20160401_20160430_32kHz,MARS_20160423_043024_resampled_32kHz.wav,595.0,600.0,orca_call,0.22041498
263763,MARS_20160401_20160430_32kHz,MARS_20160416_114017_resampled_32kHz.wav,510.0,515.0,orca_call,1.4941461
263765,MARS_20160401_20160430_32kHz,MARS_20160416_114017_resampled_32kHz.wav,520.0,525.0,orca_call,1.2966743
268283,MARS_20160401_20160430_32kHz,MARS_20160420_075713_resampled_32kHz.wav,25.0,30.0,orca_call,0.4021914
268288,MARS_20160401_20160430_32kHz,MARS_20160420_075713_resampled_32kHz.wav,50.0,55.0,orca_call,0.2746017
268295,MARS_20160401_20160430_32kHz,MARS_20160420_075713_resampled_32kHz.wav,85.0,90.0,orca_call,3.1394055
268297,MARS_20160401_20160430_32kHz,MARS_20160420_075713_resampled_32kHz.wav,95.0,100.0,orca_call,1.2429428
273947,MARS_20160401_20160430_32kHz,MARS_20160430_015635_resampled_32kHz.wav,145.0,150.0,orca_call,0.69621265
273948,MARS_20160401_20160430_32kHz,MARS_20160430_015635_resampled_32kHz.wav,150.0,155.0,orca_call,2.6701574
273949,MARS_20160401_20160430_32kHz,MARS_20160430_015635_resampled_32kHz.wav,155.0,160.0,orca_call,2.7225873
273950,MARS_20160401_20160430_32kHz,MARS_20160430_015635_resampled_32kHz.wav,160.0,165.0,orca_call,0.59425855
273951,MARS_20160401_20160430_32kHz,MARS_20160430_015635_resampled_32kHz.wav,165.0,170.0,orca_call,0.5258444
273964,MARS_20160401_20160430_32kHz,MARS_20160430_015635_resampled_32kHz.wav,230.0,235.0,orca_call,1.0928671
273998,MARS_20160401_20160430_32kHz,MARS_20160430_015635_resampled_32kHz.wav,400.0,405.0,orca_call,1.0368522
277252,MARS_20160401_20160430_32kHz,MARS_20160420_180710_resampled_32kHz.wav,470.0,475.0,orca_call,1.5037401
277605,MARS_20160401_20160430_32kHz,MARS_20160416_090017_resampled_32kHz.wav,435.0,440.0,orca_call,0.41367614
277607,MARS_20160401_20160430_32kHz,MARS_20160416_090017_resampled_32kHz.wav,445.0,450.0,orca_call,0.54858375
277608,MARS_20160401_20160430_32kHz,MARS_20160416_090017_resampled_32kHz.wav,450.0,455.0,orca_call,2.358236
277611,MARS_20160401_20160430_32kHz,MARS_20160416_090017_resampled_32kHz.wav,465.0,470.0,orca_call,0.45427954
277613,MARS_20160401_20160430_32kHz,MARS_20160416_090017_resampled_32kHz.wav,475.0,480.0,orca_call,0.15991099
277614,MARS_20160401_20160430_32kHz,MARS_20160416_090017_resampled_32kHz.wav,480.0,485.0,orca_call,1.2035754
277616,MARS_20160401_20160430_32kHz,MARS_20160416_090017_resampled_32kHz.wav,490.0,495.0,orca_call,2.0112584
277618,MARS_20160401_20160430_32kHz,MARS_20160416_090017_resampled_32kHz.wav,500.0,505.0,orca_call,0.22324614
277623,MARS_20160401_20160430_32kHz,MARS_20160416_090017_resampled_32kHz.wav,525.0,530.0,orca_call,0.2169948
277629,MARS_20160401_20160430_32kHz,MARS_20160416_090017_resampled_32kHz.wav,555.0,560.0,orca_call,1.4986552
277633,MARS_20160401_20160430_32kHz,MARS_20160416_090017_resampled_32kHz.wav,575.0,580.0,orca_call,0.050559774
277636,MARS_20160401_20160430_32kHz,MARS_20160416_090017_resampled_32kHz.wav,590.0,595.0,orca_call,0.77308947
279937,MARS_20160401_20160430_32kHz,MARS_20160419_090716_resampled_32kHz.wav,95.0,100.0,orca_call,0.23427938
279965,MARS_20160401_20160430_32kHz,MARS_20160419_090716_resampled_32kHz.wav,235.0,240.0,orca_call,0.17285253
279981,MARS_20160401_20160430_32kHz,MARS_20160419_090716_resampled_32kHz.wav,315.0,320.0,orca_call,0.56655717
280011,MARS_20160401_20160430_32kHz,MARS_20160419_090716_resampled_32kHz.wav,465.0,470.0,orca_call,0.32084358
280035,MARS_20160401_20160430_32kHz,MARS_20160419_090716_resampled_32kHz.wav,585.0,590.0,orca_call,0.09860985
280664,MARS_20160401_20160430_32kHz,MARS_20160419_062716_resampled_32kHz.wav,130.0,135.0,orca_call,0.057175577
280753,MARS_20160401_20160430_32kHz,MARS_20160419_062716_resampled_32kHz.wav,575.0,580.0,orca_call,0.12082605
282560,MARS_20160401_20160430_32kHz,MARS_20160420_191710_resampled_32kHz.wav,10.0,15.0,orca_call,0.46674675
282562,MARS_20160401_20160430_32kHz,MARS_20160420_191710_resampled_32kHz.wav,20.0,25.0,orca_call,0.5835541
282598,MARS_20160401_20160430_32kHz,MARS_20160420_191710_resampled_32kHz.wav,200.0,205.0,orca_call,0.18020354
282601,MARS_20160401_20160430_32kHz,MARS_20160420_191710_resampled_32kHz.wav,215.0,220.0,orca_call,0.8856709
284839,MARS_20160401_20160430_32kHz,MARS_20160419_092716_resampled_32kHz.wav,5.0,10.0,orca_call,1.4503231
284849,MARS_20160401_20160430_32kHz,MARS_20160419_092716_resampled_32kHz.wav,55.0,60.0,orca_call,0.15863313
284850,MARS_20160401_20160430_32kHz,MARS_20160419_092716_resampled_32kHz.wav,60.0,65.0,orca_call,0.39553535
284852,MARS_20160401_20160430_32kHz,MARS_20160419_092716_resampled_32kHz.wav,70.0,75.0,orca_call,1.4850023
284855,MARS_20160401_20160430_32kHz,MARS_20160419_092716_resampled_32kHz.wav,85.0,90.0,orca_call,0.2775333
284868,MARS_20160401_20160430_32kHz,MARS_20160419_092716_resampled_32kHz.wav,150.0,155.0,orca_call,0.9020059
284870,MARS_20160401_20160430_32kHz,MARS_20160419_092716_resampled_32kHz.wav,160.0,165.0,orca_call,0.070893005
284873,MARS_20160401_20160430_32kHz,MARS_20160419_092716_resampled_32kHz.wav,175.0,180.0,orca_call,0.9075024
284875,MARS_20160401_20160430_32kHz,MARS_20160419_092716_resampled_32kHz.wav,185.0,190.0,orca_call,1.344445
284877,MARS_20160401_20160430_32kHz,MARS_20160419_092716_resampled_32kHz.wav,195.0,200.0,orca_call,1.0312648
284894,MARS_20160401_20160430_32kHz,MARS_20160419_092716_resampled_32kHz.wav,280.0,285.0,orca_call,2.4943862
284895,MARS_20160401_20160430_32kHz,MARS_20160419_092716_resampled_32kHz.wav,285.0,290.0,orca_call,2.2479668
284896,MARS_20160401_20160430_32kHz,MARS_20160419_092716_resampled_32kHz.wav,290.0,295.0,orca_call,2.9503798
284899,MARS_20160401_20160430_32kHz,MARS_20160419_092716_resampled_32kHz.wav,305.0,310.0,orca_call,0.85145485
284909,MARS_20160401_20160430_32kHz,MARS_20160419_092716_resampled_32kHz.wav,355.0,360.0,orca_call,0.71454287
284914,MARS_20160401_20160430_32kHz,MARS_20160419_092716_resampled_32kHz.wav,380.0,385.0,orca_call,2.047239
284917,MARS_20160401_20160430_32kHz,MARS_20160419_092716_resampled_32kHz.wav,395.0,400.0,orca_call,1.4396231
284920,MARS_20160401_20160430_32kHz,MARS_20160419_092716_resampled_32kHz.wav,410.0,415.0,orca_call,0.10272737
284924,MARS_20160401_20160430_32kHz,MARS_20160419_092716_resampled_32kHz.wav,430.0,435.0,orca_call,1.2903037
284927,MARS_20160401_20160430_32kHz,MARS_20160419_092716_resampled_32kHz.wav,445.0,450.0,orca_call,0.013963059
284928,MARS_20160401_20160430_32kHz,MARS_20160419_092716_resampled_32kHz.wav,450.0,455.0,orca_call,1.7386639
284929,MARS_20160401_20160430_32kHz,MARS_20160419_092716_resampled_32kHz.wav,455.0,460.0,orca_call,0.6129593
284933,MARS_20160401_20160430_32kHz,MARS_20160419_092716_resampled_32kHz.wav,475.0,480.0,orca_call,0.6874377
284934,MARS_20160401_20160430_32kHz,MARS_20160419_092716_resampled_32kHz.wav,480.0,485.0,orca_call,2.8446229
284939,MARS_20160401_20160430_32kHz,MARS_20160419_092716_resampled_32kHz.wav,505.0,510.0,orca_call,1.4706537
284942,MARS_20160401_20160430_32kHz,MARS_20160419_092716_resampled_32kHz.wav,520.0,525.0,orca_call,0.6670987
284946,MARS_20160401_20160430_32kHz,MARS_20160419_092716_resampled_32kHz.wav,540.0,545.0,orca_call,2.010988
284947,MARS_20160401_20160430_32kHz,MARS_20160419_092716_resampled_32kHz.wav,545.0,550.0,orca_call,2.2461765
284949,MARS_20160401_20160430_32kHz,MARS_20160419_092716_resampled_32kHz.wav,555.0,560.0,orca_call,1.1108122
284951,MARS_20160401_20160430_32kHz,MARS_20160419_092716_resampled_32kHz.wav,565.0,570.0,orca_call,1.2403344
284955,MARS_20160401_20160430_32kHz,MARS_20160419_092716_resampled_32kHz.wav,585.0,590.0,orca_call,0.5364137
298993,MARS_20160401_20160430_32kHz,MARS_20160419_231715_resampled_32kHz.wav,10.0,15.0,orca_call,0.31704915
299004,MARS_20160401_20160430_32kHz,MARS_20160419_231715_resampled_32kHz.wav,65.0,70.0,orca_call,1.7713392
299081,MARS_20160401_20160430_32kHz,MARS_20160419_231715_resampled_32kHz.wav,450.0,455.0,orca_call,1.0668727
299087,MARS_20160401_20160430_32kHz,MARS_20160419_231715_resampled_32kHz.wav,480.0,485.0,orca_call,1.0482053
299093,MARS_20160401_20160430_32kHz,MARS_20160419_231715_resampled_32kHz.wav,510.0,515.0,orca_call,0.65718013
299100,MARS_20160401_20160430_32kHz,MARS_20160419_231715_resampled_32kHz.wav,545.0,550.0,orca_call,1.5299404
302487,MARS_20160401_20160430_32kHz,MARS_20160419_082716_resampled_32kHz.wav,80.0,85.0,orca_call,0.18836628
302495,MARS_20160401_20160430_32kHz,MARS_20160419_082716_resampled_32kHz.wav,120.0,125.0,orca_call,0.071730494
302547,MARS_20160401_20160430_32kHz,MARS_20160419_082716_resampled_32kHz.wav,380.0,385.0,orca_call,0.27764857
302548,MARS_20160401_20160430_32kHz,MARS_20160419_082716_resampled_32kHz.wav,385.0,390.0,orca_call,0.41892338
302556,MARS_20160401_20160430_32kHz,MARS_20160419_082716_resampled_32kHz.wav,425.0,430.0,orca_call,0.036647394
302557,MARS_20160401_20160430_32kHz,MARS_20160419_082716_resampled_32kHz.wav,430.0,435.0,orca_call,1.4839122
302561,MARS_20160401_20160430_32kHz,MARS_20160419_082716_resampled_32kHz.wav,450.0,455.0,orca_call,1.8046418
302562,MARS_20160401_20160430_32kHz,MARS_20160419_082716_resampled_32kHz.wav,455.0,460.0,orca_call,1.2585893
302563,MARS_20160401_20160430_32kHz,MARS_20160419_082716_resampled_32kHz.wav,460.0,465.0,orca_call,1.3075093
302565,MARS_20160401_20160430_32kHz,MARS_20160419_082716_resampled_32kHz.wav,470.0,475.0,orca_call,0.5347904
302566,MARS_20160401_20160430_32kHz,MARS_20160419_082716_resampled_32kHz.wav,475.0,480.0,orca_call,1.6852937
302568,MARS_20160401_20160430_32kHz,MARS_20160419_082716_resampled_32kHz.wav,485.0,490.0,orca_call,0.5462885
302572,MARS_20160401_20160430_32kHz,MARS_20160419_082716_resampled_32kHz.wav,505.0,510.0,orca_call,2.099578
302575,MARS_20160401_20160430_32kHz,MARS_20160419_082716_resampled_32kHz.wav,520.0,525.0,orca_call,2.3272748
302579,MARS_20160401_20160430_32kHz,MARS_20160419_082716_resampled_32kHz.wav,540.0,545.0,orca_call,1.9685848
302581,MARS_20160401_20160430_32kHz,MARS_20160419_082716_resampled_32kHz.wav,550.0,555.0,orca_call,1.7641845
302583,MARS_20160401_20160430_32kHz,MARS_20160419_082716_resampled_32kHz.wav,560.0,565.0,orca_call,0.25788927
302587,MARS_20160401_20160430_32kHz,MARS_20160419_082716_resampled_32kHz.wav,580.0,585.0,orca_call,0.9692154
302588,MARS_20160401_20160430_32kHz,MARS_20160419_082716_resampled_32kHz.wav,585.0,590.0,orca_call,1.1226923
303160,MARS_20160401_20160430_32kHz,MARS_20160419_122716_resampled_32kHz.wav,445.0,450.0,orca_call,1.0402583
303161,MARS_20160401_20160430_32kHz,MARS_20160419_122716_resampled_32kHz.wav,450.0,455.0,orca_call,0.017202944
305681,MARS_20160401_20160430_32kHz,MARS_20160413_173020_resampled_32kHz.wav,450.0,455.0,orca_call,0.24269585
307083,MARS_20160401_20160430_32kHz,MARS_20160419_012716_resampled_32kHz.wav,260.0,265.0,orca_call,0.18461911
307135,MARS_20160401_20160430_32kHz,MARS_20160419_012716_resampled_32kHz.wav,520.0,525.0,orca_call,0.031836197
310075,MARS_20160401_20160430_32kHz,MARS_20160419_040716_resampled_32kHz.wav,220.0,225.0,orca_call,0.022277072
310097,MARS_20160401_20160430_32kHz,MARS_20160419_040716_resampled_32kHz.wav,330.0,335.0,orca_call,2.667834
313050,MARS_20160401_20160430_32kHz,MARS_20160419_085716_resampled_32kHz.wav,95.0,100.0,orca_call,0.42332482
313087,MARS_20160401_20160430_32kHz,MARS_20160419_085716_resampled_32kHz.wav,280.0,285.0,orca_call,0.48634124
313095,MARS_20160401_20160430_32kHz,MARS_20160419_085716_resampled_32kHz.wav,320.0,325.0,orca_call,0.02477236
313142,MARS_20160401_20160430_32kHz,MARS_20160419_085716_resampled_32kHz.wav,555.0,560.0,orca_call,1.0276266
313146,MARS_20160401_20160430_32kHz,MARS_20160419_085716_resampled_32kHz.wav,575.0,580.0,orca_call,0.9467124
315385,MARS_20160401_20160430_32kHz,MARS_20160419_015716_resampled_32kHz.wav,240.0,245.0,orca_call,0.24856861
315386,MARS_20160401_20160430_32kHz,MARS_20160419_015716_resampled_32kHz.wav,245.0,250.0,orca_call,0.1847813
319785,MARS_20160401_20160430_32kHz,MARS_20160420_080713_resampled_32kHz.wav,40.0,45.0,orca_call,0.68557185
319790,MARS_20160401_20160430_32kHz,MARS_20160420_080713_resampled_32kHz.wav,65.0,70.0,orca_call,1.5463684
319795,MARS_20160401_20160430_32kHz,MARS_20160420_080713_resampled_32kHz.wav,90.0,95.0,orca_call,0.91329944
319854,MARS_20160401_20160430_32kHz,MARS_20160420_080713_resampled_32kHz.wav,385.0,390.0,orca_call,0.7420225
333022,MARS_20160401_20160430_32kHz,MARS_20160419_101716_resampled_32kHz.wav,225.0,230.0,orca_call,1.5936587
336860,MARS_20160401_20160430_32kHz,MARS_20160414_045019_resampled_32kHz.wav,215.0,220.0,orca_call,0.64741856
339986,MARS_20160401_20160430_32kHz,MARS_20160404_150039_resampled_32kHz.wav,245.0,250.0,orca_call,0.16569091
339992,MARS_20160401_20160430_32kHz,MARS_20160404_150039_resampled_32kHz.wav,275.0,280.0,orca_call,4.138847
339993,MARS_20160401_20160430_32kHz,MARS_20160404_150039_resampled_32kHz.wav,280.0,285.0,orca_call,3.5767827
339994,MARS_20160401_20160430_32kHz,MARS_20160404_150039_resampled_32kHz.wav,285.0,290.0,orca_call,2.197196
339995,MARS_20160401_20160430_32kHz,MARS_20160404_150039_resampled_32kHz.wav,290.0,295.0,orca_call,3.6146195
339997,MARS_20160401_20160430_32kHz,MARS_20160404_150039_resampled_32kHz.wav,300.0,305.0,orca_call,0.035196677
339998,MARS_20160401_20160430_32kHz,MARS_20160404_150039_resampled_32kHz.wav,305.0,310.0,orca_call,3.6441815
340000,MARS_20160401_20160430_32kHz,MARS_20160404_150039_resampled_32kHz.wav,315.0,320.0,orca_call,3.208019
340001,MARS_20160401_20160430_32kHz,MARS_20160404_150039_resampled_32kHz.wav,320.0,325.0,orca_call,2.5754828
340002,MARS_20160401_20160430_32kHz,MARS_20160404_150039_resampled_32kHz.wav,325.0,330.0,orca_call,2.7279043
340004,MARS_20160401_20160430_32kHz,MARS_20160404_150039_resampled_32kHz.wav,335.0,340.0,orca_call,1.974127
340006,MARS_20160401_20160430_32kHz,MARS_20160404_150039_resampled_32kHz.wav,345.0,350.0,orca_call,3.0820417
340007,MARS_20160401_20160430_32kHz,MARS_20160404_150039_resampled_32kHz.wav,350.0,355.0,orca_call,1.0393789
340010,MARS_20160401_20160430_32kHz,MARS_20160404_150039_resampled_32kHz.wav,365.0,370.0,orca_call,0.71687573
340011,MARS_20160401_20160430_32kHz,MARS_20160404_150039_resampled_32kHz.wav,370.0,375.0,orca_call,2.5555577
340013,MARS_20160401_20160430_32kHz,MARS_20160404_150039_resampled_32kHz.wav,380.0,385.0,orca_call,4.032351
340014,MARS_20160401_20160430_32kHz,MARS_20160404_150039_resampled_32kHz.wav,385.0,390.0,orca_call,3.1478038
340015,MARS_20160401_20160430_32kHz,MARS_20160404_150039_resampled_32kHz.wav,390.0,395.0,orca_call,2.997808
340016,MARS_20160401_20160430_32kHz,MARS_20160404_150039_resampled_32kHz.wav,395.0,400.0,orca_call,0.32591587
340018,MARS_20160401_20160430_32kHz,MARS_20160404_150039_resampled_32kHz.wav,405.0,410.0,orca_call,2.8893933
340020,MARS_20160401_20160430_32kHz,MARS_20160404_150039_resampled_32kHz.wav,415.0,420.0,orca_call,0.9909791
340021,MARS_20160401_20160430_32kHz,MARS_20160404_150039_resampled_32kHz.wav,420.0,425.0,orca_call,0.23747723
340022,MARS_20160401_20160430_32kHz,MARS_20160404_150039_resampled_32kHz.wav,425.0,430.0,orca_call,0.6264122
340023,MARS_20160401_20160430_32kHz,MARS_20160404_150039_resampled_32kHz.wav,430.0,435.0,orca_call,2.019534
340024,MARS_20160401_20160430_32kHz,MARS_20160404_150039_resampled_32kHz.wav,435.0,440.0,orca_call,1.8368776
340027,MARS_20160401_20160430_32kHz,MARS_20160404_150039_resampled_32kHz.wav,450.0,455.0,orca_call,2.7797253
340028,MARS_20160401_20160430_32kHz,MARS_20160404_150039_resampled_32kHz.wav,455.0,460.0,orca_call,0.08135842
340029,MARS_20160401_20160430_32kHz,MARS_20160404_150039_resampled_32kHz.wav,460.0,465.0,orca_call,2.5910792
340032,MARS_20160401_20160430_32kHz,MARS_20160404_150039_resampled_32kHz.wav,475.0,480.0,orca_call,2.5120306
340034,MARS_20160401_20160430_32kHz,MARS_20160404_150039_resampled_32kHz.wav,485.0,490.0,orca_call,1.7746756
340038,MARS_20160401_20160430_32kHz,MARS_20160404_150039_resampled_32kHz.wav,505.0,510.0,orca_call,4.058897
340039,MARS_20160401_20160430_32kHz,MARS_20160404_150039_resampled_32kHz.wav,510.0,515.0,orca_call,0.22163011
340044,MARS_20160401_20160430_32kHz,MARS_20160404_150039_resampled_32kHz.wav,535.0,540.0,orca_call,1.5227861
340045,MARS_20160401_20160430_32kHz,MARS_20160404_150039_resampled_32kHz.wav,540.0,545.0,orca_call,1.9677253
340046,MARS_20160401_20160430_32kHz,MARS_20160404_150039_resampled_32kHz.wav,545.0,550.0,orca_call,1.0288553
340048,MARS_20160401_20160430_32kHz,MARS_20160404_150039_resampled_32kHz.wav,555.0,560.0,orca_call,2.1341355
340050,MARS_20160401_20160430_32kHz,MARS_20160404_150039_resampled_32kHz.wav,565.0,570.0,orca_call,2.8648381
340054,MARS_20160401_20160430_32kHz,MARS_20160404_150039_resampled_32kHz.wav,585.0,590.0,orca_call,1.2884331
340055,MARS_20160401_20160430_32kHz,MARS_20160404_150039_resampled_32kHz.wav,590.0,595.0,orca_call,4.3016825
340056,MARS_20160401_20160430_32kHz,MARS_20160404_150039_resampled_32kHz.wav,595.0,600.0,orca_call,2.4169827
340805,MARS_20160401_20160430_32kHz,MARS_20160420_225710_resampled_32kHz.wav,140.0,145.0,orca_call,0.95476615
340808,MARS_20160401_20160430_32kHz,MARS_20160420_225710_resampled_32kHz.wav,155.0,160.0,orca_call,0.1745206
340819,MARS_20160401_20160430_32kHz,MARS_20160420_225710_resampled_32kHz.wav,210.0,215.0,orca_call,1.1517732
340824,MARS_20160401_20160430_32kHz,MARS_20160420_225710_resampled_32kHz.wav,235.0,240.0,orca_call,0.72649944
340825,MARS_20160401_20160430_32kHz,MARS_20160420_225710_resampled_32kHz.wav,240.0,245.0,orca_call,0.93477714
340831,MARS_20160401_20160430_32kHz,MARS_20160420_225710_resampled_32kHz.wav,270.0,275.0,orca_call,0.7678764
340873,MARS_20160401_20160430_32kHz,MARS_20160420_225710_resampled_32kHz.wav,480.0,485.0,orca_call,1.223028
341997,MARS_20160401_20160430_32kHz,MARS_20160406_080035_resampled_32kHz.wav,100.0,105.0,orca_call,0.6317704
342004,MARS_20160401_20160430_32kHz,MARS_20160406_080035_resampled_32kHz.wav,135.0,140.0,orca_call,0.5175262
342009,MARS_20160401_20160430_32kHz,MARS_20160406_080035_resampled_32kHz.wav,160.0,165.0,orca_call,1.3554744
344267,MARS_20160401_20160430_32kHz,MARS_20160419_211715_resampled_32kHz.wav,50.0,55.0,orca_call,0.8279933
344270,MARS_20160401_20160430_32kHz,MARS_20160419_211715_resampled_32kHz.wav,65.0,70.0,orca_call,1.6872233
344272,MARS_20160401_20160430_32kHz,MARS_20160419_211715_resampled_32kHz.wav,75.0,80.0,orca_call,1.6790745
344274,MARS_20160401_20160430_32kHz,MARS_20160419_211715_resampled_32kHz.wav,85.0,90.0,orca_call,2.3669448
344286,MARS_20160401_20160430_32kHz,MARS_20160419_211715_resampled_32kHz.wav,145.0,150.0,orca_call,1.7297862
344289,MARS_20160401_20160430_32kHz,MARS_20160419_211715_resampled_32kHz.wav,160.0,165.0,orca_call,0.9299016
344296,MARS_20160401_20160430_32kHz,MARS_20160419_211715_resampled_32kHz.wav,195.0,200.0,orca_call,0.38558316
344300,MARS_20160401_20160430_32kHz,MARS_20160419_211715_resampled_32kHz.wav,215.0,220.0,orca_call,1.31448
344301,MARS_20160401_20160430_32kHz,MARS_20160419_211715_resampled_32kHz.wav,220.0,225.0,orca_call,1.8394434
344308,MARS_20160401_20160430_32kHz,MARS_20160419_211715_resampled_32kHz.wav,255.0,260.0,orca_call,0.7209125
344309,MARS_20160401_20160430_32kHz,MARS_20160419_211715_resampled_32kHz.wav,260.0,265.0,orca_call,0.87647057
344311,MARS_20160401_20160430_32kHz,MARS_20160419_211715_resampled_32kHz.wav,270.0,275.0,orca_call,2.8564472
344315,MARS_20160401_20160430_32kHz,MARS_20160419_211715_resampled_32kHz.wav,290.0,295.0,orca_call,1.1916846
344323,MARS_20160401_20160430_32kHz,MARS_20160419_211715_resampled_32kHz.wav,330.0,335.0,orca_call,1.5514958
344325,MARS_20160401_20160430_32kHz,MARS_20160419_211715_resampled_32kHz.wav,340.0,345.0,orca_call,0.4192621
344327,MARS_20160401_20160430_32kHz,MARS_20160419_211715_resampled_32kHz.wav,350.0,355.0,orca_call,1.0014029
344335,MARS_20160401_20160430_32kHz,MARS_20160419_211715_resampled_32kHz.wav,390.0,395.0,orca_call,0.8540901
345292,MARS_20160401_20160430_32kHz,MARS_20160413_133021_resampled_32kHz.wav,375.0,380.0,orca_call,1.5539885
347544,MARS_20160401_20160430_32kHz,MARS_20160414_071019_resampled_32kHz.wav,410.0,415.0,orca_call,0.97232485
351744,MARS_20160401_20160430_32kHz,MARS_20160418_013015_resampled_32kHz.wav,480.0,485.0,orca_call,0.809039
351746,MARS_20160401_20160430_32kHz,MARS_20160418_013015_resampled_32kHz.wav,490.0,495.0,orca_call,0.98412037
351747,MARS_20160401_20160430_32kHz,MARS_20160418_013015_resampled_32kHz.wav,495.0,500.0,orca_call,2.7857869
352641,MARS_20160401_20160430_32kHz,MARS_20160408_043030_resampled_32kHz.wav,165.0,170.0,orca_call,0.24576639
353955,MARS_20160401_20160430_32kHz,MARS_20160420_073713_resampled_32kHz.wav,135.0,140.0,orca_call,1.3237405
353986,MARS_20160401_20160430_32kHz,MARS_20160420_073713_resampled_32kHz.wav,290.0,295.0,orca_call,0.41600108
354004,MARS_20160401_20160430_32kHz,MARS_20160420_073713_resampled_32kHz.wav,380.0,385.0,orca_call,0.7871092
354018,MARS_20160401_20160430_32kHz,MARS_20160420_073713_resampled_32kHz.wav,450.0,455.0,orca_call,0.5820377
356216,MARS_20160401_20160430_32kHz,MARS_20160427_101418_resampled_32kHz.wav,40.0,45.0,orca_call,0.19601907
356218,MARS_20160401_20160430_32kHz,MARS_20160427_101418_resampled_32kHz.wav,50.0,55.0,orca_call,2.181524
364862,MARS_20160401_20160430_32kHz,MARS_20160427_093418_resampled_32kHz.wav,70.0,75.0,orca_call,0.060145363
364927,MARS_20160401_20160430_32kHz,MARS_20160427_093418_resampled_32kHz.wav,395.0,400.0,orca_call,2.4214602
364931,MARS_20160401_20160430_32kHz,MARS_20160427_093418_resampled_32kHz.wav,415.0,420.0,orca_call,1.3989375
366948,MARS_20160401_20160430_32kHz,MARS_20160419_121716_resampled_32kHz.wav,300.0,305.0,orca_call,0.036917463
374615,MARS_20160401_20160430_32kHz,MARS_20160420_104712_resampled_32kHz.wav,235.0,240.0,orca_call,0.44632703
375301,MARS_20160401_20160430_32kHz,MARS_20160420_182710_resampled_32kHz.wav,65.0,70.0,orca_call,0.08175112
378056,MARS_20160401_20160430_32kHz,MARS_20160420_084712_resampled_32kHz.wav,40.0,45.0,orca_call,0.029871449
378091,MARS_20160401_20160430_32kHz,MARS_20160420_084712_resampled_32kHz.wav,215.0,220.0,orca_call,0.40520787
378092,MARS_20160401_20160430_32kHz,MARS_20160420_084712_resampled_32kHz.wav,220.0,225.0,orca_call,2.5141842
378094,MARS_20160401_20160430_32kHz,MARS_20160420_084712_resampled_32kHz.wav,230.0,235.0,orca_call,0.7572157
378096,MARS_20160401_20160430_32kHz,MARS_20160420_084712_resampled_32kHz.wav,240.0,245.0,orca_call,0.1106924
378102,MARS_20160401_20160430_32kHz,MARS_20160420_084712_resampled_32kHz.wav,270.0,275.0,orca_call,0.09714529
378151,MARS_20160401_20160430_32kHz,MARS_20160420_084712_resampled_32kHz.wav,515.0,520.0,orca_call,1.7391596
378153,MARS_20160401_20160430_32kHz,MARS_20160420_084712_resampled_32kHz.wav,525.0,530.0,orca_call,0.34487224
379795,MARS_20160401_20160430_32kHz,MARS_20160420_064713_resampled_32kHz.wav,335.0,340.0,orca_call,1.5299014
379802,MARS_20160401_20160430_32kHz,MARS_20160420_064713_resampled_32kHz.wav,370.0,375.0,orca_call,1.3717642
379845,MARS_20160401_20160430_32kHz,MARS_20160420_064713_resampled_32kHz.wav,585.0,590.0,orca_call,1.6817987
380040,MARS_20160401_20160430_32kHz,MARS_20160421_003645_resampled_32kHz.wav,360.0,365.0,orca_call,0.22838332
385264,MARS_20160401_20160430_32kHz,MARS_20160420_105712_resampled_32kHz.wav,145.0,150.0,orca_call,0.4956215
385267,MARS_20160401_20160430_32kHz,MARS_20160420_105712_resampled_32kHz.wav,160.0,165.0,orca_call,1.1156672
391388,MARS_20160401_20160430_32kHz,MARS_20160420_094712_resampled_32kHz.wav,165.0,170.0,orca_call,0.47962642
391460,MARS_20160401_20160430_32kHz,MARS_20160420_094712_resampled_32kHz.wav,525.0,530.0,orca_call,1.0577202
391461,MARS_20160401_20160430_32kHz,MARS_20160420_094712_resampled_32kHz.wav,530.0,535.0,orca_call,0.52913946
394716,MARS_20160401_20160430_32kHz,MARS_20160405_184038_resampled_32kHz.wav,5.0,10.0,orca_call,0.6795596
394718,MARS_20160401_20160430_32kHz,MARS_20160405_184038_resampled_32kHz.wav,15.0,20.0,orca_call,2.0800903
394719,MARS_20160401_20160430_32kHz,MARS_20160405_184038_resampled_32kHz.wav,20.0,25.0,orca_call,0.6514252
394720,MARS_20160401_20160430_32kHz,MARS_20160405_184038_resampled_32kHz.wav,25.0,30.0,orca_call,1.2047408
394721,MARS_20160401_20160430_32kHz,MARS_20160405_184038_resampled_32kHz.wav,30.0,35.0,orca_call,1.0618609
394723,MARS_20160401_20160430_32kHz,MARS_20160405_184038_resampled_32kHz.wav,40.0,45.0,orca_call,0.6280823
394726,MARS_20160401_20160430_32kHz,MARS_20160405_184038_resampled_32kHz.wav,55.0,60.0,orca_call,2.0988019
394728,MARS_20160401_20160430_32kHz,MARS_20160405_184038_resampled_32kHz.wav,65.0,70.0,orca_call,1.0540416
394729,MARS_20160401_20160430_32kHz,MARS_20160405_184038_resampled_32kHz.wav,70.0,75.0,orca_call,2.3387966
394737,MARS_20160401_20160430_32kHz,MARS_20160405_184038_resampled_32kHz.wav,110.0,115.0,orca_call,0.5378901
394741,MARS_20160401_20160430_32kHz,MARS_20160405_184038_resampled_32kHz.wav,130.0,135.0,orca_call,0.010741025
396288,MARS_20160401_20160430_32kHz,MARS_20160416_235016_resampled_32kHz.wav,65.0,70.0,orca_call,0.48903
396321,MARS_20160401_20160430_32kHz,MARS_20160416_235016_resampled_32kHz.wav,230.0,235.0,orca_call,1.6362956
396366,MARS_20160401_20160430_32kHz,MARS_20160416_235016_resampled_32kHz.wav,455.0,460.0,orca_call,0.92927206
396384,MARS_20160401_20160430_32kHz,MARS_20160416_235016_resampled_32kHz.wav,545.0,550.0,orca_call,2.1953378
396390,MARS_20160401_20160430_32kHz,MARS_20160416_235016_resampled_32kHz.wav,575.0,580.0,orca_call,0.48001748
396394,MARS_20160401_20160430_32kHz,MARS_20160416_235016_resampled_32kHz.wav,595.0,600.0,orca_call,1.2835708
397245,MARS_20160401_20160430_32kHz,MARS_20160430_022635_resampled_32kHz.wav,50.0,55.0,orca_call,0.41294754
397246,MARS_20160401_20160430_32kHz,MARS_20160430_022635_resampled_32kHz.wav,55.0,60.0,orca_call,0.20783748
397249,MARS_20160401_20160430_32kHz,MARS_20160430_022635_resampled_32kHz.wav,70.0,75.0,orca_call,0.06546192
397254,MARS_20160401_20160430_32kHz,MARS_20160430_022635_resampled_32kHz.wav,95.0,100.0,orca_call,0.15054376
397270,MARS_20160401_20160430_32kHz,MARS_20160430_022635_resampled_32kHz.wav,175.0,180.0,orca_call,1.374139
398574,MARS_20160401_20160430_32kHz,MARS_20160419_123716_resampled_32kHz.wav,95.0,100.0,orca_call,0.42747045
399437,MARS_20160401_20160430_32kHz,MARS_20160401_202042_resampled_32kHz.wav,210.0,215.0,orca_call,1.9320586
402247,MARS_20160401_20160430_32kHz,MARS_20160414_053019_resampled_32kHz.wav,460.0,465.0,orca_call,1.2350324
402250,MARS_20160401_20160430_32kHz,MARS_20160414_053019_resampled_32kHz.wav,475.0,480.0,orca_call,0.35631245
402254,MARS_20160401_20160430_32kHz,MARS_20160414_053019_resampled_32kHz.wav,495.0,500.0,orca_call,0.6074022
402256,MARS_20160401_20160430_32kHz,MARS_20160414_053019_resampled_32kHz.wav,505.0,510.0,orca_call,0.520069
402260,MARS_20160401_20160430_32kHz,MARS_20160414_053019_resampled_32kHz.wav,525.0,530.0,orca_call,1.6409063
402261,MARS_20160401_20160430_32kHz,MARS_20160414_053019_resampled_32kHz.wav,530.0,535.0,orca_call,0.28430182
402265,MARS_20160401_20160430_32kHz,MARS_20160414_053019_resampled_32kHz.wav,550.0,555.0,orca_call,0.15667896
403846,MARS_20160401_20160430_32kHz,MARS_20160422_010119_resampled_32kHz.wav,55.0,60.0,orca_call,0.057747528
407927,MARS_20160401_20160430_32kHz,MARS_20160420_091712_resampled_32kHz.wav,60.0,65.0,orca_call,1.2855654
407952,MARS_20160401_20160430_32kHz,MARS_20160420_091712_resampled_32kHz.wav,185.0,190.0,orca_call,0.47592467
407959,MARS_20160401_20160430_32kHz,MARS_20160420_091712_resampled_32kHz.wav,220.0,225.0,orca_call,2.75715
407960,MARS_20160401_20160430_32kHz,MARS_20160420_091712_resampled_32kHz.wav,225.0,230.0,orca_call,1.3232229
407961,MARS_20160401_20160430_32kHz,MARS_20160420_091712_resampled_32kHz.wav,230.0,235.0,orca_call,0.5988717
407963,MARS_20160401_20160430_32kHz,MARS_20160420_091712_resampled_32kHz.wav,240.0,245.0,orca_call,3.368158
407965,MARS_20160401_20160430_32kHz,MARS_20160420_091712_resampled_32kHz.wav,250.0,255.0,orca_call,2.9481852
407971,MARS_20160401_20160430_32kHz,MARS_20160420_091712_resampled_32kHz.wav,280.0,285.0,orca_call,2.6759675
407976,MARS_20160401_20160430_32kHz,MARS_20160420_091712_resampled_32kHz.wav,305.0,310.0,orca_call,1.4111643
411649,MARS_20160401_20160430_32kHz,MARS_20160419_073716_resampled_32kHz.wav,70.0,75.0,orca_call,0.34751618
411650,MARS_20160401_20160430_32kHz,MARS_20160419_073716_resampled_32kHz.wav,75.0,80.0,orca_call,0.45465738
411667,MARS_20160401_20160430_32kHz,MARS_20160419_073716_resampled_32kHz.wav,160.0,165.0,orca_call,1.4225966
411668,MARS_20160401_20160430_32kHz,MARS_20160419_073716_resampled_32kHz.wav,165.0,170.0,orca_call,1.1025283
411669,MARS_20160401_20160430_32kHz,MARS_20160419_073716_resampled_32kHz.wav,170.0,175.0,orca_call,0.17314611
411670,MARS_20160401_20160430_32kHz,MARS_20160419_073716_resampled_32kHz.wav,175.0,180.0,orca_call,0.33711803
411671,MARS_20160401_20160430_32kHz,MARS_20160419_073716_resampled_32kHz.wav,180.0,185.0,orca_call,0.29495776
411674,MARS_20160401_20160430_32kHz,MARS_20160419_073716_resampled_32kHz.wav,195.0,200.0,orca_call,1.7050867
411676,MARS_20160401_20160430_32kHz,MARS_20160419_073716_resampled_32kHz.wav,205.0,210.0,orca_call,0.884743
411695,MARS_20160401_20160430_32kHz,MARS_20160419_073716_resampled_32kHz.wav,300.0,305.0,orca_call,0.35459787
411698,MARS_20160401_20160430_32kHz,MARS_20160419_073716_resampled_32kHz.wav,315.0,320.0,orca_call,1.4889572
411702,MARS_20160401_20160430_32kHz,MARS_20160419_073716_resampled_32kHz.wav,335.0,340.0,orca_call,0.2527948
411713,MARS_20160401_20160430_32kHz,MARS_20160419_073716_resampled_32kHz.wav,390.0,395.0,orca_call,1.4660038
411715,MARS_20160401_20160430_32kHz,MARS_20160419_073716_resampled_32kHz.wav,400.0,405.0,orca_call,0.3942291
411720,MARS_20160401_20160430_32kHz,MARS_20160419_073716_resampled_32kHz.wav,425.0,430.0,orca_call,0.22960304
411721,MARS_20160401_20160430_32kHz,MARS_20160419_073716_resampled_32kHz.wav,430.0,435.0,orca_call,1.924804
411723,MARS_20160401_20160430_32kHz,MARS_20160419_073716_resampled_32kHz.wav,440.0,445.0,orca_call,1.4583323
411724,MARS_20160401_20160430_32kHz,MARS_20160419_073716_resampled_32kHz.wav,445.0,450.0,orca_call,2.170131
411725,MARS_20160401_20160430_32kHz,MARS_20160419_073716_resampled_32kHz.wav,450.0,455.0,orca_call,0.38369048
411731,MARS_20160401_20160430_32kHz,MARS_20160419_073716_resampled_32kHz.wav,480.0,485.0,orca_call,1.2536325
411740,MARS_20160401_20160430_32kHz,MARS_20160419_073716_resampled_32kHz.wav,525.0,530.0,orca_call,2.9726784
411743,MARS_20160401_20160430_32kHz,MARS_20160419_073716_resampled_32kHz.wav,540.0,545.0,orca_call,0.77309287
411745,MARS_20160401_20160430_32kHz,MARS_20160419_073716_resampled_32kHz.wav,550.0,555.0,orca_call,1.187052
411746,MARS_20160401_20160430_32kHz,MARS_20160419_073716_resampled_32kHz.wav,555.0,560.0,orca_call,0.2654342
411751,MARS_20160401_20160430_32kHz,MARS_20160419_073716_resampled_32kHz.wav,580.0,585.0,orca_call,0.9100926
412340,MARS_20160401_20160430_32kHz,MARS_20160413_172021_resampled_32kHz.wav,525.0,530.0,orca_call,1.3747306
412472,MARS_20160401_20160430_32kHz,MARS_20160421_045913_resampled_32kHz.wav,585.0,590.0,orca_call,0.88057256
414883,MARS_20160401_20160430_32kHz,MARS_20160416_105017_resampled_32kHz.wav,40.0,45.0,orca_call,0.46293443
414884,MARS_20160401_20160430_32kHz,MARS_20160416_105017_resampled_32kHz.wav,45.0,50.0,orca_call,0.9283067
414885,MARS_20160401_20160430_32kHz,MARS_20160416_105017_resampled_32kHz.wav,50.0,55.0,orca_call,0.428378
419564,MARS_20160401_20160430_32kHz,MARS_20160419_072716_resampled_32kHz.wav,45.0,50.0,orca_call,1.0583248
419565,MARS_20160401_20160430_32kHz,MARS_20160419_072716_resampled_32kHz.wav,50.0,55.0,orca_call,0.52293533
419575,MARS_20160401_20160430_32kHz,MARS_20160419_072716_resampled_32kHz.wav,100.0,105.0,orca_call,0.20005085
419576,MARS_20160401_20160430_32kHz,MARS_20160419_072716_resampled_32kHz.wav,105.0,110.0,orca_call,0.031991675
419582,MARS_20160401_20160430_32kHz,MARS_20160419_072716_resampled_32kHz.wav,135.0,140.0,orca_call,0.88795996
419583,MARS_20160401_20160430_32kHz,MARS_20160419_072716_resampled_32kHz.wav,140.0,145.0,orca_call,1.9008422
419584,MARS_20160401_20160430_32kHz,MARS_20160419_072716_resampled_32kHz.wav,145.0,150.0,orca_call,1.851619
419585,MARS_20160401_20160430_32kHz,MARS_20160419_072716_resampled_32kHz.wav,150.0,155.0,orca_call,1.2071179
419586,MARS_20160401_20160430_32kHz,MARS_20160419_072716_resampled_32kHz.wav,155.0,160.0,orca_call,2.1615336
419589,MARS_20160401_20160430_32kHz,MARS_20160419_072716_resampled_32kHz.wav,170.0,175.0,orca_call,3.0514865
419591,MARS_20160401_20160430_32kHz,MARS_20160419_072716_resampled_32kHz.wav,180.0,185.0,orca_call,0.93014216
419592,MARS_20160401_20160430_32kHz,MARS_20160419_072716_resampled_32kHz.wav,185.0,190.0,orca_call,0.9637152
419597,MARS_20160401_20160430_32kHz,MARS_20160419_072716_resampled_32kHz.wav,210.0,215.0,orca_call,0.20196794
419598,MARS_20160401_20160430_32kHz,MARS_20160419_072716_resampled_32kHz.wav,215.0,220.0,orca_call,0.06928657
419629,MARS_20160401_20160430_32kHz,MARS_20160419_072716_resampled_32kHz.wav,370.0,375.0,orca_call,1.1027193
419631,MARS_20160401_20160430_32kHz,MARS_20160419_072716_resampled_32kHz.wav,380.0,385.0,orca_call,2.379611
419633,MARS_20160401_20160430_32kHz,MARS_20160419_072716_resampled_32kHz.wav,390.0,395.0,orca_call,0.012242392
419635,MARS_20160401_20160430_32kHz,MARS_20160419_072716_resampled_32kHz.wav,400.0,405.0,orca_call,0.3826676
419638,MARS_20160401_20160430_32kHz,MARS_20160419_072716_resampled_32kHz.wav,415.0,420.0,orca_call,3.1898708
419641,MARS_20160401_20160430_32kHz,MARS_20160419_072716_resampled_32kHz.wav,430.0,435.0,orca_call,1.3186072
419644,MARS_20160401_20160430_32kHz,MARS_20160419_072716_resampled_32kHz.wav,445.0,450.0,orca_call,0.11549795
419646,MARS_20160401_20160430_32kHz,MARS_20160419_072716_resampled_32kHz.wav,455.0,460.0,orca_call,0.38776267
419647,MARS_20160401_20160430_32kHz,MARS_20160419_072716_resampled_32kHz.wav,460.0,465.0,orca_call,0.124743715
419648,MARS_20160401_20160430_32kHz,MARS_20160419_072716_resampled_32kHz.wav,465.0,470.0,orca_call,0.33732134
419652,MARS_20160401_20160430_32kHz,MARS_20160419_072716_resampled_32kHz.wav,485.0,490.0,orca_call,0.48921388
419653,MARS_20160401_20160430_32kHz,MARS_20160419_072716_resampled_32kHz.wav,490.0,495.0,orca_call,0.22231846
419654,MARS_20160401_20160430_32kHz,MARS_20160419_072716_resampled_32kHz.wav,495.0,500.0,orca_call,1.6160635
419655,MARS_20160401_20160430_32kHz,MARS_20160419_072716_resampled_32kHz.wav,500.0,505.0,orca_call,1.312496
419657,MARS_20160401_20160430_32kHz,MARS_20160419_072716_resampled_32kHz.wav,510.0,515.0,orca_call,0.37995833
419658,MARS_20160401_20160430_32kHz,MARS_20160419_072716_resampled_32kHz.wav,515.0,520.0,orca_call,1.7199205
419659,MARS_20160401_20160430_32kHz,MARS_20160419_072716_resampled_32kHz.wav,520.0,525.0,orca_call,1.0141864
419663,MARS_20160401_20160430_32kHz,MARS_20160419_072716_resampled_32kHz.wav,540.0,545.0,orca_call,0.5615177
420875,MARS_20160401_20160430_32kHz,MARS_20160404_095039_resampled_32kHz.wav,0.0,5.0,orca_call,2.9114203
420876,MARS_20160401_20160430_32kHz,MARS_20160404_095039_resampled_32kHz.wav,5.0,10.0,orca_call,3.2917397
424955,MARS_20160401_20160430_32kHz,MARS_20160410_070028_resampled_32kHz.wav,0.0,5.0,orca_call,0.15633704
427235,MARS_20160401_20160430_32kHz,MARS_20160419_093716_resampled_32kHz.wav,0.0,5.0,orca_call,0.7872449
427236,MARS_20160401_20160430_32kHz,MARS_20160419_093716_resampled_32kHz.wav,5.0,10.0,orca_call,0.12956364
427238,MARS_20160401_20160430_32kHz,MARS_20160419_093716_resampled_32kHz.wav,15.0,20.0,orca_call,2.1514418
427240,MARS_20160401_20160430_32kHz,MARS_20160419_093716_resampled_32kHz.wav,25.0,30.0,orca_call,2.950168
427249,MARS_20160401_20160430_32kHz,MARS_20160419_093716_resampled_32kHz.wav,70.0,75.0,orca_call,1.7820747
427250,MARS_20160401_20160430_32kHz,MARS_20160419_093716_resampled_32kHz.wav,75.0,80.0,orca_call,2.9645476
427251,MARS_20160401_20160430_32kHz,MARS_20160419_093716_resampled_32kHz.wav,80.0,85.0,orca_call,0.22018532
427274,MARS_20160401_20160430_32kHz,MARS_20160419_093716_resampled_32kHz.wav,195.0,200.0,orca_call,1.4356439
427311,MARS_20160401_20160430_32kHz,MARS_20160419_093716_resampled_32kHz.wav,380.0,385.0,orca_call,0.7280949
427312,MARS_20160401_20160430_32kHz,MARS_20160419_093716_resampled_32kHz.wav,385.0,390.0,orca_call,0.68302256
427321,MARS_20160401_20160430_32kHz,MARS_20160419_093716_resampled_32kHz.wav,430.0,435.0,orca_call,0.12367304
427323,MARS_20160401_20160430_32kHz,MARS_20160419_093716_resampled_32kHz.wav,440.0,445.0,orca_call,1.0123757
427329,MARS_20160401_20160430_32kHz,MARS_20160419_093716_resampled_32kHz.wav,470.0,475.0,orca_call,0.5727348
427331,MARS_20160401_20160430_32kHz,MARS_20160419_093716_resampled_32kHz.wav,480.0,485.0,orca_call,0.8149661
427335,MARS_20160401_20160430_32kHz,MARS_20160419_093716_resampled_32kHz.wav,500.0,505.0,orca_call,0.16605659
428025,MARS_20160401_20160430_32kHz,MARS_20160413_183020_resampled_32kHz.wav,350.0,355.0,orca_call,0.55452603
428036,MARS_20160401_20160430_32kHz,MARS_20160413_183020_resampled_32kHz.wav,405.0,410.0,orca_call,2.374312
428037,MARS_20160401_20160430_32kHz,MARS_20160413_183020_resampled_32kHz.wav,410.0,415.0,orca_call,1.5990343
428038,MARS_20160401_20160430_32kHz,MARS_20160413_183020_resampled_32kHz.wav,415.0,420.0,orca_call,1.8418673
428043,MARS_20160401_20160430_32kHz,MARS_20160413_183020_resampled_32kHz.wav,440.0,445.0,orca_call,0.5555787
428065,MARS_20160401_20160430_32kHz,MARS_20160413_183020_resampled_32kHz.wav,550.0,555.0,orca_call,0.42798972
428066,MARS_20160401_20160430_32kHz,MARS_20160413_183020_resampled_32kHz.wav,555.0,560.0,orca_call,3.4252381
428067,MARS_20160401_20160430_32kHz,MARS_20160413_183020_resampled_32kHz.wav,560.0,565.0,orca_call,2.7855213
428068,MARS_20160401_20160430_32kHz,MARS_20160413_183020_resampled_32kHz.wav,565.0,570.0,orca_call,0.5431393
428069,MARS_20160401_20160430_32kHz,MARS_20160413_183020_resampled_32kHz.wav,570.0,575.0,orca_call,1.3744905
428070,MARS_20160401_20160430_32kHz,MARS_20160413_183020_resampled_32kHz.wav,575.0,580.0,orca_call,1.7602196
428074,MARS_20160401_20160430_32kHz,MARS_20160413_183020_resampled_32kHz.wav,595.0,600.0,orca_call,3.1132834
433245,MARS_20160401_20160430_32kHz,MARS_20160420_175710_resampled_32kHz.wav,50.0,55.0,orca_call,0.25192523
433265,MARS_20160401_20160430_32kHz,MARS_20160420_175710_resampled_32kHz.wav,150.0,155.0,orca_call,0.35826844
436872,MARS_20160401_20160430_32kHz,MARS_20160408_091030_resampled_32kHz.wav,185.0,190.0,orca_call,0.17851089
437915,MARS_20160401_20160430_32kHz,MARS_20160421_185119_resampled_32kHz.wav,0.0,5.0,orca_call,1.4154984
437916,MARS_20160401_20160430_32kHz,MARS_20160421_185119_resampled_32kHz.wav,5.0,10.0,orca_call,3.9070075
437917,MARS_20160401_20160430_32kHz,MARS_20160421_185119_resampled_32kHz.wav,10.0,15.0,orca_call,2.5844278
437918,MARS_20160401_20160430_32kHz,MARS_20160421_185119_resampled_32kHz.wav,15.0,20.0,orca_call,0.2943073
437919,MARS_20160401_20160430_32kHz,MARS_20160421_185119_resampled_32kHz.wav,20.0,25.0,orca_call,2.309582
437920,MARS_20160401_20160430_32kHz,MARS_20160421_185119_resampled_32kHz.wav,25.0,30.0,orca_call,1.1650877
437922,MARS_20160401_20160430_32kHz,MARS_20160421_185119_resampled_32kHz.wav,35.0,40.0,orca_call,2.2945144
437923,MARS_20160401_20160430_32kHz,MARS_20160421_185119_resampled_32kHz.wav,40.0,45.0,orca_call,2.4114025
437924,MARS_20160401_20160430_32kHz,MARS_20160421_185119_resampled_32kHz.wav,45.0,50.0,orca_call,0.77513605
437926,MARS_20160401_20160430_32kHz,MARS_20160421_185119_resampled_32kHz.wav,55.0,60.0,orca_call,0.9412308
437927,MARS_20160401_20160430_32kHz,MARS_20160421_185119_resampled_32kHz.wav,60.0,65.0,orca_call,0.8758253
437928,MARS_20160401_20160430_32kHz,MARS_20160421_185119_resampled_32kHz.wav,65.0,70.0,orca_call,1.494529
437930,MARS_20160401_20160430_32kHz,MARS_20160421_185119_resampled_32kHz.wav,75.0,80.0,orca_call,2.7262816
437931,MARS_20160401_20160430_32kHz,MARS_20160421_185119_resampled_32kHz.wav,80.0,85.0,orca_call,3.1358013
437934,MARS_20160401_20160430_32kHz,MARS_20160421_185119_resampled_32kHz.wav,95.0,100.0,orca_call,3.9654276
437937,MARS_20160401_20160430_32kHz,MARS_20160421_185119_resampled_32kHz.wav,110.0,115.0,orca_call,2.816603
437938,MARS_20160401_20160430_32kHz,MARS_20160421_185119_resampled_32kHz.wav,115.0,120.0,orca_call,0.07679281
437939,MARS_20160401_20160430_32kHz,MARS_20160421_185119_resampled_32kHz.wav,120.0,125.0,orca_call,1.2702056
437941,MARS_20160401_20160430_32kHz,MARS_20160421_185119_resampled_32kHz.wav,130.0,135.0,orca_call,1.9101717
437942,MARS_20160401_20160430_32kHz,MARS_20160421_185119_resampled_32kHz.wav,135.0,140.0,orca_call,0.2029035
437946,MARS_20160401_20160430_32kHz,MARS_20160421_185119_resampled_32kHz.wav,155.0,160.0,orca_call,1.5248784
437949,MARS_20160401_20160430_32kHz,MARS_20160421_185119_resampled_32kHz.wav,170.0,175.0,orca_call,1.9934697
437950,MARS_20160401_20160430_32kHz,MARS_20160421_185119_resampled_32kHz.wav,175.0,180.0,orca_call,1.6520824
437951,MARS_20160401_20160430_32kHz,MARS_20160421_185119_resampled_32kHz.wav,180.0,185.0,orca_call,3.222491
437952,MARS_20160401_20160430_32kHz,MARS_20160421_185119_resampled_32kHz.wav,185.0,190.0,orca_call,0.34875077
437955,MARS_20160401_20160430_32kHz,MARS_20160421_185119_resampled_32kHz.wav,200.0,205.0,orca_call,0.7467282
437959,MARS_20160401_20160430_32kHz,MARS_20160421_185119_resampled_32kHz.wav,220.0,225.0,orca_call,2.9770448
437960,MARS_20160401_20160430_32kHz,MARS_20160421_185119_resampled_32kHz.wav,225.0,230.0,orca_call,0.39724863
437961,MARS_20160401_20160430_32kHz,MARS_20160421_185119_resampled_32kHz.wav,230.0,235.0,orca_call,0.48715317
437963,MARS_20160401_20160430_32kHz,MARS_20160421_185119_resampled_32kHz.wav,240.0,245.0,orca_call,1.9603581
437964,MARS_20160401_20160430_32kHz,MARS_20160421_185119_resampled_32kHz.wav,245.0,250.0,orca_call,2.571636
437966,MARS_20160401_20160430_32kHz,MARS_20160421_185119_resampled_32kHz.wav,255.0,260.0,orca_call,0.84933156
437969,MARS_20160401_20160430_32kHz,MARS_20160421_185119_resampled_32kHz.wav,270.0,275.0,orca_call,1.9668014
437977,MARS_20160401_20160430_32kHz,MARS_20160421_185119_resampled_32kHz.wav,310.0,315.0,orca_call,3.3922112
437979,MARS_20160401_20160430_32kHz,MARS_20160421_185119_resampled_32kHz.wav,320.0,325.0,orca_call,0.75025356
437981,MARS_20160401_20160430_32kHz,MARS_20160421_185119_resampled_32kHz.wav,330.0,335.0,orca_call,0.7316166
437982,MARS_20160401_20160430_32kHz,MARS_20160421_185119_resampled_32kHz.wav,335.0,340.0,orca_call,0.12992944
437988,MARS_20160401_20160430_32kHz,MARS_20160421_185119_resampled_32kHz.wav,365.0,370.0,orca_call,1.3280084
437992,MARS_20160401_20160430_32kHz,MARS_20160421_185119_resampled_32kHz.wav,385.0,390.0,orca_call,2.426375
437993,MARS_20160401_20160430_32kHz,MARS_20160421_185119_resampled_32kHz.wav,390.0,395.0,orca_call,1.5809566
437994,MARS_20160401_20160430_32kHz,MARS_20160421_185119_resampled_32kHz.wav,395.0,400.0,orca_call,0.0958194
437996,MARS_20160401_20160430_32kHz,MARS_20160421_185119_resampled_32kHz.wav,405.0,410.0,orca_call,3.9626524
438001,MARS_20160401_20160430_32kHz,MARS_20160421_185119_resampled_32kHz.wav,430.0,435.0,orca_call,2.6843417
438017,MARS_20160401_20160430_32kHz,MARS_20160421_185119_resampled_32kHz.wav,510.0,515.0,orca_call,0.32066715
438020,MARS_20160401_20160430_32kHz,MARS_20160421_185119_resampled_32kHz.wav,525.0,530.0,orca_call,2.2504106
438024,MARS_20160401_20160430_32kHz,MARS_20160421_185119_resampled_32kHz.wav,545.0,550.0,orca_call,1.9190989
438027,MARS_20160401_20160430_32kHz,MARS_20160421_185119_resampled_32kHz.wav,560.0,565.0,orca_call,2.9454253
438030,MARS_20160401_20160430_32kHz,MARS_20160421_185119_resampled_32kHz.wav,575.0,580.0,orca_call,2.812373
439587,MARS_20160401_20160430_32kHz,MARS_20160408_080030_resampled_32kHz.wav,560.0,565.0,orca_call,1.7841702
442079,MARS_20160401_20160430_32kHz,MARS_20160402_060042_resampled_32kHz.wav,420.0,425.0,orca_call,0.027414575
442991,MARS_20160401_20160430_32kHz,MARS_20160427_094418_resampled_32kHz.wav,180.0,185.0,orca_call,0.47739297
443033,MARS_20160401_20160430_32kHz,MARS_20160427_094418_resampled_32kHz.wav,390.0,395.0,orca_call,0.9285071
443034,MARS_20160401_20160430_32kHz,MARS_20160427_094418_resampled_32kHz.wav,395.0,400.0,orca_call,0.42901164
443038,MARS_20160401_20160430_32kHz,MARS_20160427_094418_resampled_32kHz.wav,415.0,420.0,orca_call,2.999605
444746,MARS_20160401_20160430_32kHz,MARS_20160418_091015_resampled_32kHz.wav,555.0,560.0,orca_call,0.34835505
444751,MARS_20160401_20160430_32kHz,MARS_20160418_091015_resampled_32kHz.wav,580.0,585.0,orca_call,1.2502404
445072,MARS_20160401_20160430_32kHz,MARS_20160406_093035_resampled_32kHz.wav,385.0,390.0,orca_call,2.0961897
445075,MARS_20160401_20160430_32kHz,MARS_20160406_093035_resampled_32kHz.wav,400.0,405.0,orca_call,2.9460483
445763,MARS_20160401_20160430_32kHz,MARS_20160410_080028_resampled_32kHz.wav,240.0,245.0,orca_call,0.7917164
445786,MARS_20160401_20160430_32kHz,MARS_20160410_080028_resampled_32kHz.wav,355.0,360.0,orca_call,0.080020875
447418,MARS_20160401_20160430_32kHz,MARS_20160421_164119_resampled_32kHz.wav,115.0,120.0,orca_call,0.43233365
447610,MARS_20160401_20160430_32kHz,MARS_20160420_212710_resampled_32kHz.wav,475.0,480.0,orca_call,0.9517226
450663,MARS_20160401_20160430_32kHz,MARS_20160405_152038_resampled_32kHz.wav,140.0,145.0,orca_call,0.5790435
454300,MARS_20160401_20160430_32kHz,MARS_20160410_083028_resampled_32kHz.wav,325.0,330.0,orca_call,0.34670126
454818,MARS_20160401_20160430_32kHz,MARS_20160419_232715_resampled_32kHz.wav,515.0,520.0,orca_call,2.8498716
454819,MARS_20160401_20160430_32kHz,MARS_20160419_232715_resampled_32kHz.wav,520.0,525.0,orca_call,0.16155727
454825,MARS_20160401_20160430_32kHz,MARS_20160419_232715_resampled_32kHz.wav,550.0,555.0,orca_call,1.3974451
454832,MARS_20160401_20160430_32kHz,MARS_20160419_232715_resampled_32kHz.wav,585.0,590.0,orca_call,0.6305866
454834,MARS_20160401_20160430_32kHz,MARS_20160419_232715_resampled_32kHz.wav,595.0,600.0,orca_call,0.8380628
456075,MARS_20160401_20160430_32kHz,MARS_20160416_110017_resampled_32kHz.wav,155.0,160.0,orca_call,0.05032526
458446,MARS_20160401_20160430_32kHz,MARS_20160420_072713_resampled_32kHz.wav,10.0,15.0,orca_call,0.7663286
458447,MARS_20160401_20160430_32kHz,MARS_20160420_072713_resampled_32kHz.wav,15.0,20.0,orca_call,0.52060366
458451,MARS_20160401_20160430_32kHz,MARS_20160420_072713_resampled_32kHz.wav,35.0,40.0,orca_call,0.4132741
458468,MARS_20160401_20160430_32kHz,MARS_20160420_072713_resampled_32kHz.wav,120.0,125.0,orca_call,0.68443257
458471,MARS_20160401_20160430_32kHz,MARS_20160420_072713_resampled_32kHz.wav,135.0,140.0,orca_call,1.9791739
458479,MARS_20160401_20160430_32kHz,MARS_20160420_072713_resampled_32kHz.wav,175.0,180.0,orca_call,0.49486035
458481,MARS_20160401_20160430_32kHz,MARS_20160420_072713_resampled_32kHz.wav,185.0,190.0,orca_call,0.026889488
458482,MARS_20160401_20160430_32kHz,MARS_20160420_072713_resampled_32kHz.wav,190.0,195.0,orca_call,0.06729619
458484,MARS_20160401_20160430_32kHz,MARS_20160420_072713_resampled_32kHz.wav,200.0,205.0,orca_call,0.24096052
458485,MARS_20160401_20160430_32kHz,MARS_20160420_072713_resampled_32kHz.wav,205.0,210.0,orca_call,0.9408866
458487,MARS_20160401_20160430_32kHz,MARS_20160420_072713_resampled_32kHz.wav,215.0,220.0,orca_call,2.6419332
458489,MARS_20160401_20160430_32kHz,MARS_20160420_072713_resampled_32kHz.wav,225.0,230.0,orca_call,1.0941341
458492,MARS_20160401_20160430_32kHz,MARS_20160420_072713_resampled_32kHz.wav,240.0,245.0,orca_call,1.3765916
458500,MARS_20160401_20160430_32kHz,MARS_20160420_072713_resampled_32kHz.wav,280.0,285.0,orca_call,0.45506346
458514,MARS_20160401_20160430_32kHz,MARS_20160420_072713_resampled_32kHz.wav,350.0,355.0,orca_call,1.2470992
458523,MARS_20160401_20160430_32kHz,MARS_20160420_072713_resampled_32kHz.wav,395.0,400.0,orca_call,1.041082
458538,MARS_20160401_20160430_32kHz,MARS_20160420_072713_resampled_32kHz.wav,470.0,475.0,orca_call,0.3517835
458839,MARS_20160401_20160430_32kHz,MARS_20160421_075120_resampled_32kHz.wav,175.0,180.0,orca_call,0.18605323
458840,MARS_20160401_20160430_32kHz,MARS_20160421_075120_resampled_32kHz.wav,180.0,185.0,orca_call,0.74599105
458852,MARS_20160401_20160430_32kHz,MARS_20160421_075120_resampled_32kHz.wav,240.0,245.0,orca_call,0.55310476
458856,MARS_20160401_20160430_32kHz,MARS_20160421_075120_resampled_32kHz.wav,260.0,265.0,orca_call,0.3925711
458923,MARS_20160401_20160430_32kHz,MARS_20160421_075120_resampled_32kHz.wav,595.0,600.0,orca_call,0.05674854
462850,MARS_20160401_20160430_32kHz,MARS_20160421_184119_resampled_32kHz.wav,430.0,435.0,orca_call,0.93370926
462852,MARS_20160401_20160430_32kHz,MARS_20160421_184119_resampled_32kHz.wav,440.0,445.0,orca_call,3.8831422
462854,MARS_20160401_20160430_32kHz,MARS_20160421_184119_resampled_32kHz.wav,450.0,455.0,orca_call,2.2375095
462855,MARS_20160401_20160430_32kHz,MARS_20160421_184119_resampled_32kHz.wav,455.0,460.0,orca_call,0.03669803
462857,MARS_20160401_20160430_32kHz,MARS_20160421_184119_resampled_32kHz.wav,465.0,470.0,orca_call,2.9309201
462858,MARS_20160401_20160430_32kHz,MARS_20160421_184119_resampled_32kHz.wav,470.0,475.0,orca_call,3.087987
462859,MARS_20160401_20160430_32kHz,MARS_20160421_184119_resampled_32kHz.wav,475.0,480.0,orca_call,0.774714
462866,MARS_20160401_20160430_32kHz,MARS_20160421_184119_resampled_32kHz.wav,510.0,515.0,orca_call,3.5100932
462869,MARS_20160401_20160430_32kHz,MARS_20160421_184119_resampled_32kHz.wav,525.0,530.0,orca_call,0.6080401
462871,MARS_20160401_20160430_32kHz,MARS_20160421_184119_resampled_32kHz.wav,535.0,540.0,orca_call,2.4765542
462872,MARS_20160401_20160430_32kHz,MARS_20160421_184119_resampled_32kHz.wav,540.0,545.0,orca_call,1.2621069
462874,MARS_20160401_20160430_32kHz,MARS_20160421_184119_resampled_32kHz.wav,550.0,555.0,orca_call,3.34538
462875,MARS_20160401_20160430_32kHz,MARS_20160421_184119_resampled_32kHz.wav,555.0,560.0,orca_call,1.9617903
462877,MARS_20160401_20160430_32kHz,MARS_20160421_184119_resampled_32kHz.wav,565.0,570.0,orca_call,1.5429139
462879,MARS_20160401_20160430_32kHz,MARS_20160421_184119_resampled_32kHz.wav,575.0,580.0,orca_call,0.96110547
462880,MARS_20160401_20160430_32kHz,MARS_20160421_184119_resampled_32kHz.wav,580.0,585.0,orca_call,3.043638
462882,MARS_20160401_20160430_32kHz,MARS_20160421_184119_resampled_32kHz.wav,590.0,595.0,orca_call,0.033823773
462883,MARS_20160401_20160430_32kHz,MARS_20160421_184119_resampled_32kHz.wav,595.0,600.0,orca_call,1.8985326
463125,MARS_20160401_20160430_32kHz,MARS_20160413_184020_resampled_32kHz.wav,5.0,10.0,orca_call,2.34094
463131,MARS_20160401_20160430_32kHz,MARS_20160413_184020_resampled_32kHz.wav,35.0,40.0,orca_call,0.24825795
467539,MARS_20160401_20160430_32kHz,MARS_20160420_055713_resampled_32kHz.wav,475.0,480.0,orca_call,0.25173265
467550,MARS_20160401_20160430_32kHz,MARS_20160420_055713_resampled_32kHz.wav,530.0,535.0,orca_call,0.76571816
467552,MARS_20160401_20160430_32kHz,MARS_20160420_055713_resampled_32kHz.wav,540.0,545.0,orca_call,0.75040483
467596,MARS_20160401_20160430_32kHz,MARS_20160421_081120_resampled_32kHz.wav,160.0,165.0,orca_call,0.27657443
467671,MARS_20160401_20160430_32kHz,MARS_20160421_081120_resampled_32kHz.wav,535.0,540.0,orca_call,0.015149966
468013,MARS_20160401_20160430_32kHz,MARS_20160420_161711_resampled_32kHz.wav,445.0,450.0,orca_call,1.0260327
468014,MARS_20160401_20160430_32kHz,MARS_20160420_161711_resampled_32kHz.wav,450.0,455.0,orca_call,0.8276571
468420,MARS_20160401_20160430_32kHz,MARS_20160419_105716_resampled_32kHz.wav,80.0,85.0,orca_call,1.2154343
468422,MARS_20160401_20160430_32kHz,MARS_20160419_105716_resampled_32kHz.wav,90.0,95.0,orca_call,0.6341564
468463,MARS_20160401_20160430_32kHz,MARS_20160419_105716_resampled_32kHz.wav,295.0,300.0,orca_call,0.698226
468465,MARS_20160401_20160430_32kHz,MARS_20160419_105716_resampled_32kHz.wav,305.0,310.0,orca_call,1.0686564
472673,MARS_20160401_20160430_32kHz,MARS_20160421_210119_resampled_32kHz.wav,345.0,350.0,orca_call,0.42022246
477158,MARS_20160401_20160430_32kHz,MARS_20160421_192119_resampled_32kHz.wav,570.0,575.0,orca_call,2.4863343
477159,MARS_20160401_20160430_32kHz,MARS_20160421_192119_resampled_32kHz.wav,575.0,580.0,orca_call,0.20334972
478966,MARS_20160401_20160430_32kHz,MARS_20160419_080716_resampled_32kHz.wav,10.0,15.0,orca_call,0.28223002
478967,MARS_20160401_20160430_32kHz,MARS_20160419_080716_resampled_32kHz.wav,15.0,20.0,orca_call,0.5388136
478969,MARS_20160401_20160430_32kHz,MARS_20160419_080716_resampled_32kHz.wav,25.0,30.0,orca_call,1.032999
478970,MARS_20160401_20160430_32kHz,MARS_20160419_080716_resampled_32kHz.wav,30.0,35.0,orca_call,0.6154005
478974,MARS_20160401_20160430_32kHz,MARS_20160419_080716_resampled_32kHz.wav,50.0,55.0,orca_call,1.5688417
478976,MARS_20160401_20160430_32kHz,MARS_20160419_080716_resampled_32kHz.wav,60.0,65.0,orca_call,0.6689365
478977,MARS_20160401_20160430_32kHz,MARS_20160419_080716_resampled_32kHz.wav,65.0,70.0,orca_call,2.8788764
478978,MARS_20160401_20160430_32kHz,MARS_20160419_080716_resampled_32kHz.wav,70.0,75.0,orca_call,1.5643463
478992,MARS_20160401_20160430_32kHz,MARS_20160419_080716_resampled_32kHz.wav,140.0,145.0,orca_call,0.1381761
478996,MARS_20160401_20160430_32kHz,MARS_20160419_080716_resampled_32kHz.wav,160.0,165.0,orca_call,0.78767
479038,MARS_20160401_20160430_32kHz,MARS_20160419_080716_resampled_32kHz.wav,370.0,375.0,orca_call,0.14618994
479048,MARS_20160401_20160430_32kHz,MARS_20160419_080716_resampled_32kHz.wav,420.0,425.0,orca_call,0.7595868
479049,MARS_20160401_20160430_32kHz,MARS_20160419_080716_resampled_32kHz.wav,425.0,430.0,orca_call,0.04064569
479051,MARS_20160401_20160430_32kHz,MARS_20160419_080716_resampled_32kHz.wav,435.0,440.0,orca_call,1.022026
479063,MARS_20160401_20160430_32kHz,MARS_20160419_080716_resampled_32kHz.wav,495.0,500.0,orca_call,0.6950397
479064,MARS_20160401_20160430_32kHz,MARS_20160419_080716_resampled_32kHz.wav,500.0,505.0,orca_call,0.38884556
479065,MARS_20160401_20160430_32kHz,MARS_20160419_080716_resampled_32kHz.wav,505.0,510.0,orca_call,0.747481
479075,MARS_20160401_20160430_32kHz,MARS_20160419_080716_resampled_32kHz.wav,555.0,560.0,orca_call,0.41106433
479076,MARS_20160401_20160430_32kHz,MARS_20160419_080716_resampled_32kHz.wav,560.0,565.0,orca_call,0.9547459
479078,MARS_20160401_20160430_32kHz,MARS_20160419_080716_resampled_32kHz.wav,570.0,575.0,orca_call,0.5189147
479079,MARS_20160401_20160430_32kHz,MARS_20160419_080716_resampled_32kHz.wav,575.0,580.0,orca_call,0.12953387
479448,MARS_20160401_20160430_32kHz,MARS_20160420_001715_resampled_32kHz.wav,20.0,25.0,orca_call,0.5062919
479452,MARS_20160401_20160430_32kHz,MARS_20160420_001715_resampled_32kHz.wav,40.0,45.0,orca_call,0.035622165
479453,MARS_20160401_20160430_32kHz,MARS_20160420_001715_resampled_32kHz.wav,45.0,50.0,orca_call,2.2613513
479455,MARS_20160401_20160430_32kHz,MARS_20160420_001715_resampled_32kHz.wav,55.0,60.0,orca_call,0.4926026
479457,MARS_20160401_20160430_32kHz,MARS_20160420_001715_resampled_32kHz.wav,65.0,70.0,orca_call,0.0033561587
479462,MARS_20160401_20160430_32kHz,MARS_20160420_001715_resampled_32kHz.wav,90.0,95.0,orca_call,0.53771394
479463,MARS_20160401_20160430_32kHz,MARS_20160420_001715_resampled_32kHz.wav,95.0,100.0,orca_call,1.4326494
479467,MARS_20160401_20160430_32kHz,MARS_20160420_001715_resampled_32kHz.wav,115.0,120.0,orca_call,2.0647676
479472,MARS_20160401_20160430_32kHz,MARS_20160420_001715_resampled_32kHz.wav,140.0,145.0,orca_call,2.406179
479481,MARS_20160401_20160430_32kHz,MARS_20160420_001715_resampled_32kHz.wav,185.0,190.0,orca_call,0.50484836
479482,MARS_20160401_20160430_32kHz,MARS_20160420_001715_resampled_32kHz.wav,190.0,195.0,orca_call,0.89200234
479486,MARS_20160401_20160430_32kHz,MARS_20160420_001715_resampled_32kHz.wav,210.0,215.0,orca_call,0.2516117
479490,MARS_20160401_20160430_32kHz,MARS_20160420_001715_resampled_32kHz.wav,230.0,235.0,orca_call,2.120295
479497,MARS_20160401_20160430_32kHz,MARS_20160420_001715_resampled_32kHz.wav,265.0,270.0,orca_call,0.8995819
479500,MARS_20160401_20160430_32kHz,MARS_20160420_001715_resampled_32kHz.wav,280.0,285.0,orca_call,1.8289797
479502,MARS_20160401_20160430_32kHz,MARS_20160420_001715_resampled_32kHz.wav,290.0,295.0,orca_call,2.3714058
481261,MARS_20160401_20160430_32kHz,MARS_20160419_095716_resampled_32kHz.wav,85.0,90.0,orca_call,2.1548774
484720,MARS_20160401_20160430_32kHz,MARS_20160410_152028_resampled_32kHz.wav,580.0,585.0,orca_call,0.23363118
486298,MARS_20160401_20160430_32kHz,MARS_20160420_234645_resampled_32kHz.wav,70.0,75.0,orca_call,0.98016024
486383,MARS_20160401_20160430_32kHz,MARS_20160420_234645_resampled_32kHz.wav,495.0,500.0,orca_call,1.561706
486604,MARS_20160401_20160430_32kHz,MARS_20160412_113026_resampled_32kHz.wav,400.0,405.0,orca_call,2.4270248
490797,MARS_20160401_20160430_32kHz,MARS_20160419_111716_resampled_32kHz.wav,365.0,370.0,orca_call,0.6964256
490900,MARS_20160401_20160430_32kHz,MARS_20160420_211710_resampled_32kHz.wav,280.0,285.0,orca_call,0.15557788
493436,MARS_20160401_20160430_32kHz,MARS_20160406_204032_resampled_32kHz.wav,360.0,365.0,orca_call,0.0437081
493926,MARS_20160401_20160430_32kHz,MARS_20160406_083035_resampled_32kHz.wav,410.0,415.0,orca_call,0.41086566
495044,MARS_20160401_20160430_32kHz,MARS_20160420_230710_resampled_32kHz.wav,0.0,5.0,orca_call,1.7508768
495048,MARS_20160401_20160430_32kHz,MARS_20160420_230710_resampled_32kHz.wav,20.0,25.0,orca_call,1.8729198
495074,MARS_20160401_20160430_32kHz,MARS_20160420_230710_resampled_32kHz.wav,150.0,155.0,orca_call,0.8878373
495169,MARS_20160401_20160430_32kHz,MARS_20160420_074713_resampled_32kHz.wav,25.0,30.0,orca_call,0.10470618
495179,MARS_20160401_20160430_32kHz,MARS_20160420_074713_resampled_32kHz.wav,75.0,80.0,orca_call,0.14272447
495236,MARS_20160401_20160430_32kHz,MARS_20160420_074713_resampled_32kHz.wav,360.0,365.0,orca_call,0.3765489
495248,MARS_20160401_20160430_32kHz,MARS_20160420_074713_resampled_32kHz.wav,420.0,425.0,orca_call,0.34338987
497330,MARS_20160401_20160430_32kHz,MARS_20160419_110716_resampled_32kHz.wav,30.0,35.0,orca_call,1.145526
497332,MARS_20160401_20160430_32kHz,MARS_20160419_110716_resampled_32kHz.wav,40.0,45.0,orca_call,0.48805273
497380,MARS_20160401_20160430_32kHz,MARS_20160419_110716_resampled_32kHz.wav,280.0,285.0,orca_call,0.50841576
497426,MARS_20160401_20160430_32kHz,MARS_20160419_110716_resampled_32kHz.wav,510.0,515.0,orca_call,1.2491192
499002,MARS_20160401_20160430_32kHz,MARS_20160413_174020_resampled_32kHz.wav,590.0,595.0,orca_call,1.3040662
502605,MARS_20160401_20160430_32kHz,MARS_20160419_083716_resampled_32kHz.wav,5.0,10.0,orca_call,0.34142023
502633,MARS_20160401_20160430_32kHz,MARS_20160419_083716_resampled_32kHz.wav,145.0,150.0,orca_call,1.0383079
502659,MARS_20160401_20160430_32kHz,MARS_20160419_083716_resampled_32kHz.wav,275.0,280.0,orca_call,0.5345304
502667,MARS_20160401_20160430_32kHz,MARS_20160419_083716_resampled_32kHz.wav,315.0,320.0,orca_call,0.20592563
502672,MARS_20160401_20160430_32kHz,MARS_20160419_083716_resampled_32kHz.wav,340.0,345.0,orca_call,1.0257626
502673,MARS_20160401_20160430_32kHz,MARS_20160419_083716_resampled_32kHz.wav,345.0,350.0,orca_call,1.3982155
502675,MARS_20160401_20160430_32kHz,MARS_20160419_083716_resampled_32kHz.wav,355.0,360.0,orca_call,1.2120521
502676,MARS_20160401_20160430_32kHz,MARS_20160419_083716_resampled_32kHz.wav,360.0,365.0,orca_call,1.7093736
502678,MARS_20160401_20160430_32kHz,MARS_20160419_083716_resampled_32kHz.wav,370.0,375.0,orca_call,2.1193192
502683,MARS_20160401_20160430_32kHz,MARS_20160419_083716_resampled_32kHz.wav,395.0,400.0,orca_call,0.47367036
502692,MARS_20160401_20160430_32kHz,MARS_20160419_083716_resampled_32kHz.wav,440.0,445.0,orca_call,1.2243193
502693,MARS_20160401_20160430_32kHz,MARS_20160419_083716_resampled_32kHz.wav,445.0,450.0,orca_call,1.0867476
502698,MARS_20160401_20160430_32kHz,MARS_20160419_083716_resampled_32kHz.wav,470.0,475.0,orca_call,2.4729702
502699,MARS_20160401_20160430_32kHz,MARS_20160419_083716_resampled_32kHz.wav,475.0,480.0,orca_call,0.091115996
502702,MARS_20160401_20160430_32kHz,MARS_20160419_083716_resampled_32kHz.wav,490.0,495.0,orca_call,0.17617093
502703,MARS_20160401_20160430_32kHz,MARS_20160419_083716_resampled_32kHz.wav,495.0,500.0,orca_call,0.11294861
502704,MARS_20160401_20160430_32kHz,MARS_20160419_083716_resampled_32kHz.wav,500.0,505.0,orca_call,0.23638539
502708,MARS_20160401_20160430_32kHz,MARS_20160419_083716_resampled_32kHz.wav,520.0,525.0,orca_call,0.6243532
502709,MARS_20160401_20160430_32kHz,MARS_20160419_083716_resampled_32kHz.wav,525.0,530.0,orca_call,0.725967
502714,MARS_20160401_20160430_32kHz,MARS_20160419_083716_resampled_32kHz.wav,550.0,555.0,orca_call,0.71231943
502718,MARS_20160401_20160430_32kHz,MARS_20160419_083716_resampled_32kHz.wav,570.0,575.0,orca_call,0.26840782
502721,MARS_20160401_20160430_32kHz,MARS_20160419_083716_resampled_32kHz.wav,585.0,590.0,orca_call,1.4793701
504404,MARS_20160401_20160430_32kHz,MARS_20160421_193119_resampled_32kHz.wav,0.0,5.0,orca_call,1.5037904
504407,MARS_20160401_20160430_32kHz,MARS_20160421_193119_resampled_32kHz.wav,15.0,20.0,orca_call,1.2297754
504408,MARS_20160401_20160430_32kHz,MARS_20160421_193119_resampled_32kHz.wav,20.0,25.0,orca_call,4.392434
504409,MARS_20160401_20160430_32kHz,MARS_20160421_193119_resampled_32kHz.wav,25.0,30.0,orca_call,1.6868638
504410,MARS_20160401_20160430_32kHz,MARS_20160421_193119_resampled_32kHz.wav,30.0,35.0,orca_call,1.8475696
504413,MARS_20160401_20160430_32kHz,MARS_20160421_193119_resampled_32kHz.wav,45.0,50.0,orca_call,0.91202664
504418,MARS_20160401_20160430_32kHz,MARS_20160421_193119_resampled_32kHz.wav,70.0,75.0,orca_call,2.8244421
504419,MARS_20160401_20160430_32kHz,MARS_20160421_193119_resampled_32kHz.wav,75.0,80.0,orca_call,0.6819034
504420,MARS_20160401_20160430_32kHz,MARS_20160421_193119_resampled_32kHz.wav,80.0,85.0,orca_call,0.432643
504423,MARS_20160401_20160430_32kHz,MARS_20160421_193119_resampled_32kHz.wav,95.0,100.0,orca_call,1.6893644
504427,MARS_20160401_20160430_32kHz,MARS_20160421_193119_resampled_32kHz.wav,115.0,120.0,orca_call,2.0782301
504437,MARS_20160401_20160430_32kHz,MARS_20160421_193119_resampled_32kHz.wav,165.0,170.0,orca_call,0.64549553
504441,MARS_20160401_20160430_32kHz,MARS_20160421_193119_resampled_32kHz.wav,185.0,190.0,orca_call,1.2227561
504445,MARS_20160401_20160430_32kHz,MARS_20160421_193119_resampled_32kHz.wav,205.0,210.0,orca_call,1.3393925
504469,MARS_20160401_20160430_32kHz,MARS_20160421_193119_resampled_32kHz.wav,325.0,330.0,orca_call,0.1919416
504474,MARS_20160401_20160430_32kHz,MARS_20160421_193119_resampled_32kHz.wav,350.0,355.0,orca_call,0.038486063
504476,MARS_20160401_20160430_32kHz,MARS_20160421_193119_resampled_32kHz.wav,360.0,365.0,orca_call,0.026882425
505004,MARS_20160401_20160430_32kHz,MARS_20160420_071713_resampled_32kHz.wav,0.0,5.0,orca_call,1.819037
505017,MARS_20160401_20160430_32kHz,MARS_20160420_071713_resampled_32kHz.wav,65.0,70.0,orca_call,2.9640136
505026,MARS_20160401_20160430_32kHz,MARS_20160420_071713_resampled_32kHz.wav,110.0,115.0,orca_call,0.001329124
505032,MARS_20160401_20160430_32kHz,MARS_20160420_071713_resampled_32kHz.wav,140.0,145.0,orca_call,0.39391947
505036,MARS_20160401_20160430_32kHz,MARS_20160420_071713_resampled_32kHz.wav,160.0,165.0,orca_call,2.0729377
505037,MARS_20160401_20160430_32kHz,MARS_20160420_071713_resampled_32kHz.wav,165.0,170.0,orca_call,0.77911437
505044,MARS_20160401_20160430_32kHz,MARS_20160420_071713_resampled_32kHz.wav,200.0,205.0,orca_call,0.14179666
505052,MARS_20160401_20160430_32kHz,MARS_20160420_071713_resampled_32kHz.wav,240.0,245.0,orca_call,1.109442
505055,MARS_20160401_20160430_32kHz,MARS_20160420_071713_resampled_32kHz.wav,255.0,260.0,orca_call,0.8518281
505068,MARS_20160401_20160430_32kHz,MARS_20160420_071713_resampled_32kHz.wav,320.0,325.0,orca_call,0.29414946
505071,MARS_20160401_20160430_32kHz,MARS_20160420_071713_resampled_32kHz.wav,335.0,340.0,orca_call,0.027379796
505081,MARS_20160401_20160430_32kHz,MARS_20160420_071713_resampled_32kHz.wav,385.0,390.0,orca_call,1.1106478
505113,MARS_20160401_20160430_32kHz,MARS_20160420_071713_resampled_32kHz.wav,545.0,550.0,orca_call,1.5938014
505119,MARS_20160401_20160430_32kHz,MARS_20160420_071713_resampled_32kHz.wav,575.0,580.0,orca_call,1.3588693
506814,MARS_20160401_20160430_32kHz,MARS_20160416_111017_resampled_32kHz.wav,50.0,55.0,orca_call,1.2255626
506817,MARS_20160401_20160430_32kHz,MARS_20160416_111017_resampled_32kHz.wav,65.0,70.0,orca_call,0.7620106
506917,MARS_20160401_20160430_32kHz,MARS_20160416_111017_resampled_32kHz.wav,565.0,570.0,orca_call,1.6287138
507294,MARS_20160401_20160430_32kHz,MARS_20160420_065713_resampled_32kHz.wav,50.0,55.0,orca_call,0.3432474
507298,MARS_20160401_20160430_32kHz,MARS_20160420_065713_resampled_32kHz.wav,70.0,75.0,orca_call,0.31353992
507305,MARS_20160401_20160430_32kHz,MARS_20160420_065713_resampled_32kHz.wav,105.0,110.0,orca_call,0.40732658
507325,MARS_20160401_20160430_32kHz,MARS_20160420_065713_resampled_32kHz.wav,205.0,210.0,orca_call,2.5217826
507359,MARS_20160401_20160430_32kHz,MARS_20160420_065713_resampled_32kHz.wav,375.0,380.0,orca_call,0.48723465
507379,MARS_20160401_20160430_32kHz,MARS_20160420_065713_resampled_32kHz.wav,475.0,480.0,orca_call,1.6807622
508327,MARS_20160401_20160430_32kHz,MARS_20160427_141418_resampled_32kHz.wav,415.0,420.0,orca_call,2.5447066
508328,MARS_20160401_20160430_32kHz,MARS_20160427_141418_resampled_32kHz.wav,420.0,425.0,orca_call,3.9669282
508329,MARS_20160401_20160430_32kHz,MARS_20160427_141418_resampled_32kHz.wav,425.0,430.0,orca_call,2.2502527
508331,MARS_20160401_20160430_32kHz,MARS_20160427_141418_resampled_32kHz.wav,435.0,440.0,orca_call,1.8220829
508333,MARS_20160401_20160430_32kHz,MARS_20160427_141418_resampled_32kHz.wav,445.0,450.0,orca_call,2.8331285
508334,MARS_20160401_20160430_32kHz,MARS_20160427_141418_resampled_32kHz.wav,450.0,455.0,orca_call,1.2530339
508336,MARS_20160401_20160430_32kHz,MARS_20160427_141418_resampled_32kHz.wav,460.0,465.0,orca_call,2.1852515
511609,MARS_20160401_20160430_32kHz,MARS_20160421_061016_resampled_32kHz.wav,25.0,30.0,orca_call,1.1948318
512937,MARS_20160401_20160430_32kHz,MARS_20160409_133029_resampled_32kHz.wav,65.0,70.0,orca_call,0.6199041
512948,MARS_20160401_20160430_32kHz,MARS_20160409_133029_resampled_32kHz.wav,120.0,125.0,orca_call,0.5093378
512949,MARS_20160401_20160430_32kHz,MARS_20160409_133029_resampled_32kHz.wav,125.0,130.0,orca_call,0.891991
514124,MARS_20160401_20160430_32kHz,MARS_20160419_084716_resampled_32kHz.wav,0.0,5.0,orca_call,0.9017575
514126,MARS_20160401_20160430_32kHz,MARS_20160419_084716_resampled_32kHz.wav,10.0,15.0,orca_call,0.37001187
514129,MARS_20160401_20160430_32kHz,MARS_20160419_084716_resampled_32kHz.wav,25.0,30.0,orca_call,0.9361346
514136,MARS_20160401_20160430_32kHz,MARS_20160419_084716_resampled_32kHz.wav,60.0,65.0,orca_call,2.2959642
514151,MARS_20160401_20160430_32kHz,MARS_20160419_084716_resampled_32kHz.wav,135.0,140.0,orca_call,0.30861944
514155,MARS_20160401_20160430_32kHz,MARS_20160419_084716_resampled_32kHz.wav,155.0,160.0,orca_call,0.84353876
514161,MARS_20160401_20160430_32kHz,MARS_20160419_084716_resampled_32kHz.wav,185.0,190.0,orca_call,2.0425231
514162,MARS_20160401_20160430_32kHz,MARS_20160419_084716_resampled_32kHz.wav,190.0,195.0,orca_call,1.6291556
514163,MARS_20160401_20160430_32kHz,MARS_20160419_084716_resampled_32kHz.wav,195.0,200.0,orca_call,0.60402393
514165,MARS_20160401_20160430_32kHz,MARS_20160419_084716_resampled_32kHz.wav,205.0,210.0,orca_call,2.4009917
514166,MARS_20160401_20160430_32kHz,MARS_20160419_084716_resampled_32kHz.wav,210.0,215.0,orca_call,0.47785747
514168,MARS_20160401_20160430_32kHz,MARS_20160419_084716_resampled_32kHz.wav,220.0,225.0,orca_call,2.4407692
514169,MARS_20160401_20160430_32kHz,MARS_20160419_084716_resampled_32kHz.wav,225.0,230.0,orca_call,1.2239743
514170,MARS_20160401_20160430_32kHz,MARS_20160419_084716_resampled_32kHz.wav,230.0,235.0,orca_call,2.1821182
514222,MARS_20160401_20160430_32kHz,MARS_20160419_084716_resampled_32kHz.wav,490.0,495.0,orca_call,1.5730351
