idx,project,filename,window_start,window_end,label,logits
2044,MARS_20160501_20160531_32kHz,MARS_20160512_044934_resampled_32kHz.wav,15.0,20.0,orca_call,0.682018
2050,MARS_20160501_20160531_32kHz,MARS_20160512_044934_resampled_32kHz.wav,45.0,50.0,orca_call,0.22602019
2059,MARS_20160501_20160531_32kHz,MARS_20160512_044934_resampled_32kHz.wav,90.0,95.0,orca_call,0.069021456
2064,MARS_20160501_20160531_32kHz,MARS_20160512_044934_resampled_32kHz.wav,115.0,120.0,orca_call,0.42138994
2067,MARS_20160501_20160531_32kHz,MARS_20160512_044934_resampled_32kHz.wav,130.0,135.0,orca_call,0.71096027
2070,MARS_20160501_20160531_32kHz,MARS_20160512_044934_resampled_32kHz.wav,145.0,150.0,orca_call,0.626384
2071,MARS_20160501_20160531_32kHz,MARS_20160512_044934_resampled_32kHz.wav,150.0,155.0,orca_call,1.137863
2072,MARS_20160501_20160531_32kHz,MARS_20160512_044934_resampled_32kHz.wav,155.0,160.0,orca_call,1.6580229
2074,MARS_20160501_20160531_32kHz,MARS_20160512_044934_resampled_32kHz.wav,165.0,170.0,orca_call,0.22683841
2075,MARS_20160501_20160531_32kHz,MARS_20160512_044934_resampled_32kHz.wav,170.0,175.0,orca_call,0.5992574
2079,MARS_20160501_20160531_32kHz,MARS_20160512_044934_resampled_32kHz.wav,190.0,195.0,orca_call,0.27246994
2087,MARS_20160501_20160531_32kHz,MARS_20160512_044934_resampled_32kHz.wav,230.0,235.0,orca_call,0.34105074
2118,MARS_20160501_20160531_32kHz,MARS_20160512_044934_resampled_32kHz.wav,385.0,390.0,orca_call,1.5169172
2145,MARS_20160501_20160531_32kHz,MARS_20160512_044934_resampled_32kHz.wav,520.0,525.0,orca_call,0.16484168
2148,MARS_20160501_20160531_32kHz,MARS_20160512_044934_resampled_32kHz.wav,535.0,540.0,orca_call,0.079168014
2150,MARS_20160501_20160531_32kHz,MARS_20160512_044934_resampled_32kHz.wav,545.0,550.0,orca_call,0.81994486
2155,MARS_20160501_20160531_32kHz,MARS_20160512_044934_resampled_32kHz.wav,570.0,575.0,orca_call,1.5285517
2156,MARS_20160501_20160531_32kHz,MARS_20160512_044934_resampled_32kHz.wav,575.0,580.0,orca_call,1.6337667
2160,MARS_20160501_20160531_32kHz,MARS_20160512_044934_resampled_32kHz.wav,595.0,600.0,orca_call,0.27382088
3162,MARS_20160501_20160531_32kHz,MARS_20160523_155004_resampled_32kHz.wav,205.0,210.0,orca_call,0.11151748
3164,MARS_20160501_20160531_32kHz,MARS_20160523_155004_resampled_32kHz.wav,215.0,220.0,orca_call,0.11486127
4576,MARS_20160501_20160531_32kHz,MARS_20160523_142004_resampled_32kHz.wav,75.0,80.0,orca_call,0.17444137
6408,MARS_20160501_20160531_32kHz,MARS_20160507_144516_resampled_32kHz.wav,235.0,240.0,orca_call,0.98636997
16014,MARS_20160501_20160531_32kHz,MARS_20160522_124005_resampled_32kHz.wav,265.0,270.0,orca_call,0.36874926
16858,MARS_20160501_20160531_32kHz,MARS_20160529_115351_resampled_32kHz.wav,285.0,290.0,orca_call,0.114739425
22575,MARS_20160501_20160531_32kHz,MARS_20160509_231203_resampled_32kHz.wav,535.0,540.0,orca_call,0.052461587
22576,MARS_20160501_20160531_32kHz,MARS_20160509_231203_resampled_32kHz.wav,540.0,545.0,orca_call,0.86424804
24276,MARS_20160501_20160531_32kHz,MARS_20160508_095515_resampled_32kHz.wav,40.0,45.0,orca_call,0.03287428
24278,MARS_20160501_20160531_32kHz,MARS_20160508_095515_resampled_32kHz.wav,50.0,55.0,orca_call,2.687781
24291,MARS_20160501_20160531_32kHz,MARS_20160508_095515_resampled_32kHz.wav,115.0,120.0,orca_call,0.80584997
24292,MARS_20160501_20160531_32kHz,MARS_20160508_095515_resampled_32kHz.wav,120.0,125.0,orca_call,0.025697395
24306,MARS_20160501_20160531_32kHz,MARS_20160508_095515_resampled_32kHz.wav,190.0,195.0,orca_call,0.4198442
24308,MARS_20160501_20160531_32kHz,MARS_20160508_095515_resampled_32kHz.wav,200.0,205.0,orca_call,0.8312543
24322,MARS_20160501_20160531_32kHz,MARS_20160508_095515_resampled_32kHz.wav,270.0,275.0,orca_call,0.8562132
24328,MARS_20160501_20160531_32kHz,MARS_20160508_095515_resampled_32kHz.wav,300.0,305.0,orca_call,1.8718098
24337,MARS_20160501_20160531_32kHz,MARS_20160508_095515_resampled_32kHz.wav,345.0,350.0,orca_call,1.3118387
24348,MARS_20160501_20160531_32kHz,MARS_20160508_095515_resampled_32kHz.wav,400.0,405.0,orca_call,0.024852388
24353,MARS_20160501_20160531_32kHz,MARS_20160508_095515_resampled_32kHz.wav,425.0,430.0,orca_call,0.054366834
24355,MARS_20160501_20160531_32kHz,MARS_20160508_095515_resampled_32kHz.wav,435.0,440.0,orca_call,1.2546489
24356,MARS_20160501_20160531_32kHz,MARS_20160508_095515_resampled_32kHz.wav,440.0,445.0,orca_call,2.0555694
25066,MARS_20160501_20160531_32kHz,MARS_20160506_072836_resampled_32kHz.wav,390.0,395.0,orca_call,0.9344827
27396,MARS_20160501_20160531_32kHz,MARS_20160508_081515_resampled_32kHz.wav,40.0,45.0,orca_call,0.17039534
27397,MARS_20160501_20160531_32kHz,MARS_20160508_081515_resampled_32kHz.wav,45.0,50.0,orca_call,0.68627846
27417,MARS_20160501_20160531_32kHz,MARS_20160508_081515_resampled_32kHz.wav,145.0,150.0,orca_call,0.7472173
27442,MARS_20160501_20160531_32kHz,MARS_20160508_081515_resampled_32kHz.wav,270.0,275.0,orca_call,0.66939926
27848,MARS_20160501_20160531_32kHz,MARS_20160521_082842_resampled_32kHz.wav,500.0,505.0,orca_call,0.123705395
31594,MARS_20160501_20160531_32kHz,MARS_20160522_202005_resampled_32kHz.wav,30.0,35.0,orca_call,0.5112663
31665,MARS_20160501_20160531_32kHz,MARS_20160522_202005_resampled_32kHz.wav,385.0,390.0,orca_call,1.3198242
31667,MARS_20160501_20160531_32kHz,MARS_20160522_202005_resampled_32kHz.wav,395.0,400.0,orca_call,0.14103353
31671,MARS_20160501_20160531_32kHz,MARS_20160522_202005_resampled_32kHz.wav,415.0,420.0,orca_call,0.3939388
31679,MARS_20160501_20160531_32kHz,MARS_20160522_202005_resampled_32kHz.wav,455.0,460.0,orca_call,0.44648033
31681,MARS_20160501_20160531_32kHz,MARS_20160522_202005_resampled_32kHz.wav,465.0,470.0,orca_call,0.014171772
31690,MARS_20160501_20160531_32kHz,MARS_20160522_202005_resampled_32kHz.wav,510.0,515.0,orca_call,0.5607428
32927,MARS_20160501_20160531_32kHz,MARS_20160529_065351_resampled_32kHz.wav,95.0,100.0,orca_call,0.1297527
33093,MARS_20160501_20160531_32kHz,MARS_20160523_132004_resampled_32kHz.wav,325.0,330.0,orca_call,0.13362986
33111,MARS_20160501_20160531_32kHz,MARS_20160523_132004_resampled_32kHz.wav,415.0,420.0,orca_call,1.4385089
33748,MARS_20160501_20160531_32kHz,MARS_20160514_132932_resampled_32kHz.wav,0.0,5.0,orca_call,0.098038055
36508,MARS_20160501_20160531_32kHz,MARS_20160512_070934_resampled_32kHz.wav,0.0,5.0,orca_call,0.5836618
36509,MARS_20160501_20160531_32kHz,MARS_20160512_070934_resampled_32kHz.wav,5.0,10.0,orca_call,1.1126088
36511,MARS_20160501_20160531_32kHz,MARS_20160512_070934_resampled_32kHz.wav,15.0,20.0,orca_call,0.97453344
36512,MARS_20160501_20160531_32kHz,MARS_20160512_070934_resampled_32kHz.wav,20.0,25.0,orca_call,1.6288456
36513,MARS_20160501_20160531_32kHz,MARS_20160512_070934_resampled_32kHz.wav,25.0,30.0,orca_call,2.013487
36514,MARS_20160501_20160531_32kHz,MARS_20160512_070934_resampled_32kHz.wav,30.0,35.0,orca_call,1.9158372
36515,MARS_20160501_20160531_32kHz,MARS_20160512_070934_resampled_32kHz.wav,35.0,40.0,orca_call,1.7840195
36516,MARS_20160501_20160531_32kHz,MARS_20160512_070934_resampled_32kHz.wav,40.0,45.0,orca_call,0.387143
36517,MARS_20160501_20160531_32kHz,MARS_20160512_070934_resampled_32kHz.wav,45.0,50.0,orca_call,0.71248275
36522,MARS_20160501_20160531_32kHz,MARS_20160512_070934_resampled_32kHz.wav,70.0,75.0,orca_call,1.1655855
36523,MARS_20160501_20160531_32kHz,MARS_20160512_070934_resampled_32kHz.wav,75.0,80.0,orca_call,2.0175054
36525,MARS_20160501_20160531_32kHz,MARS_20160512_070934_resampled_32kHz.wav,85.0,90.0,orca_call,1.4823397
36526,MARS_20160501_20160531_32kHz,MARS_20160512_070934_resampled_32kHz.wav,90.0,95.0,orca_call,2.2178016
36528,MARS_20160501_20160531_32kHz,MARS_20160512_070934_resampled_32kHz.wav,100.0,105.0,orca_call,0.72853285
36531,MARS_20160501_20160531_32kHz,MARS_20160512_070934_resampled_32kHz.wav,115.0,120.0,orca_call,0.07840467
36533,MARS_20160501_20160531_32kHz,MARS_20160512_070934_resampled_32kHz.wav,125.0,130.0,orca_call,1.0208424
36534,MARS_20160501_20160531_32kHz,MARS_20160512_070934_resampled_32kHz.wav,130.0,135.0,orca_call,0.08717216
36537,MARS_20160501_20160531_32kHz,MARS_20160512_070934_resampled_32kHz.wav,145.0,150.0,orca_call,0.8557374
36538,MARS_20160501_20160531_32kHz,MARS_20160512_070934_resampled_32kHz.wav,150.0,155.0,orca_call,2.5169268
36542,MARS_20160501_20160531_32kHz,MARS_20160512_070934_resampled_32kHz.wav,170.0,175.0,orca_call,1.2267925
36543,MARS_20160501_20160531_32kHz,MARS_20160512_070934_resampled_32kHz.wav,175.0,180.0,orca_call,1.531213
36544,MARS_20160501_20160531_32kHz,MARS_20160512_070934_resampled_32kHz.wav,180.0,185.0,orca_call,2.7389302
36545,MARS_20160501_20160531_32kHz,MARS_20160512_070934_resampled_32kHz.wav,185.0,190.0,orca_call,3.0738735
36546,MARS_20160501_20160531_32kHz,MARS_20160512_070934_resampled_32kHz.wav,190.0,195.0,orca_call,1.3964151
36548,MARS_20160501_20160531_32kHz,MARS_20160512_070934_resampled_32kHz.wav,200.0,205.0,orca_call,2.201463
36549,MARS_20160501_20160531_32kHz,MARS_20160512_070934_resampled_32kHz.wav,205.0,210.0,orca_call,1.5165176
36552,MARS_20160501_20160531_32kHz,MARS_20160512_070934_resampled_32kHz.wav,220.0,225.0,orca_call,1.1408662
36554,MARS_20160501_20160531_32kHz,MARS_20160512_070934_resampled_32kHz.wav,230.0,235.0,orca_call,0.40068263
36555,MARS_20160501_20160531_32kHz,MARS_20160512_070934_resampled_32kHz.wav,235.0,240.0,orca_call,1.3073891
36556,MARS_20160501_20160531_32kHz,MARS_20160512_070934_resampled_32kHz.wav,240.0,245.0,orca_call,0.7306585
36559,MARS_20160501_20160531_32kHz,MARS_20160512_070934_resampled_32kHz.wav,255.0,260.0,orca_call,0.55350405
36561,MARS_20160501_20160531_32kHz,MARS_20160512_070934_resampled_32kHz.wav,265.0,270.0,orca_call,0.7676512
36562,MARS_20160501_20160531_32kHz,MARS_20160512_070934_resampled_32kHz.wav,270.0,275.0,orca_call,1.152797
36563,MARS_20160501_20160531_32kHz,MARS_20160512_070934_resampled_32kHz.wav,275.0,280.0,orca_call,0.035376064
36564,MARS_20160501_20160531_32kHz,MARS_20160512_070934_resampled_32kHz.wav,280.0,285.0,orca_call,0.94449353
36566,MARS_20160501_20160531_32kHz,MARS_20160512_070934_resampled_32kHz.wav,290.0,295.0,orca_call,0.2421844
36567,MARS_20160501_20160531_32kHz,MARS_20160512_070934_resampled_32kHz.wav,295.0,300.0,orca_call,0.87175465
36568,MARS_20160501_20160531_32kHz,MARS_20160512_070934_resampled_32kHz.wav,300.0,305.0,orca_call,0.4090067
36569,MARS_20160501_20160531_32kHz,MARS_20160512_070934_resampled_32kHz.wav,305.0,310.0,orca_call,1.8032775
36570,MARS_20160501_20160531_32kHz,MARS_20160512_070934_resampled_32kHz.wav,310.0,315.0,orca_call,0.4488672
36573,MARS_20160501_20160531_32kHz,MARS_20160512_070934_resampled_32kHz.wav,325.0,330.0,orca_call,0.9595295
36574,MARS_20160501_20160531_32kHz,MARS_20160512_070934_resampled_32kHz.wav,330.0,335.0,orca_call,2.4972951
36575,MARS_20160501_20160531_32kHz,MARS_20160512_070934_resampled_32kHz.wav,335.0,340.0,orca_call,0.71098685
36576,MARS_20160501_20160531_32kHz,MARS_20160512_070934_resampled_32kHz.wav,340.0,345.0,orca_call,0.9427278
36577,MARS_20160501_20160531_32kHz,MARS_20160512_070934_resampled_32kHz.wav,345.0,350.0,orca_call,1.3714522
36578,MARS_20160501_20160531_32kHz,MARS_20160512_070934_resampled_32kHz.wav,350.0,355.0,orca_call,2.005451
36579,MARS_20160501_20160531_32kHz,MARS_20160512_070934_resampled_32kHz.wav,355.0,360.0,orca_call,0.41950023
36580,MARS_20160501_20160531_32kHz,MARS_20160512_070934_resampled_32kHz.wav,360.0,365.0,orca_call,1.0808685
36582,MARS_20160501_20160531_32kHz,MARS_20160512_070934_resampled_32kHz.wav,370.0,375.0,orca_call,2.2365904
36583,MARS_20160501_20160531_32kHz,MARS_20160512_070934_resampled_32kHz.wav,375.0,380.0,orca_call,0.4217962
36584,MARS_20160501_20160531_32kHz,MARS_20160512_070934_resampled_32kHz.wav,380.0,385.0,orca_call,1.3369054
36585,MARS_20160501_20160531_32kHz,MARS_20160512_070934_resampled_32kHz.wav,385.0,390.0,orca_call,0.25839996
36586,MARS_20160501_20160531_32kHz,MARS_20160512_070934_resampled_32kHz.wav,390.0,395.0,orca_call,1.85184
36587,MARS_20160501_20160531_32kHz,MARS_20160512_070934_resampled_32kHz.wav,395.0,400.0,orca_call,0.36380848
36588,MARS_20160501_20160531_32kHz,MARS_20160512_070934_resampled_32kHz.wav,400.0,405.0,orca_call,1.6282042
36589,MARS_20160501_20160531_32kHz,MARS_20160512_070934_resampled_32kHz.wav,405.0,410.0,orca_call,0.6546135
36591,MARS_20160501_20160531_32kHz,MARS_20160512_070934_resampled_32kHz.wav,415.0,420.0,orca_call,0.38901123
36592,MARS_20160501_20160531_32kHz,MARS_20160512_070934_resampled_32kHz.wav,420.0,425.0,orca_call,0.25165364
36593,MARS_20160501_20160531_32kHz,MARS_20160512_070934_resampled_32kHz.wav,425.0,430.0,orca_call,1.2012454
36594,MARS_20160501_20160531_32kHz,MARS_20160512_070934_resampled_32kHz.wav,430.0,435.0,orca_call,0.40975493
36596,MARS_20160501_20160531_32kHz,MARS_20160512_070934_resampled_32kHz.wav,440.0,445.0,orca_call,0.024409465
36597,MARS_20160501_20160531_32kHz,MARS_20160512_070934_resampled_32kHz.wav,445.0,450.0,orca_call,1.2902629
36598,MARS_20160501_20160531_32kHz,MARS_20160512_070934_resampled_32kHz.wav,450.0,455.0,orca_call,0.89810646
36602,MARS_20160501_20160531_32kHz,MARS_20160512_070934_resampled_32kHz.wav,470.0,475.0,orca_call,0.61399907
36603,MARS_20160501_20160531_32kHz,MARS_20160512_070934_resampled_32kHz.wav,475.0,480.0,orca_call,1.3082956
36606,MARS_20160501_20160531_32kHz,MARS_20160512_070934_resampled_32kHz.wav,490.0,495.0,orca_call,1.2174479
36607,MARS_20160501_20160531_32kHz,MARS_20160512_070934_resampled_32kHz.wav,495.0,500.0,orca_call,0.03796255
36612,MARS_20160501_20160531_32kHz,MARS_20160512_070934_resampled_32kHz.wav,520.0,525.0,orca_call,0.9857949
36617,MARS_20160501_20160531_32kHz,MARS_20160512_070934_resampled_32kHz.wav,545.0,550.0,orca_call,1.0572282
36619,MARS_20160501_20160531_32kHz,MARS_20160512_070934_resampled_32kHz.wav,555.0,560.0,orca_call,0.61295784
36622,MARS_20160501_20160531_32kHz,MARS_20160512_070934_resampled_32kHz.wav,570.0,575.0,orca_call,1.2259109
36623,MARS_20160501_20160531_32kHz,MARS_20160512_070934_resampled_32kHz.wav,575.0,580.0,orca_call,2.0312505
36625,MARS_20160501_20160531_32kHz,MARS_20160512_070934_resampled_32kHz.wav,585.0,590.0,orca_call,0.3775611
36627,MARS_20160501_20160531_32kHz,MARS_20160512_070934_resampled_32kHz.wav,595.0,600.0,orca_call,1.2297027
37589,MARS_20160501_20160531_32kHz,MARS_20160512_142934_resampled_32kHz.wav,275.0,280.0,orca_call,0.6344638
37628,MARS_20160501_20160531_32kHz,MARS_20160512_142934_resampled_32kHz.wav,470.0,475.0,orca_call,0.28902185
37651,MARS_20160501_20160531_32kHz,MARS_20160512_142934_resampled_32kHz.wav,585.0,590.0,orca_call,0.082419746
37653,MARS_20160501_20160531_32kHz,MARS_20160512_142934_resampled_32kHz.wav,595.0,600.0,orca_call,1.8543373
38155,MARS_20160501_20160531_32kHz,MARS_20160521_081842_resampled_32kHz.wav,105.0,110.0,orca_call,0.32941115
38157,MARS_20160501_20160531_32kHz,MARS_20160521_081842_resampled_32kHz.wav,115.0,120.0,orca_call,0.29026383
51966,MARS_20160501_20160531_32kHz,MARS_20160512_144934_resampled_32kHz.wav,160.0,165.0,orca_call,1.3230883
51967,MARS_20160501_20160531_32kHz,MARS_20160512_144934_resampled_32kHz.wav,165.0,170.0,orca_call,0.5988349
51978,MARS_20160501_20160531_32kHz,MARS_20160512_144934_resampled_32kHz.wav,220.0,225.0,orca_call,0.97246337
52015,MARS_20160501_20160531_32kHz,MARS_20160512_144934_resampled_32kHz.wav,405.0,410.0,orca_call,0.5188765
52208,MARS_20160501_20160531_32kHz,MARS_20160506_084836_resampled_32kHz.wav,170.0,175.0,orca_call,0.19828236
52255,MARS_20160501_20160531_32kHz,MARS_20160506_084836_resampled_32kHz.wav,405.0,410.0,orca_call,0.59757406
54144,MARS_20160501_20160531_32kHz,MARS_20160510_002203_resampled_32kHz.wav,250.0,255.0,orca_call,0.84022796
54147,MARS_20160501_20160531_32kHz,MARS_20160510_002203_resampled_32kHz.wav,265.0,270.0,orca_call,0.6866882
54278,MARS_20160501_20160531_32kHz,MARS_20160510_070203_resampled_32kHz.wav,320.0,325.0,orca_call,0.11308176
54287,MARS_20160501_20160531_32kHz,MARS_20160510_070203_resampled_32kHz.wav,365.0,370.0,orca_call,0.13760266
57109,MARS_20160501_20160531_32kHz,MARS_20160508_085515_resampled_32kHz.wav,75.0,80.0,orca_call,0.48929316
57110,MARS_20160501_20160531_32kHz,MARS_20160508_085515_resampled_32kHz.wav,80.0,85.0,orca_call,0.41304445
57111,MARS_20160501_20160531_32kHz,MARS_20160508_085515_resampled_32kHz.wav,85.0,90.0,orca_call,1.3455911
57124,MARS_20160501_20160531_32kHz,MARS_20160508_085515_resampled_32kHz.wav,150.0,155.0,orca_call,1.4620087
57127,MARS_20160501_20160531_32kHz,MARS_20160508_085515_resampled_32kHz.wav,165.0,170.0,orca_call,1.1436014
57130,MARS_20160501_20160531_32kHz,MARS_20160508_085515_resampled_32kHz.wav,180.0,185.0,orca_call,1.6129289
57132,MARS_20160501_20160531_32kHz,MARS_20160508_085515_resampled_32kHz.wav,190.0,195.0,orca_call,0.068276696
57133,MARS_20160501_20160531_32kHz,MARS_20160508_085515_resampled_32kHz.wav,195.0,200.0,orca_call,1.3995605
57135,MARS_20160501_20160531_32kHz,MARS_20160508_085515_resampled_32kHz.wav,205.0,210.0,orca_call,0.45903516
57178,MARS_20160501_20160531_32kHz,MARS_20160508_085515_resampled_32kHz.wav,420.0,425.0,orca_call,1.0762848
57179,MARS_20160501_20160531_32kHz,MARS_20160508_085515_resampled_32kHz.wav,425.0,430.0,orca_call,1.5920268
57185,MARS_20160501_20160531_32kHz,MARS_20160508_085515_resampled_32kHz.wav,455.0,460.0,orca_call,0.26609737
57186,MARS_20160501_20160531_32kHz,MARS_20160508_085515_resampled_32kHz.wav,460.0,465.0,orca_call,0.40722865
57194,MARS_20160501_20160531_32kHz,MARS_20160508_085515_resampled_32kHz.wav,500.0,505.0,orca_call,1.6793948
57195,MARS_20160501_20160531_32kHz,MARS_20160508_085515_resampled_32kHz.wav,505.0,510.0,orca_call,1.1107557
57196,MARS_20160501_20160531_32kHz,MARS_20160508_085515_resampled_32kHz.wav,510.0,515.0,orca_call,0.15133202
57199,MARS_20160501_20160531_32kHz,MARS_20160508_085515_resampled_32kHz.wav,525.0,530.0,orca_call,1.2218617
57200,MARS_20160501_20160531_32kHz,MARS_20160508_085515_resampled_32kHz.wav,530.0,535.0,orca_call,0.5723274
57201,MARS_20160501_20160531_32kHz,MARS_20160508_085515_resampled_32kHz.wav,535.0,540.0,orca_call,1.236616
57211,MARS_20160501_20160531_32kHz,MARS_20160508_085515_resampled_32kHz.wav,585.0,590.0,orca_call,0.83291477
58758,MARS_20160501_20160531_32kHz,MARS_20160521_135842_resampled_32kHz.wav,520.0,525.0,orca_call,0.027280055
59812,MARS_20160501_20160531_32kHz,MARS_20160518_181845_resampled_32kHz.wav,390.0,395.0,orca_call,0.20053965
60334,MARS_20160501_20160531_32kHz,MARS_20160524_115003_resampled_32kHz.wav,0.0,5.0,orca_call,0.8357786
60396,MARS_20160501_20160531_32kHz,MARS_20160524_115003_resampled_32kHz.wav,310.0,315.0,orca_call,0.19668505
60402,MARS_20160501_20160531_32kHz,MARS_20160524_115003_resampled_32kHz.wav,340.0,345.0,orca_call,0.53358316
60404,MARS_20160501_20160531_32kHz,MARS_20160524_115003_resampled_32kHz.wav,350.0,355.0,orca_call,0.3625263
61060,MARS_20160501_20160531_32kHz,MARS_20160505_153740_resampled_32kHz.wav,30.0,35.0,orca_call,0.24820721
64120,MARS_20160501_20160531_32kHz,MARS_20160530_190349_resampled_32kHz.wav,330.0,335.0,orca_call,0.016368695
66256,MARS_20160501_20160531_32kHz,MARS_20160511_120935_resampled_32kHz.wav,210.0,215.0,orca_call,0.26911885
66259,MARS_20160501_20160531_32kHz,MARS_20160511_120935_resampled_32kHz.wav,225.0,230.0,orca_call,0.23653439
66261,MARS_20160501_20160531_32kHz,MARS_20160511_120935_resampled_32kHz.wav,235.0,240.0,orca_call,0.57863843
67215,MARS_20160501_20160531_32kHz,MARS_20160504_184939_resampled_32kHz.wav,205.0,210.0,orca_call,0.73128647
67271,MARS_20160501_20160531_32kHz,MARS_20160504_184939_resampled_32kHz.wav,485.0,490.0,orca_call,0.48538303
67317,MARS_20160501_20160531_32kHz,MARS_20160508_091515_resampled_32kHz.wav,115.0,120.0,orca_call,1.6769736
67330,MARS_20160501_20160531_32kHz,MARS_20160508_091515_resampled_32kHz.wav,180.0,185.0,orca_call,0.6746135
67342,MARS_20160501_20160531_32kHz,MARS_20160508_091515_resampled_32kHz.wav,240.0,245.0,orca_call,1.0855199
71827,MARS_20160501_20160531_32kHz,MARS_20160524_174003_resampled_32kHz.wav,465.0,470.0,orca_call,0.16154474
73064,MARS_20160501_20160531_32kHz,MARS_20160512_161934_resampled_32kHz.wav,50.0,55.0,orca_call,0.7014449
73068,MARS_20160501_20160531_32kHz,MARS_20160512_161934_resampled_32kHz.wav,70.0,75.0,orca_call,0.22661874
73070,MARS_20160501_20160531_32kHz,MARS_20160512_161934_resampled_32kHz.wav,80.0,85.0,orca_call,0.4632178
73072,MARS_20160501_20160531_32kHz,MARS_20160512_161934_resampled_32kHz.wav,90.0,95.0,orca_call,0.5556927
76414,MARS_20160501_20160531_32kHz,MARS_20160504_145939_resampled_32kHz.wav,0.0,5.0,orca_call,0.3288797
76438,MARS_20160501_20160531_32kHz,MARS_20160504_145939_resampled_32kHz.wav,120.0,125.0,orca_call,0.29742005
76444,MARS_20160501_20160531_32kHz,MARS_20160504_145939_resampled_32kHz.wav,150.0,155.0,orca_call,0.11862516
76445,MARS_20160501_20160531_32kHz,MARS_20160504_145939_resampled_32kHz.wav,155.0,160.0,orca_call,0.68819356
76449,MARS_20160501_20160531_32kHz,MARS_20160504_145939_resampled_32kHz.wav,175.0,180.0,orca_call,0.2500503
77202,MARS_20160501_20160531_32kHz,MARS_20160511_134935_resampled_32kHz.wav,340.0,345.0,orca_call,0.12270019
78669,MARS_20160501_20160531_32kHz,MARS_20160504_214938_resampled_32kHz.wav,475.0,480.0,orca_call,0.25426966
79184,MARS_20160501_20160531_32kHz,MARS_20160522_190005_resampled_32kHz.wav,50.0,55.0,orca_call,0.05282817
79186,MARS_20160501_20160531_32kHz,MARS_20160522_190005_resampled_32kHz.wav,60.0,65.0,orca_call,0.1958226
79203,MARS_20160501_20160531_32kHz,MARS_20160522_190005_resampled_32kHz.wav,145.0,150.0,orca_call,0.44394362
79207,MARS_20160501_20160531_32kHz,MARS_20160522_190005_resampled_32kHz.wav,165.0,170.0,orca_call,0.48473012
79209,MARS_20160501_20160531_32kHz,MARS_20160522_190005_resampled_32kHz.wav,175.0,180.0,orca_call,0.7109373
79276,MARS_20160501_20160531_32kHz,MARS_20160522_190005_resampled_32kHz.wav,510.0,515.0,orca_call,0.17778397
79280,MARS_20160501_20160531_32kHz,MARS_20160522_190005_resampled_32kHz.wav,530.0,535.0,orca_call,0.20680687
80843,MARS_20160501_20160531_32kHz,MARS_20160522_163005_resampled_32kHz.wav,545.0,550.0,orca_call,0.83582425
80844,MARS_20160501_20160531_32kHz,MARS_20160522_163005_resampled_32kHz.wav,550.0,555.0,orca_call,0.49553728
84555,MARS_20160501_20160531_32kHz,MARS_20160531_182358_resampled_32kHz.wav,125.0,130.0,orca_call,0.012135364
88742,MARS_20160501_20160531_32kHz,MARS_20160508_115515_resampled_32kHz.wav,60.0,65.0,orca_call,0.22485542
88770,MARS_20160501_20160531_32kHz,MARS_20160508_115515_resampled_32kHz.wav,200.0,205.0,orca_call,0.16796419
88778,MARS_20160501_20160531_32kHz,MARS_20160508_115515_resampled_32kHz.wav,240.0,245.0,orca_call,0.49573255
88780,MARS_20160501_20160531_32kHz,MARS_20160508_115515_resampled_32kHz.wav,250.0,255.0,orca_call,0.72677577
88799,MARS_20160501_20160531_32kHz,MARS_20160508_115515_resampled_32kHz.wav,345.0,350.0,orca_call,0.78992605
88806,MARS_20160501_20160531_32kHz,MARS_20160508_115515_resampled_32kHz.wav,380.0,385.0,orca_call,0.7012984
88832,MARS_20160501_20160531_32kHz,MARS_20160508_115515_resampled_32kHz.wav,510.0,515.0,orca_call,0.91112494
88835,MARS_20160501_20160531_32kHz,MARS_20160508_115515_resampled_32kHz.wav,525.0,530.0,orca_call,0.081125624
89148,MARS_20160501_20160531_32kHz,MARS_20160507_081516_resampled_32kHz.wav,290.0,295.0,orca_call,0.26662415
89151,MARS_20160501_20160531_32kHz,MARS_20160507_081516_resampled_32kHz.wav,305.0,310.0,orca_call,0.034774296
91209,MARS_20160501_20160531_32kHz,MARS_20160531_011349_resampled_32kHz.wav,90.0,95.0,orca_call,0.06158849
91231,MARS_20160501_20160531_32kHz,MARS_20160531_011349_resampled_32kHz.wav,200.0,205.0,orca_call,1.0410881
93456,MARS_20160501_20160531_32kHz,MARS_20160507_162516_resampled_32kHz.wav,525.0,530.0,orca_call,0.94070613
95725,MARS_20160501_20160531_32kHz,MARS_20160513_141933_resampled_32kHz.wav,470.0,475.0,orca_call,0.8301128
97034,MARS_20160501_20160531_32kHz,MARS_20160522_100005_resampled_32kHz.wav,415.0,420.0,orca_call,0.0445688
100977,MARS_20160501_20160531_32kHz,MARS_20160524_122003_resampled_32kHz.wav,330.0,335.0,orca_call,0.12287993
101116,MARS_20160501_20160531_32kHz,MARS_20160505_111740_resampled_32kHz.wav,425.0,430.0,orca_call,0.20637894
102274,MARS_20160501_20160531_32kHz,MARS_20160511_121935_resampled_32kHz.wav,215.0,220.0,orca_call,0.72637665
102275,MARS_20160501_20160531_32kHz,MARS_20160511_121935_resampled_32kHz.wav,220.0,225.0,orca_call,0.15605292
102280,MARS_20160501_20160531_32kHz,MARS_20160511_121935_resampled_32kHz.wav,245.0,250.0,orca_call,1.2696916
102297,MARS_20160501_20160531_32kHz,MARS_20160511_121935_resampled_32kHz.wav,330.0,335.0,orca_call,0.2554354
102342,MARS_20160501_20160531_32kHz,MARS_20160511_121935_resampled_32kHz.wav,555.0,560.0,orca_call,0.01250872
107764,MARS_20160501_20160531_32kHz,MARS_20160504_191939_resampled_32kHz.wav,515.0,520.0,orca_call,0.14076701
107770,MARS_20160501_20160531_32kHz,MARS_20160504_191939_resampled_32kHz.wav,545.0,550.0,orca_call,1.1991459
111639,MARS_20160501_20160531_32kHz,MARS_20160521_084842_resampled_32kHz.wav,90.0,95.0,orca_call,0.17260695
111649,MARS_20160501_20160531_32kHz,MARS_20160521_084842_resampled_32kHz.wav,140.0,145.0,orca_call,0.55805546
111652,MARS_20160501_20160531_32kHz,MARS_20160521_084842_resampled_32kHz.wav,155.0,160.0,orca_call,0.9925798
111657,MARS_20160501_20160531_32kHz,MARS_20160521_084842_resampled_32kHz.wav,180.0,185.0,orca_call,0.055492647
111662,MARS_20160501_20160531_32kHz,MARS_20160521_084842_resampled_32kHz.wav,205.0,210.0,orca_call,0.8917241
111668,MARS_20160501_20160531_32kHz,MARS_20160521_084842_resampled_32kHz.wav,235.0,240.0,orca_call,0.21420926
111699,MARS_20160501_20160531_32kHz,MARS_20160521_084842_resampled_32kHz.wav,390.0,395.0,orca_call,1.4993566
111700,MARS_20160501_20160531_32kHz,MARS_20160521_084842_resampled_32kHz.wav,395.0,400.0,orca_call,0.5159362
111703,MARS_20160501_20160531_32kHz,MARS_20160521_084842_resampled_32kHz.wav,410.0,415.0,orca_call,0.055537768
111704,MARS_20160501_20160531_32kHz,MARS_20160521_084842_resampled_32kHz.wav,415.0,420.0,orca_call,0.28521132
113323,MARS_20160501_20160531_32kHz,MARS_20160507_163515_resampled_32kHz.wav,110.0,115.0,orca_call,1.7871724
113327,MARS_20160501_20160531_32kHz,MARS_20160507_163515_resampled_32kHz.wav,130.0,135.0,orca_call,0.5077642
116153,MARS_20160501_20160531_32kHz,MARS_20160504_162939_resampled_32kHz.wav,415.0,420.0,orca_call,0.05077479
116164,MARS_20160501_20160531_32kHz,MARS_20160504_162939_resampled_32kHz.wav,470.0,475.0,orca_call,0.37267348
116182,MARS_20160501_20160531_32kHz,MARS_20160504_162939_resampled_32kHz.wav,560.0,565.0,orca_call,1.5042045
116189,MARS_20160501_20160531_32kHz,MARS_20160504_162939_resampled_32kHz.wav,595.0,600.0,orca_call,0.14044446
120297,MARS_20160501_20160531_32kHz,MARS_20160521_144842_resampled_32kHz.wav,135.0,140.0,orca_call,1.0758655
120529,MARS_20160501_20160531_32kHz,MARS_20160518_025858_resampled_32kHz.wav,95.0,100.0,orca_call,0.009523414
122888,MARS_20160501_20160531_32kHz,MARS_20160524_120003_resampled_32kHz.wav,490.0,495.0,orca_call,0.079455175
122909,MARS_20160501_20160531_32kHz,MARS_20160524_120003_resampled_32kHz.wav,595.0,600.0,orca_call,0.5598073
133254,MARS_20160501_20160531_32kHz,MARS_20160528_202351_resampled_32kHz.wav,120.0,125.0,orca_call,0.22170532
133296,MARS_20160501_20160531_32kHz,MARS_20160528_202351_resampled_32kHz.wav,330.0,335.0,orca_call,0.009363055
135274,MARS_20160501_20160531_32kHz,MARS_20160508_073515_resampled_32kHz.wav,20.0,25.0,orca_call,0.12605163
135285,MARS_20160501_20160531_32kHz,MARS_20160508_073515_resampled_32kHz.wav,75.0,80.0,orca_call,0.9306277
139746,MARS_20160501_20160531_32kHz,MARS_20160510_004203_resampled_32kHz.wav,180.0,185.0,orca_call,1.29941
139749,MARS_20160501_20160531_32kHz,MARS_20160510_004203_resampled_32kHz.wav,195.0,200.0,orca_call,0.74201757
139753,MARS_20160501_20160531_32kHz,MARS_20160510_004203_resampled_32kHz.wav,215.0,220.0,orca_call,0.11279265
139761,MARS_20160501_20160531_32kHz,MARS_20160510_004203_resampled_32kHz.wav,255.0,260.0,orca_call,0.08978959
139772,MARS_20160501_20160531_32kHz,MARS_20160510_004203_resampled_32kHz.wav,310.0,315.0,orca_call,0.14200279
139775,MARS_20160501_20160531_32kHz,MARS_20160510_004203_resampled_32kHz.wav,325.0,330.0,orca_call,0.21912491
141167,MARS_20160501_20160531_32kHz,MARS_20160502_160632_resampled_32kHz.wav,85.0,90.0,orca_call,0.40171045
146697,MARS_20160501_20160531_32kHz,MARS_20160527_153353_resampled_32kHz.wav,135.0,140.0,orca_call,0.2814968
147270,MARS_20160501_20160531_32kHz,MARS_20160527_180352_resampled_32kHz.wav,0.0,5.0,orca_call,0.50536597
147286,MARS_20160501_20160531_32kHz,MARS_20160527_180352_resampled_32kHz.wav,80.0,85.0,orca_call,0.21372455
147316,MARS_20160501_20160531_32kHz,MARS_20160527_180352_resampled_32kHz.wav,230.0,235.0,orca_call,1.0569539
147387,MARS_20160501_20160531_32kHz,MARS_20160527_180352_resampled_32kHz.wav,585.0,590.0,orca_call,0.29650518
150377,MARS_20160501_20160531_32kHz,MARS_20160502_155632_resampled_32kHz.wav,535.0,540.0,orca_call,0.2591414
152429,MARS_20160501_20160531_32kHz,MARS_20160518_182845_resampled_32kHz.wav,595.0,600.0,orca_call,0.3511082
152680,MARS_20160501_20160531_32kHz,MARS_20160504_193939_resampled_32kHz.wav,50.0,55.0,orca_call,0.9492918
152684,MARS_20160501_20160531_32kHz,MARS_20160504_193939_resampled_32kHz.wav,70.0,75.0,orca_call,0.7547929
156890,MARS_20160501_20160531_32kHz,MARS_20160527_152353_resampled_32kHz.wav,100.0,105.0,orca_call,0.6648786
162397,MARS_20160501_20160531_32kHz,MARS_20160504_163939_resampled_32kHz.wav,35.0,40.0,orca_call,0.30588686
162404,MARS_20160501_20160531_32kHz,MARS_20160504_163939_resampled_32kHz.wav,70.0,75.0,orca_call,0.24773312
162491,MARS_20160501_20160531_32kHz,MARS_20160504_163939_resampled_32kHz.wav,505.0,510.0,orca_call,0.59562737
162501,MARS_20160501_20160531_32kHz,MARS_20160504_163939_resampled_32kHz.wav,555.0,560.0,orca_call,1.2751126
167131,MARS_20160501_20160531_32kHz,MARS_20160512_172934_resampled_32kHz.wav,305.0,310.0,orca_call,0.3305673
167269,MARS_20160501_20160531_32kHz,MARS_20160518_084857_resampled_32kHz.wav,395.0,400.0,orca_call,0.025471695
169590,MARS_20160501_20160531_32kHz,MARS_20160507_170515_resampled_32kHz.wav,0.0,5.0,orca_call,0.9819417
170040,MARS_20160501_20160531_32kHz,MARS_20160518_210845_resampled_32kHz.wav,450.0,455.0,orca_call,0.011172049
172298,MARS_20160501_20160531_32kHz,MARS_20160518_191845_resampled_32kHz.wav,340.0,345.0,orca_call,0.35802865
172299,MARS_20160501_20160531_32kHz,MARS_20160518_191845_resampled_32kHz.wav,345.0,350.0,orca_call,0.07534773
172321,MARS_20160501_20160531_32kHz,MARS_20160518_191845_resampled_32kHz.wav,455.0,460.0,orca_call,0.066800974
173144,MARS_20160501_20160531_32kHz,MARS_20160528_200351_resampled_32kHz.wav,370.0,375.0,orca_call,0.3363341
173979,MARS_20160501_20160531_32kHz,MARS_20160508_074515_resampled_32kHz.wav,345.0,350.0,orca_call,0.4380842
173988,MARS_20160501_20160531_32kHz,MARS_20160508_074515_resampled_32kHz.wav,390.0,395.0,orca_call,0.70662504
173991,MARS_20160501_20160531_32kHz,MARS_20160508_074515_resampled_32kHz.wav,405.0,410.0,orca_call,0.049602218
175051,MARS_20160501_20160531_32kHz,MARS_20160518_093857_resampled_32kHz.wav,220.0,225.0,orca_call,0.05542714
176338,MARS_20160501_20160531_32kHz,MARS_20160523_120004_resampled_32kHz.wav,55.0,60.0,orca_call,0.016386613
176341,MARS_20160501_20160531_32kHz,MARS_20160523_120004_resampled_32kHz.wav,70.0,75.0,orca_call,1.0210296
176477,MARS_20160501_20160531_32kHz,MARS_20160523_174004_resampled_32kHz.wav,150.0,155.0,orca_call,0.084584646
176521,MARS_20160501_20160531_32kHz,MARS_20160523_174004_resampled_32kHz.wav,370.0,375.0,orca_call,0.28686285
176843,MARS_20160501_20160531_32kHz,MARS_20160524_185003_resampled_32kHz.wav,180.0,185.0,orca_call,0.43475205
176855,MARS_20160501_20160531_32kHz,MARS_20160524_185003_resampled_32kHz.wav,240.0,245.0,orca_call,0.04224313
176864,MARS_20160501_20160531_32kHz,MARS_20160524_185003_resampled_32kHz.wav,285.0,290.0,orca_call,0.35792255
177103,MARS_20160501_20160531_32kHz,MARS_20160505_092740_resampled_32kHz.wav,280.0,285.0,orca_call,0.029016316
177135,MARS_20160501_20160531_32kHz,MARS_20160505_092740_resampled_32kHz.wav,440.0,445.0,orca_call,0.59552044
178886,MARS_20160501_20160531_32kHz,MARS_20160504_161939_resampled_32kHz.wav,195.0,200.0,orca_call,1.0782899
178888,MARS_20160501_20160531_32kHz,MARS_20160504_161939_resampled_32kHz.wav,205.0,210.0,orca_call,1.2648921
178891,MARS_20160501_20160531_32kHz,MARS_20160504_161939_resampled_32kHz.wav,220.0,225.0,orca_call,0.3604002
178894,MARS_20160501_20160531_32kHz,MARS_20160504_161939_resampled_32kHz.wav,235.0,240.0,orca_call,0.8546838
178895,MARS_20160501_20160531_32kHz,MARS_20160504_161939_resampled_32kHz.wav,240.0,245.0,orca_call,0.36442098
178896,MARS_20160501_20160531_32kHz,MARS_20160504_161939_resampled_32kHz.wav,245.0,250.0,orca_call,0.35231814
178898,MARS_20160501_20160531_32kHz,MARS_20160504_161939_resampled_32kHz.wav,255.0,260.0,orca_call,0.71389675
178902,MARS_20160501_20160531_32kHz,MARS_20160504_161939_resampled_32kHz.wav,275.0,280.0,orca_call,1.768327
180989,MARS_20160501_20160531_32kHz,MARS_20160503_081129_resampled_32kHz.wav,510.0,515.0,orca_call,0.034350634
181387,MARS_20160501_20160531_32kHz,MARS_20160530_105350_resampled_32kHz.wav,100.0,105.0,orca_call,0.3359726
181821,MARS_20160501_20160531_32kHz,MARS_20160508_102515_resampled_32kHz.wav,470.0,475.0,orca_call,0.03367927
181822,MARS_20160501_20160531_32kHz,MARS_20160508_102515_resampled_32kHz.wav,475.0,480.0,orca_call,0.55674756
186248,MARS_20160501_20160531_32kHz,MARS_20160518_190845_resampled_32kHz.wav,400.0,405.0,orca_call,0.13413793
188915,MARS_20160501_20160531_32kHz,MARS_20160520_201843_resampled_32kHz.wav,535.0,540.0,orca_call,1.0266926
189557,MARS_20160501_20160531_32kHz,MARS_20160524_114003_resampled_32kHz.wav,145.0,150.0,orca_call,0.0435595
191123,MARS_20160501_20160531_32kHz,MARS_20160508_112515_resampled_32kHz.wav,175.0,180.0,orca_call,0.5569239
191135,MARS_20160501_20160531_32kHz,MARS_20160508_112515_resampled_32kHz.wav,235.0,240.0,orca_call,0.08495457
191137,MARS_20160501_20160531_32kHz,MARS_20160508_112515_resampled_32kHz.wav,245.0,250.0,orca_call,0.016736634
191153,MARS_20160501_20160531_32kHz,MARS_20160508_112515_resampled_32kHz.wav,325.0,330.0,orca_call,0.77641666
191184,MARS_20160501_20160531_32kHz,MARS_20160508_112515_resampled_32kHz.wav,480.0,485.0,orca_call,0.039617762
191205,MARS_20160501_20160531_32kHz,MARS_20160508_112515_resampled_32kHz.wav,585.0,590.0,orca_call,0.14726242
192480,MARS_20160501_20160531_32kHz,MARS_20160506_071836_resampled_32kHz.wav,360.0,365.0,orca_call,0.2499763
194590,MARS_20160501_20160531_32kHz,MARS_20160512_151934_resampled_32kHz.wav,110.0,115.0,orca_call,0.532199
194686,MARS_20160501_20160531_32kHz,MARS_20160512_151934_resampled_32kHz.wav,590.0,595.0,orca_call,0.82422876
197128,MARS_20160501_20160531_32kHz,MARS_20160510_055203_resampled_32kHz.wav,200.0,205.0,orca_call,0.24156973
197135,MARS_20160501_20160531_32kHz,MARS_20160510_055203_resampled_32kHz.wav,235.0,240.0,orca_call,0.8942562
197284,MARS_20160501_20160531_32kHz,MARS_20160511_083935_resampled_32kHz.wav,380.0,385.0,orca_call,0.23570016
198374,MARS_20160501_20160531_32kHz,MARS_20160511_151935_resampled_32kHz.wav,430.0,435.0,orca_call,0.10178367
198544,MARS_20160501_20160531_32kHz,MARS_20160521_090842_resampled_32kHz.wav,80.0,85.0,orca_call,0.16797504
198631,MARS_20160501_20160531_32kHz,MARS_20160521_090842_resampled_32kHz.wav,515.0,520.0,orca_call,1.0599567
200659,MARS_20160501_20160531_32kHz,MARS_20160507_082516_resampled_32kHz.wav,455.0,460.0,orca_call,0.034686156
200896,MARS_20160501_20160531_32kHz,MARS_20160502_053633_resampled_32kHz.wav,440.0,445.0,orca_call,0.083340086
205457,MARS_20160501_20160531_32kHz,MARS_20160513_135933_resampled_32kHz.wav,445.0,450.0,orca_call,0.5870434
206066,MARS_20160501_20160531_32kHz,MARS_20160518_185845_resampled_32kHz.wav,490.0,495.0,orca_call,0.33067167
206069,MARS_20160501_20160531_32kHz,MARS_20160518_185845_resampled_32kHz.wav,505.0,510.0,orca_call,0.6406467
206070,MARS_20160501_20160531_32kHz,MARS_20160518_185845_resampled_32kHz.wav,510.0,515.0,orca_call,0.69166946
209113,MARS_20160501_20160531_32kHz,MARS_20160524_055003_resampled_32kHz.wav,125.0,130.0,orca_call,0.5197058
212693,MARS_20160501_20160531_32kHz,MARS_20160511_122935_resampled_32kHz.wav,25.0,30.0,orca_call,0.74611145
215641,MARS_20160501_20160531_32kHz,MARS_20160523_170004_resampled_32kHz.wav,365.0,370.0,orca_call,0.18696725
215648,MARS_20160501_20160531_32kHz,MARS_20160523_170004_resampled_32kHz.wav,400.0,405.0,orca_call,0.08668818
215650,MARS_20160501_20160531_32kHz,MARS_20160523_170004_resampled_32kHz.wav,410.0,415.0,orca_call,0.21095023
215653,MARS_20160501_20160531_32kHz,MARS_20160523_170004_resampled_32kHz.wav,425.0,430.0,orca_call,0.26198974
218093,MARS_20160501_20160531_32kHz,MARS_20160508_090515_resampled_32kHz.wav,25.0,30.0,orca_call,1.3719999
218100,MARS_20160501_20160531_32kHz,MARS_20160508_090515_resampled_32kHz.wav,60.0,65.0,orca_call,0.28847897
218112,MARS_20160501_20160531_32kHz,MARS_20160508_090515_resampled_32kHz.wav,120.0,125.0,orca_call,1.470534
218124,MARS_20160501_20160531_32kHz,MARS_20160508_090515_resampled_32kHz.wav,180.0,185.0,orca_call,0.8140602
218131,MARS_20160501_20160531_32kHz,MARS_20160508_090515_resampled_32kHz.wav,215.0,220.0,orca_call,0.049229957
218143,MARS_20160501_20160531_32kHz,MARS_20160508_090515_resampled_32kHz.wav,275.0,280.0,orca_call,0.47422338
218147,MARS_20160501_20160531_32kHz,MARS_20160508_090515_resampled_32kHz.wav,295.0,300.0,orca_call,0.46631026
218151,MARS_20160501_20160531_32kHz,MARS_20160508_090515_resampled_32kHz.wav,315.0,320.0,orca_call,1.2384555
218178,MARS_20160501_20160531_32kHz,MARS_20160508_090515_resampled_32kHz.wav,450.0,455.0,orca_call,0.059215806
218196,MARS_20160501_20160531_32kHz,MARS_20160508_090515_resampled_32kHz.wav,540.0,545.0,orca_call,0.006746277
218197,MARS_20160501_20160531_32kHz,MARS_20160508_090515_resampled_32kHz.wav,545.0,550.0,orca_call,0.026325576
219772,MARS_20160501_20160531_32kHz,MARS_20160530_185349_resampled_32kHz.wav,20.0,25.0,orca_call,0.31471473
219784,MARS_20160501_20160531_32kHz,MARS_20160530_185349_resampled_32kHz.wav,80.0,85.0,orca_call,0.1253129
223271,MARS_20160501_20160531_32kHz,MARS_20160508_093515_resampled_32kHz.wav,115.0,120.0,orca_call,0.037874773
223277,MARS_20160501_20160531_32kHz,MARS_20160508_093515_resampled_32kHz.wav,145.0,150.0,orca_call,0.026625544
223278,MARS_20160501_20160531_32kHz,MARS_20160508_093515_resampled_32kHz.wav,150.0,155.0,orca_call,0.69066226
223284,MARS_20160501_20160531_32kHz,MARS_20160508_093515_resampled_32kHz.wav,180.0,185.0,orca_call,0.28652146
223290,MARS_20160501_20160531_32kHz,MARS_20160508_093515_resampled_32kHz.wav,210.0,215.0,orca_call,0.557082
223291,MARS_20160501_20160531_32kHz,MARS_20160508_093515_resampled_32kHz.wav,215.0,220.0,orca_call,0.73467433
223294,MARS_20160501_20160531_32kHz,MARS_20160508_093515_resampled_32kHz.wav,230.0,235.0,orca_call,2.0955787
223308,MARS_20160501_20160531_32kHz,MARS_20160508_093515_resampled_32kHz.wav,300.0,305.0,orca_call,1.2672611
223312,MARS_20160501_20160531_32kHz,MARS_20160508_093515_resampled_32kHz.wav,320.0,325.0,orca_call,0.9623821
223313,MARS_20160501_20160531_32kHz,MARS_20160508_093515_resampled_32kHz.wav,325.0,330.0,orca_call,1.8580217
223316,MARS_20160501_20160531_32kHz,MARS_20160508_093515_resampled_32kHz.wav,340.0,345.0,orca_call,0.90836096
223317,MARS_20160501_20160531_32kHz,MARS_20160508_093515_resampled_32kHz.wav,345.0,350.0,orca_call,0.69976807
223318,MARS_20160501_20160531_32kHz,MARS_20160508_093515_resampled_32kHz.wav,350.0,355.0,orca_call,1.0005758
223319,MARS_20160501_20160531_32kHz,MARS_20160508_093515_resampled_32kHz.wav,355.0,360.0,orca_call,0.38563302
223327,MARS_20160501_20160531_32kHz,MARS_20160508_093515_resampled_32kHz.wav,395.0,400.0,orca_call,0.9598805
223332,MARS_20160501_20160531_32kHz,MARS_20160508_093515_resampled_32kHz.wav,420.0,425.0,orca_call,1.2081081
223333,MARS_20160501_20160531_32kHz,MARS_20160508_093515_resampled_32kHz.wav,425.0,430.0,orca_call,0.21588352
223334,MARS_20160501_20160531_32kHz,MARS_20160508_093515_resampled_32kHz.wav,430.0,435.0,orca_call,0.9133324
223339,MARS_20160501_20160531_32kHz,MARS_20160508_093515_resampled_32kHz.wav,455.0,460.0,orca_call,0.13657048
223340,MARS_20160501_20160531_32kHz,MARS_20160508_093515_resampled_32kHz.wav,460.0,465.0,orca_call,0.0901229
223341,MARS_20160501_20160531_32kHz,MARS_20160508_093515_resampled_32kHz.wav,465.0,470.0,orca_call,1.3652223
223343,MARS_20160501_20160531_32kHz,MARS_20160508_093515_resampled_32kHz.wav,475.0,480.0,orca_call,0.8114795
223349,MARS_20160501_20160531_32kHz,MARS_20160508_093515_resampled_32kHz.wav,505.0,510.0,orca_call,1.3335177
223350,MARS_20160501_20160531_32kHz,MARS_20160508_093515_resampled_32kHz.wav,510.0,515.0,orca_call,1.1820793
223351,MARS_20160501_20160531_32kHz,MARS_20160508_093515_resampled_32kHz.wav,515.0,520.0,orca_call,1.7651109
223359,MARS_20160501_20160531_32kHz,MARS_20160508_093515_resampled_32kHz.wav,555.0,560.0,orca_call,0.43739647
223364,MARS_20160501_20160531_32kHz,MARS_20160508_093515_resampled_32kHz.wav,580.0,585.0,orca_call,0.053511627
223367,MARS_20160501_20160531_32kHz,MARS_20160508_093515_resampled_32kHz.wav,595.0,600.0,orca_call,0.52304494
230430,MARS_20160501_20160531_32kHz,MARS_20160504_173939_resampled_32kHz.wav,510.0,515.0,orca_call,0.034888282
231651,MARS_20160501_20160531_32kHz,MARS_20160508_113515_resampled_32kHz.wav,15.0,20.0,orca_call,0.4345032
231680,MARS_20160501_20160531_32kHz,MARS_20160508_113515_resampled_32kHz.wav,160.0,165.0,orca_call,0.49368107
231687,MARS_20160501_20160531_32kHz,MARS_20160508_113515_resampled_32kHz.wav,195.0,200.0,orca_call,1.0189531
231720,MARS_20160501_20160531_32kHz,MARS_20160508_113515_resampled_32kHz.wav,360.0,365.0,orca_call,0.9010167
231725,MARS_20160501_20160531_32kHz,MARS_20160508_113515_resampled_32kHz.wav,385.0,390.0,orca_call,0.19630626
231763,MARS_20160501_20160531_32kHz,MARS_20160508_113515_resampled_32kHz.wav,575.0,580.0,orca_call,0.35491765
231766,MARS_20160501_20160531_32kHz,MARS_20160508_113515_resampled_32kHz.wav,590.0,595.0,orca_call,0.65406716
232121,MARS_20160501_20160531_32kHz,MARS_20160518_192845_resampled_32kHz.wav,565.0,570.0,orca_call,0.055518217
236635,MARS_20160501_20160531_32kHz,MARS_20160517_173256_resampled_32kHz.wav,335.0,340.0,orca_call,0.006030485
236682,MARS_20160501_20160531_32kHz,MARS_20160517_173256_resampled_32kHz.wav,570.0,575.0,orca_call,0.26740125
237529,MARS_20160501_20160531_32kHz,MARS_20160522_003842_resampled_32kHz.wav,5.0,10.0,orca_call,0.49662387
238046,MARS_20160501_20160531_32kHz,MARS_20160505_103740_resampled_32kHz.wav,190.0,195.0,orca_call,0.13288566
238055,MARS_20160501_20160531_32kHz,MARS_20160505_103740_resampled_32kHz.wav,235.0,240.0,orca_call,0.37035817
240755,MARS_20160501_20160531_32kHz,MARS_20160508_061515_resampled_32kHz.wav,535.0,540.0,orca_call,0.5158012
243878,MARS_20160501_20160531_32kHz,MARS_20160505_045740_resampled_32kHz.wav,550.0,555.0,orca_call,0.028554656
244766,MARS_20160501_20160531_32kHz,MARS_20160522_034841_resampled_32kHz.wav,190.0,195.0,orca_call,0.42714083
246889,MARS_20160501_20160531_32kHz,MARS_20160531_013349_resampled_32kHz.wav,5.0,10.0,orca_call,0.46022516
246891,MARS_20160501_20160531_32kHz,MARS_20160531_013349_resampled_32kHz.wav,15.0,20.0,orca_call,1.981835
247743,MARS_20160501_20160531_32kHz,MARS_20160510_071203_resampled_32kHz.wav,20.0,25.0,orca_call,1.0022918
247770,MARS_20160501_20160531_32kHz,MARS_20160510_071203_resampled_32kHz.wav,155.0,160.0,orca_call,0.5714489
247778,MARS_20160501_20160531_32kHz,MARS_20160510_071203_resampled_32kHz.wav,195.0,200.0,orca_call,0.59675324
247779,MARS_20160501_20160531_32kHz,MARS_20160510_071203_resampled_32kHz.wav,200.0,205.0,orca_call,0.23615727
252912,MARS_20160501_20160531_32kHz,MARS_20160503_072129_resampled_32kHz.wav,65.0,70.0,orca_call,0.2502508
252923,MARS_20160501_20160531_32kHz,MARS_20160503_072129_resampled_32kHz.wav,120.0,125.0,orca_call,0.36974013
253340,MARS_20160501_20160531_32kHz,MARS_20160514_183932_resampled_32kHz.wav,405.0,410.0,orca_call,0.29139134
253400,MARS_20160501_20160531_32kHz,MARS_20160508_100515_resampled_32kHz.wav,105.0,110.0,orca_call,0.109072275
253412,MARS_20160501_20160531_32kHz,MARS_20160508_100515_resampled_32kHz.wav,165.0,170.0,orca_call,0.41598517
253422,MARS_20160501_20160531_32kHz,MARS_20160508_100515_resampled_32kHz.wav,215.0,220.0,orca_call,0.67626035
253423,MARS_20160501_20160531_32kHz,MARS_20160508_100515_resampled_32kHz.wav,220.0,225.0,orca_call,1.4333501
253425,MARS_20160501_20160531_32kHz,MARS_20160508_100515_resampled_32kHz.wav,230.0,235.0,orca_call,1.6730759
253426,MARS_20160501_20160531_32kHz,MARS_20160508_100515_resampled_32kHz.wav,235.0,240.0,orca_call,0.11694623
253427,MARS_20160501_20160531_32kHz,MARS_20160508_100515_resampled_32kHz.wav,240.0,245.0,orca_call,0.19200921
253430,MARS_20160501_20160531_32kHz,MARS_20160508_100515_resampled_32kHz.wav,255.0,260.0,orca_call,1.7101992
253431,MARS_20160501_20160531_32kHz,MARS_20160508_100515_resampled_32kHz.wav,260.0,265.0,orca_call,0.8327421
253433,MARS_20160501_20160531_32kHz,MARS_20160508_100515_resampled_32kHz.wav,270.0,275.0,orca_call,1.5845811
253434,MARS_20160501_20160531_32kHz,MARS_20160508_100515_resampled_32kHz.wav,275.0,280.0,orca_call,1.0460839
253435,MARS_20160501_20160531_32kHz,MARS_20160508_100515_resampled_32kHz.wav,280.0,285.0,orca_call,0.85748655
253438,MARS_20160501_20160531_32kHz,MARS_20160508_100515_resampled_32kHz.wav,295.0,300.0,orca_call,1.9676024
253450,MARS_20160501_20160531_32kHz,MARS_20160508_100515_resampled_32kHz.wav,355.0,360.0,orca_call,2.0834327
253453,MARS_20160501_20160531_32kHz,MARS_20160508_100515_resampled_32kHz.wav,370.0,375.0,orca_call,0.58644694
253455,MARS_20160501_20160531_32kHz,MARS_20160508_100515_resampled_32kHz.wav,380.0,385.0,orca_call,0.15613216
253456,MARS_20160501_20160531_32kHz,MARS_20160508_100515_resampled_32kHz.wav,385.0,390.0,orca_call,0.596114
253457,MARS_20160501_20160531_32kHz,MARS_20160508_100515_resampled_32kHz.wav,390.0,395.0,orca_call,1.3810153
253466,MARS_20160501_20160531_32kHz,MARS_20160508_100515_resampled_32kHz.wav,435.0,440.0,orca_call,0.98553586
253470,MARS_20160501_20160531_32kHz,MARS_20160508_100515_resampled_32kHz.wav,455.0,460.0,orca_call,1.0359758
260249,MARS_20160501_20160531_32kHz,MARS_20160512_160934_resampled_32kHz.wav,150.0,155.0,orca_call,0.37748465
260253,MARS_20160501_20160531_32kHz,MARS_20160512_160934_resampled_32kHz.wav,170.0,175.0,orca_call,0.17144328
260269,MARS_20160501_20160531_32kHz,MARS_20160512_160934_resampled_32kHz.wav,250.0,255.0,orca_call,0.29005036
260280,MARS_20160501_20160531_32kHz,MARS_20160512_160934_resampled_32kHz.wav,305.0,310.0,orca_call,1.439479
260290,MARS_20160501_20160531_32kHz,MARS_20160512_160934_resampled_32kHz.wav,355.0,360.0,orca_call,0.09766332
260294,MARS_20160501_20160531_32kHz,MARS_20160512_160934_resampled_32kHz.wav,375.0,380.0,orca_call,0.8873965
260295,MARS_20160501_20160531_32kHz,MARS_20160512_160934_resampled_32kHz.wav,380.0,385.0,orca_call,0.18266869
260301,MARS_20160501_20160531_32kHz,MARS_20160512_160934_resampled_32kHz.wav,410.0,415.0,orca_call,0.17292666
260302,MARS_20160501_20160531_32kHz,MARS_20160512_160934_resampled_32kHz.wav,415.0,420.0,orca_call,0.69337124
260306,MARS_20160501_20160531_32kHz,MARS_20160512_160934_resampled_32kHz.wav,435.0,440.0,orca_call,0.4363799
260313,MARS_20160501_20160531_32kHz,MARS_20160512_160934_resampled_32kHz.wav,470.0,475.0,orca_call,0.06760127
260333,MARS_20160501_20160531_32kHz,MARS_20160512_160934_resampled_32kHz.wav,570.0,575.0,orca_call,1.0295135
260335,MARS_20160501_20160531_32kHz,MARS_20160512_160934_resampled_32kHz.wav,580.0,585.0,orca_call,0.71437496
261428,MARS_20160501_20160531_32kHz,MARS_20160510_003203_resampled_32kHz.wav,45.0,50.0,orca_call,0.46026343
265418,MARS_20160501_20160531_32kHz,MARS_20160508_063515_resampled_32kHz.wav,195.0,200.0,orca_call,0.6976604
265447,MARS_20160501_20160531_32kHz,MARS_20160508_063515_resampled_32kHz.wav,340.0,345.0,orca_call,0.31319064
266266,MARS_20160501_20160531_32kHz,MARS_20160507_090516_resampled_32kHz.wav,235.0,240.0,orca_call,0.062048398
270301,MARS_20160501_20160531_32kHz,MARS_20160512_050934_resampled_32kHz.wav,10.0,15.0,orca_call,0.6966826
270302,MARS_20160501_20160531_32kHz,MARS_20160512_050934_resampled_32kHz.wav,15.0,20.0,orca_call,1.262804
270304,MARS_20160501_20160531_32kHz,MARS_20160512_050934_resampled_32kHz.wav,25.0,30.0,orca_call,0.5553784
270309,MARS_20160501_20160531_32kHz,MARS_20160512_050934_resampled_32kHz.wav,50.0,55.0,orca_call,0.73604685
270310,MARS_20160501_20160531_32kHz,MARS_20160512_050934_resampled_32kHz.wav,55.0,60.0,orca_call,0.55636466
270329,MARS_20160501_20160531_32kHz,MARS_20160512_050934_resampled_32kHz.wav,150.0,155.0,orca_call,0.596686
270430,MARS_20160501_20160531_32kHz,MARS_20160508_114515_resampled_32kHz.wav,55.0,60.0,orca_call,0.48741293
270443,MARS_20160501_20160531_32kHz,MARS_20160508_114515_resampled_32kHz.wav,120.0,125.0,orca_call,0.784895
270444,MARS_20160501_20160531_32kHz,MARS_20160508_114515_resampled_32kHz.wav,125.0,130.0,orca_call,1.4723374
270490,MARS_20160501_20160531_32kHz,MARS_20160508_114515_resampled_32kHz.wav,355.0,360.0,orca_call,0.77148825
270508,MARS_20160501_20160531_32kHz,MARS_20160508_114515_resampled_32kHz.wav,445.0,450.0,orca_call,1.1274039
272208,MARS_20160501_20160531_32kHz,MARS_20160510_184936_resampled_32kHz.wav,545.0,550.0,orca_call,0.67135143
273385,MARS_20160501_20160531_32kHz,MARS_20160506_073836_resampled_32kHz.wav,430.0,435.0,orca_call,0.04734943
273777,MARS_20160501_20160531_32kHz,MARS_20160525_162002_resampled_32kHz.wav,590.0,595.0,orca_call,1.4323946
273778,MARS_20160501_20160531_32kHz,MARS_20160525_162002_resampled_32kHz.wav,595.0,600.0,orca_call,1.7844644
274398,MARS_20160501_20160531_32kHz,MARS_20160524_151003_resampled_32kHz.wav,95.0,100.0,orca_call,0.27492285
274491,MARS_20160501_20160531_32kHz,MARS_20160524_151003_resampled_32kHz.wav,560.0,565.0,orca_call,0.32184607
276908,MARS_20160501_20160531_32kHz,MARS_20160504_154939_resampled_32kHz.wav,45.0,50.0,orca_call,0.41294667
276910,MARS_20160501_20160531_32kHz,MARS_20160504_154939_resampled_32kHz.wav,55.0,60.0,orca_call,1.8508492
276917,MARS_20160501_20160531_32kHz,MARS_20160504_154939_resampled_32kHz.wav,90.0,95.0,orca_call,0.5626853
276950,MARS_20160501_20160531_32kHz,MARS_20160504_154939_resampled_32kHz.wav,255.0,260.0,orca_call,0.7470312
280059,MARS_20160501_20160531_32kHz,MARS_20160504_202938_resampled_32kHz.wav,200.0,205.0,orca_call,0.33891696
285313,MARS_20160501_20160531_32kHz,MARS_20160505_085740_resampled_32kHz.wav,70.0,75.0,orca_call,0.6994701
285328,MARS_20160501_20160531_32kHz,MARS_20160505_085740_resampled_32kHz.wav,145.0,150.0,orca_call,0.2455625
285333,MARS_20160501_20160531_32kHz,MARS_20160505_085740_resampled_32kHz.wav,170.0,175.0,orca_call,0.20205152
285338,MARS_20160501_20160531_32kHz,MARS_20160505_085740_resampled_32kHz.wav,195.0,200.0,orca_call,0.112527244
286500,MARS_20160501_20160531_32kHz,MARS_20160508_120515_resampled_32kHz.wav,5.0,10.0,orca_call,1.4908878
286548,MARS_20160501_20160531_32kHz,MARS_20160508_120515_resampled_32kHz.wav,245.0,250.0,orca_call,0.2935485
287393,MARS_20160501_20160531_32kHz,MARS_20160505_065740_resampled_32kHz.wav,270.0,275.0,orca_call,0.17069232
287396,MARS_20160501_20160531_32kHz,MARS_20160505_065740_resampled_32kHz.wav,285.0,290.0,orca_call,0.093550734
288703,MARS_20160501_20160531_32kHz,MARS_20160514_080932_resampled_32kHz.wav,220.0,225.0,orca_call,0.0075429603
289427,MARS_20160501_20160531_32kHz,MARS_20160524_125003_resampled_32kHz.wav,240.0,245.0,orca_call,0.64693624
292479,MARS_20160501_20160531_32kHz,MARS_20160523_153004_resampled_32kHz.wav,500.0,505.0,orca_call,0.08343626
293361,MARS_20160501_20160531_32kHz,MARS_20160510_035203_resampled_32kHz.wav,265.0,270.0,orca_call,1.0159335
293363,MARS_20160501_20160531_32kHz,MARS_20160510_035203_resampled_32kHz.wav,275.0,280.0,orca_call,0.7769323
293370,MARS_20160501_20160531_32kHz,MARS_20160510_035203_resampled_32kHz.wav,310.0,315.0,orca_call,0.6847733
293374,MARS_20160501_20160531_32kHz,MARS_20160510_035203_resampled_32kHz.wav,330.0,335.0,orca_call,0.19787583
298016,MARS_20160501_20160531_32kHz,MARS_20160505_051740_resampled_32kHz.wav,140.0,145.0,orca_call,0.2100426
299968,MARS_20160501_20160531_32kHz,MARS_20160508_083515_resampled_32kHz.wav,300.0,305.0,orca_call,1.8041927
299970,MARS_20160501_20160531_32kHz,MARS_20160508_083515_resampled_32kHz.wav,310.0,315.0,orca_call,0.35976526
300016,MARS_20160501_20160531_32kHz,MARS_20160508_083515_resampled_32kHz.wav,540.0,545.0,orca_call,0.3483816
300021,MARS_20160501_20160531_32kHz,MARS_20160508_083515_resampled_32kHz.wav,565.0,570.0,orca_call,0.031115837
300024,MARS_20160501_20160531_32kHz,MARS_20160508_083515_resampled_32kHz.wav,580.0,585.0,orca_call,0.8350657
300128,MARS_20160501_20160531_32kHz,MARS_20160518_193845_resampled_32kHz.wav,500.0,505.0,orca_call,0.6503777
302796,MARS_20160501_20160531_32kHz,MARS_20160505_093740_resampled_32kHz.wav,40.0,45.0,orca_call,0.95953286
302801,MARS_20160501_20160531_32kHz,MARS_20160505_093740_resampled_32kHz.wav,65.0,70.0,orca_call,0.29815802
304187,MARS_20160501_20160531_32kHz,MARS_20160505_121740_resampled_32kHz.wav,395.0,400.0,orca_call,0.36984366
304576,MARS_20160501_20160531_32kHz,MARS_20160504_233938_resampled_32kHz.wav,540.0,545.0,orca_call,0.5014818
305939,MARS_20160501_20160531_32kHz,MARS_20160508_101515_resampled_32kHz.wav,155.0,160.0,orca_call,1.7308177
305941,MARS_20160501_20160531_32kHz,MARS_20160508_101515_resampled_32kHz.wav,165.0,170.0,orca_call,0.09781317
305944,MARS_20160501_20160531_32kHz,MARS_20160508_101515_resampled_32kHz.wav,180.0,185.0,orca_call,0.9537755
306069,MARS_20160501_20160531_32kHz,MARS_20160522_203005_resampled_32kHz.wav,205.0,210.0,orca_call,0.86275077
309043,MARS_20160501_20160531_32kHz,MARS_20160512_150934_resampled_32kHz.wav,75.0,80.0,orca_call,0.021604888
309165,MARS_20160501_20160531_32kHz,MARS_20160523_163004_resampled_32kHz.wav,85.0,90.0,orca_call,0.038335785
312554,MARS_20160501_20160531_32kHz,MARS_20160522_181005_resampled_32kHz.wav,230.0,235.0,orca_call,0.113745
313108,MARS_20160501_20160531_32kHz,MARS_20160508_084515_resampled_32kHz.wav,0.0,5.0,orca_call,1.5536327
313117,MARS_20160501_20160531_32kHz,MARS_20160508_084515_resampled_32kHz.wav,45.0,50.0,orca_call,1.2350125
313128,MARS_20160501_20160531_32kHz,MARS_20160508_084515_resampled_32kHz.wav,100.0,105.0,orca_call,0.416803
313139,MARS_20160501_20160531_32kHz,MARS_20160508_084515_resampled_32kHz.wav,155.0,160.0,orca_call,0.10495447
313148,MARS_20160501_20160531_32kHz,MARS_20160508_084515_resampled_32kHz.wav,200.0,205.0,orca_call,0.5811188
313181,MARS_20160501_20160531_32kHz,MARS_20160508_084515_resampled_32kHz.wav,365.0,370.0,orca_call,0.67105067
313192,MARS_20160501_20160531_32kHz,MARS_20160508_084515_resampled_32kHz.wav,420.0,425.0,orca_call,2.214942
313193,MARS_20160501_20160531_32kHz,MARS_20160508_084515_resampled_32kHz.wav,425.0,430.0,orca_call,1.6295232
313200,MARS_20160501_20160531_32kHz,MARS_20160508_084515_resampled_32kHz.wav,460.0,465.0,orca_call,1.3523666
313210,MARS_20160501_20160531_32kHz,MARS_20160508_084515_resampled_32kHz.wav,510.0,515.0,orca_call,0.9140874
316236,MARS_20160501_20160531_32kHz,MARS_20160510_153202_resampled_32kHz.wav,40.0,45.0,orca_call,0.028393812
318179,MARS_20160501_20160531_32kHz,MARS_20160518_215845_resampled_32kHz.wav,155.0,160.0,orca_call,0.06383208
318186,MARS_20160501_20160531_32kHz,MARS_20160518_215845_resampled_32kHz.wav,190.0,195.0,orca_call,0.013889372
319346,MARS_20160501_20160531_32kHz,MARS_20160505_184739_resampled_32kHz.wav,590.0,595.0,orca_call,0.2766811
322971,MARS_20160501_20160531_32kHz,MARS_20160508_075515_resampled_32kHz.wav,50.0,55.0,orca_call,0.14471567
328835,MARS_20160501_20160531_32kHz,MARS_20160521_134842_resampled_32kHz.wav,570.0,575.0,orca_call,1.878679
331268,MARS_20160501_20160531_32kHz,MARS_20160522_184005_resampled_32kHz.wav,135.0,140.0,orca_call,1.1451656
331303,MARS_20160501_20160531_32kHz,MARS_20160522_184005_resampled_32kHz.wav,310.0,315.0,orca_call,0.43015277
331325,MARS_20160501_20160531_32kHz,MARS_20160522_184005_resampled_32kHz.wav,420.0,425.0,orca_call,0.08202381
332682,MARS_20160501_20160531_32kHz,MARS_20160508_094515_resampled_32kHz.wav,5.0,10.0,orca_call,1.459492
332744,MARS_20160501_20160531_32kHz,MARS_20160508_094515_resampled_32kHz.wav,315.0,320.0,orca_call,1.0476664
332766,MARS_20160501_20160531_32kHz,MARS_20160508_094515_resampled_32kHz.wav,425.0,430.0,orca_call,0.77219445
332773,MARS_20160501_20160531_32kHz,MARS_20160508_094515_resampled_32kHz.wav,460.0,465.0,orca_call,0.87115693
347754,MARS_20160501_20160531_32kHz,MARS_20160507_165515_resampled_32kHz.wav,145.0,150.0,orca_call,0.30224508
347761,MARS_20160501_20160531_32kHz,MARS_20160507_165515_resampled_32kHz.wav,180.0,185.0,orca_call,0.8787883
347762,MARS_20160501_20160531_32kHz,MARS_20160507_165515_resampled_32kHz.wav,185.0,190.0,orca_call,1.8241788
347766,MARS_20160501_20160531_32kHz,MARS_20160507_165515_resampled_32kHz.wav,205.0,210.0,orca_call,0.98746955
347767,MARS_20160501_20160531_32kHz,MARS_20160507_165515_resampled_32kHz.wav,210.0,215.0,orca_call,0.61225486
347768,MARS_20160501_20160531_32kHz,MARS_20160507_165515_resampled_32kHz.wav,215.0,220.0,orca_call,2.0543706
347774,MARS_20160501_20160531_32kHz,MARS_20160507_165515_resampled_32kHz.wav,245.0,250.0,orca_call,1.5080353
347776,MARS_20160501_20160531_32kHz,MARS_20160507_165515_resampled_32kHz.wav,255.0,260.0,orca_call,0.24759385
347777,MARS_20160501_20160531_32kHz,MARS_20160507_165515_resampled_32kHz.wav,260.0,265.0,orca_call,0.068441086
347782,MARS_20160501_20160531_32kHz,MARS_20160507_165515_resampled_32kHz.wav,285.0,290.0,orca_call,0.09902293
347784,MARS_20160501_20160531_32kHz,MARS_20160507_165515_resampled_32kHz.wav,295.0,300.0,orca_call,0.21890762
347785,MARS_20160501_20160531_32kHz,MARS_20160507_165515_resampled_32kHz.wav,300.0,305.0,orca_call,0.71943426
347787,MARS_20160501_20160531_32kHz,MARS_20160507_165515_resampled_32kHz.wav,310.0,315.0,orca_call,0.046982042
347789,MARS_20160501_20160531_32kHz,MARS_20160507_165515_resampled_32kHz.wav,320.0,325.0,orca_call,1.31419
347791,MARS_20160501_20160531_32kHz,MARS_20160507_165515_resampled_32kHz.wav,330.0,335.0,orca_call,0.75376725
347796,MARS_20160501_20160531_32kHz,MARS_20160507_165515_resampled_32kHz.wav,355.0,360.0,orca_call,0.11472211
347802,MARS_20160501_20160531_32kHz,MARS_20160507_165515_resampled_32kHz.wav,385.0,390.0,orca_call,0.8980984
347805,MARS_20160501_20160531_32kHz,MARS_20160507_165515_resampled_32kHz.wav,400.0,405.0,orca_call,1.0693731
347807,MARS_20160501_20160531_32kHz,MARS_20160507_165515_resampled_32kHz.wav,410.0,415.0,orca_call,1.0041562
347809,MARS_20160501_20160531_32kHz,MARS_20160507_165515_resampled_32kHz.wav,420.0,425.0,orca_call,0.5011153
347810,MARS_20160501_20160531_32kHz,MARS_20160507_165515_resampled_32kHz.wav,425.0,430.0,orca_call,0.7518171
347811,MARS_20160501_20160531_32kHz,MARS_20160507_165515_resampled_32kHz.wav,430.0,435.0,orca_call,1.1020828
347812,MARS_20160501_20160531_32kHz,MARS_20160507_165515_resampled_32kHz.wav,435.0,440.0,orca_call,0.9588604
347814,MARS_20160501_20160531_32kHz,MARS_20160507_165515_resampled_32kHz.wav,445.0,450.0,orca_call,0.40158284
347815,MARS_20160501_20160531_32kHz,MARS_20160507_165515_resampled_32kHz.wav,450.0,455.0,orca_call,2.8598664
347817,MARS_20160501_20160531_32kHz,MARS_20160507_165515_resampled_32kHz.wav,460.0,465.0,orca_call,1.3803834
347819,MARS_20160501_20160531_32kHz,MARS_20160507_165515_resampled_32kHz.wav,470.0,475.0,orca_call,1.3607812
347821,MARS_20160501_20160531_32kHz,MARS_20160507_165515_resampled_32kHz.wav,480.0,485.0,orca_call,0.983068
347823,MARS_20160501_20160531_32kHz,MARS_20160507_165515_resampled_32kHz.wav,490.0,495.0,orca_call,0.11584877
347828,MARS_20160501_20160531_32kHz,MARS_20160507_165515_resampled_32kHz.wav,515.0,520.0,orca_call,1.2142591
349226,MARS_20160501_20160531_32kHz,MARS_20160504_223938_resampled_32kHz.wav,305.0,310.0,orca_call,0.2039451
349326,MARS_20160501_20160531_32kHz,MARS_20160510_000203_resampled_32kHz.wav,205.0,210.0,orca_call,0.17524105
349332,MARS_20160501_20160531_32kHz,MARS_20160510_000203_resampled_32kHz.wav,235.0,240.0,orca_call,1.7942379
349384,MARS_20160501_20160531_32kHz,MARS_20160510_000203_resampled_32kHz.wav,495.0,500.0,orca_call,0.9328581
350635,MARS_20160501_20160531_32kHz,MARS_20160505_094740_resampled_32kHz.wav,150.0,155.0,orca_call,0.3374822
350636,MARS_20160501_20160531_32kHz,MARS_20160505_094740_resampled_32kHz.wav,155.0,160.0,orca_call,0.5226551
350669,MARS_20160501_20160531_32kHz,MARS_20160505_094740_resampled_32kHz.wav,320.0,325.0,orca_call,0.2541627
350670,MARS_20160501_20160531_32kHz,MARS_20160505_094740_resampled_32kHz.wav,325.0,330.0,orca_call,2.0311177
350680,MARS_20160501_20160531_32kHz,MARS_20160505_094740_resampled_32kHz.wav,375.0,380.0,orca_call,0.24688658
350681,MARS_20160501_20160531_32kHz,MARS_20160505_094740_resampled_32kHz.wav,380.0,385.0,orca_call,0.15901738
350684,MARS_20160501_20160531_32kHz,MARS_20160505_094740_resampled_32kHz.wav,395.0,400.0,orca_call,0.1855214
350738,MARS_20160501_20160531_32kHz,MARS_20160524_003003_resampled_32kHz.wav,65.0,70.0,orca_call,0.086499624
350744,MARS_20160501_20160531_32kHz,MARS_20160524_003003_resampled_32kHz.wav,95.0,100.0,orca_call,0.6786347
350750,MARS_20160501_20160531_32kHz,MARS_20160524_003003_resampled_32kHz.wav,125.0,130.0,orca_call,2.35388
351365,MARS_20160501_20160531_32kHz,MARS_20160510_062203_resampled_32kHz.wav,200.0,205.0,orca_call,0.8330715
358011,MARS_20160501_20160531_32kHz,MARS_20160522_192005_resampled_32kHz.wav,430.0,435.0,orca_call,0.11292375
358352,MARS_20160501_20160531_32kHz,MARS_20160522_002842_resampled_32kHz.wav,335.0,340.0,orca_call,0.049809538
360693,MARS_20160501_20160531_32kHz,MARS_20160505_142740_resampled_32kHz.wav,40.0,45.0,orca_call,0.9730184
360732,MARS_20160501_20160531_32kHz,MARS_20160505_142740_resampled_32kHz.wav,235.0,240.0,orca_call,0.48634654
360733,MARS_20160501_20160531_32kHz,MARS_20160505_142740_resampled_32kHz.wav,240.0,245.0,orca_call,2.4384944
360739,MARS_20160501_20160531_32kHz,MARS_20160505_142740_resampled_32kHz.wav,270.0,275.0,orca_call,2.229995
360754,MARS_20160501_20160531_32kHz,MARS_20160505_142740_resampled_32kHz.wav,345.0,350.0,orca_call,1.890398
360761,MARS_20160501_20160531_32kHz,MARS_20160505_142740_resampled_32kHz.wav,380.0,385.0,orca_call,0.5295187
360764,MARS_20160501_20160531_32kHz,MARS_20160505_142740_resampled_32kHz.wav,395.0,400.0,orca_call,1.381723
360768,MARS_20160501_20160531_32kHz,MARS_20160505_142740_resampled_32kHz.wav,415.0,420.0,orca_call,2.1648057
360769,MARS_20160501_20160531_32kHz,MARS_20160505_142740_resampled_32kHz.wav,420.0,425.0,orca_call,0.69184244
360771,MARS_20160501_20160531_32kHz,MARS_20160505_142740_resampled_32kHz.wav,430.0,435.0,orca_call,1.8181249
360773,MARS_20160501_20160531_32kHz,MARS_20160505_142740_resampled_32kHz.wav,440.0,445.0,orca_call,2.5003107
360776,MARS_20160501_20160531_32kHz,MARS_20160505_142740_resampled_32kHz.wav,455.0,460.0,orca_call,1.1617473
360784,MARS_20160501_20160531_32kHz,MARS_20160505_142740_resampled_32kHz.wav,495.0,500.0,orca_call,0.08086944
361336,MARS_20160501_20160531_32kHz,MARS_20160522_031841_resampled_32kHz.wav,255.0,260.0,orca_call,0.14182752
364890,MARS_20160501_20160531_32kHz,MARS_20160522_201005_resampled_32kHz.wav,25.0,30.0,orca_call,0.39693937
364959,MARS_20160501_20160531_32kHz,MARS_20160522_201005_resampled_32kHz.wav,370.0,375.0,orca_call,1.3777102
364968,MARS_20160501_20160531_32kHz,MARS_20160522_201005_resampled_32kHz.wav,415.0,420.0,orca_call,0.15643877
364984,MARS_20160501_20160531_32kHz,MARS_20160522_201005_resampled_32kHz.wav,495.0,500.0,orca_call,0.50388086
369761,MARS_20160501_20160531_32kHz,MARS_20160524_002003_resampled_32kHz.wav,380.0,385.0,orca_call,0.5806
369767,MARS_20160501_20160531_32kHz,MARS_20160524_002003_resampled_32kHz.wav,410.0,415.0,orca_call,0.8747116
369783,MARS_20160501_20160531_32kHz,MARS_20160524_002003_resampled_32kHz.wav,490.0,495.0,orca_call,0.4350282
369799,MARS_20160501_20160531_32kHz,MARS_20160524_002003_resampled_32kHz.wav,570.0,575.0,orca_call,0.46008724
369802,MARS_20160501_20160531_32kHz,MARS_20160524_002003_resampled_32kHz.wav,585.0,590.0,orca_call,0.15916365
370679,MARS_20160501_20160531_32kHz,MARS_20160527_160353_resampled_32kHz.wav,170.0,175.0,orca_call,0.037545033
370753,MARS_20160501_20160531_32kHz,MARS_20160527_160353_resampled_32kHz.wav,540.0,545.0,orca_call,0.53447074
370754,MARS_20160501_20160531_32kHz,MARS_20160527_160353_resampled_32kHz.wav,545.0,550.0,orca_call,0.7549732
370755,MARS_20160501_20160531_32kHz,MARS_20160527_160353_resampled_32kHz.wav,550.0,555.0,orca_call,0.58865726
370758,MARS_20160501_20160531_32kHz,MARS_20160527_160353_resampled_32kHz.wav,565.0,570.0,orca_call,0.35704583
373651,MARS_20160501_20160531_32kHz,MARS_20160522_191005_resampled_32kHz.wav,30.0,35.0,orca_call,0.3527824
374387,MARS_20160501_20160531_32kHz,MARS_20160512_141934_resampled_32kHz.wav,110.0,115.0,orca_call,1.0953399
374398,MARS_20160501_20160531_32kHz,MARS_20160512_141934_resampled_32kHz.wav,165.0,170.0,orca_call,0.3838262
374418,MARS_20160501_20160531_32kHz,MARS_20160512_141934_resampled_32kHz.wav,265.0,270.0,orca_call,0.26627415
374419,MARS_20160501_20160531_32kHz,MARS_20160512_141934_resampled_32kHz.wav,270.0,275.0,orca_call,1.0136051
374424,MARS_20160501_20160531_32kHz,MARS_20160512_141934_resampled_32kHz.wav,295.0,300.0,orca_call,1.402228
374425,MARS_20160501_20160531_32kHz,MARS_20160512_141934_resampled_32kHz.wav,300.0,305.0,orca_call,1.6481221
374434,MARS_20160501_20160531_32kHz,MARS_20160512_141934_resampled_32kHz.wav,345.0,350.0,orca_call,0.63875675
375205,MARS_20160501_20160531_32kHz,MARS_20160512_065934_resampled_32kHz.wav,0.0,5.0,orca_call,0.39884537
375208,MARS_20160501_20160531_32kHz,MARS_20160512_065934_resampled_32kHz.wav,15.0,20.0,orca_call,1.6930808
375211,MARS_20160501_20160531_32kHz,MARS_20160512_065934_resampled_32kHz.wav,30.0,35.0,orca_call,1.2624326
375212,MARS_20160501_20160531_32kHz,MARS_20160512_065934_resampled_32kHz.wav,35.0,40.0,orca_call,1.3342726
375213,MARS_20160501_20160531_32kHz,MARS_20160512_065934_resampled_32kHz.wav,40.0,45.0,orca_call,3.2510824
375217,MARS_20160501_20160531_32kHz,MARS_20160512_065934_resampled_32kHz.wav,60.0,65.0,orca_call,0.62898535
375218,MARS_20160501_20160531_32kHz,MARS_20160512_065934_resampled_32kHz.wav,65.0,70.0,orca_call,0.20560667
375219,MARS_20160501_20160531_32kHz,MARS_20160512_065934_resampled_32kHz.wav,70.0,75.0,orca_call,2.7764409
375220,MARS_20160501_20160531_32kHz,MARS_20160512_065934_resampled_32kHz.wav,75.0,80.0,orca_call,2.1264226
375221,MARS_20160501_20160531_32kHz,MARS_20160512_065934_resampled_32kHz.wav,80.0,85.0,orca_call,1.3382728
375223,MARS_20160501_20160531_32kHz,MARS_20160512_065934_resampled_32kHz.wav,90.0,95.0,orca_call,0.12510794
375224,MARS_20160501_20160531_32kHz,MARS_20160512_065934_resampled_32kHz.wav,95.0,100.0,orca_call,3.3714218
375225,MARS_20160501_20160531_32kHz,MARS_20160512_065934_resampled_32kHz.wav,100.0,105.0,orca_call,0.7709058
375227,MARS_20160501_20160531_32kHz,MARS_20160512_065934_resampled_32kHz.wav,110.0,115.0,orca_call,2.0148294
375228,MARS_20160501_20160531_32kHz,MARS_20160512_065934_resampled_32kHz.wav,115.0,120.0,orca_call,1.8405783
375230,MARS_20160501_20160531_32kHz,MARS_20160512_065934_resampled_32kHz.wav,125.0,130.0,orca_call,2.510118
375232,MARS_20160501_20160531_32kHz,MARS_20160512_065934_resampled_32kHz.wav,135.0,140.0,orca_call,0.6622102
375236,MARS_20160501_20160531_32kHz,MARS_20160512_065934_resampled_32kHz.wav,155.0,160.0,orca_call,0.9320884
375237,MARS_20160501_20160531_32kHz,MARS_20160512_065934_resampled_32kHz.wav,160.0,165.0,orca_call,1.6607325
375241,MARS_20160501_20160531_32kHz,MARS_20160512_065934_resampled_32kHz.wav,180.0,185.0,orca_call,0.6303149
375242,MARS_20160501_20160531_32kHz,MARS_20160512_065934_resampled_32kHz.wav,185.0,190.0,orca_call,0.86068183
375245,MARS_20160501_20160531_32kHz,MARS_20160512_065934_resampled_32kHz.wav,200.0,205.0,orca_call,1.8670609
375252,MARS_20160501_20160531_32kHz,MARS_20160512_065934_resampled_32kHz.wav,235.0,240.0,orca_call,0.090973295
375254,MARS_20160501_20160531_32kHz,MARS_20160512_065934_resampled_32kHz.wav,245.0,250.0,orca_call,0.10888413
375257,MARS_20160501_20160531_32kHz,MARS_20160512_065934_resampled_32kHz.wav,260.0,265.0,orca_call,2.6413271
375259,MARS_20160501_20160531_32kHz,MARS_20160512_065934_resampled_32kHz.wav,270.0,275.0,orca_call,1.1474723
375260,MARS_20160501_20160531_32kHz,MARS_20160512_065934_resampled_32kHz.wav,275.0,280.0,orca_call,0.6965618
375262,MARS_20160501_20160531_32kHz,MARS_20160512_065934_resampled_32kHz.wav,285.0,290.0,orca_call,1.8771356
375265,MARS_20160501_20160531_32kHz,MARS_20160512_065934_resampled_32kHz.wav,300.0,305.0,orca_call,2.6983137
375276,MARS_20160501_20160531_32kHz,MARS_20160512_065934_resampled_32kHz.wav,355.0,360.0,orca_call,1.2922395
375285,MARS_20160501_20160531_32kHz,MARS_20160512_065934_resampled_32kHz.wav,400.0,405.0,orca_call,1.1947803
375286,MARS_20160501_20160531_32kHz,MARS_20160512_065934_resampled_32kHz.wav,405.0,410.0,orca_call,2.1416185
375293,MARS_20160501_20160531_32kHz,MARS_20160512_065934_resampled_32kHz.wav,440.0,445.0,orca_call,0.5360351
375295,MARS_20160501_20160531_32kHz,MARS_20160512_065934_resampled_32kHz.wav,450.0,455.0,orca_call,0.69978297
375296,MARS_20160501_20160531_32kHz,MARS_20160512_065934_resampled_32kHz.wav,455.0,460.0,orca_call,1.2861675
375297,MARS_20160501_20160531_32kHz,MARS_20160512_065934_resampled_32kHz.wav,460.0,465.0,orca_call,0.6116567
375298,MARS_20160501_20160531_32kHz,MARS_20160512_065934_resampled_32kHz.wav,465.0,470.0,orca_call,0.7967299
375299,MARS_20160501_20160531_32kHz,MARS_20160512_065934_resampled_32kHz.wav,470.0,475.0,orca_call,2.300609
375301,MARS_20160501_20160531_32kHz,MARS_20160512_065934_resampled_32kHz.wav,480.0,485.0,orca_call,1.121371
375307,MARS_20160501_20160531_32kHz,MARS_20160512_065934_resampled_32kHz.wav,510.0,515.0,orca_call,1.086432
375308,MARS_20160501_20160531_32kHz,MARS_20160512_065934_resampled_32kHz.wav,515.0,520.0,orca_call,1.5555162
375309,MARS_20160501_20160531_32kHz,MARS_20160512_065934_resampled_32kHz.wav,520.0,525.0,orca_call,0.73195106
375311,MARS_20160501_20160531_32kHz,MARS_20160512_065934_resampled_32kHz.wav,530.0,535.0,orca_call,0.3554559
375314,MARS_20160501_20160531_32kHz,MARS_20160512_065934_resampled_32kHz.wav,545.0,550.0,orca_call,0.09660534
375317,MARS_20160501_20160531_32kHz,MARS_20160512_065934_resampled_32kHz.wav,560.0,565.0,orca_call,0.77288663
375318,MARS_20160501_20160531_32kHz,MARS_20160512_065934_resampled_32kHz.wav,565.0,570.0,orca_call,3.17763
375320,MARS_20160501_20160531_32kHz,MARS_20160512_065934_resampled_32kHz.wav,575.0,580.0,orca_call,0.7651689
375321,MARS_20160501_20160531_32kHz,MARS_20160512_065934_resampled_32kHz.wav,580.0,585.0,orca_call,0.026665695
375322,MARS_20160501_20160531_32kHz,MARS_20160512_065934_resampled_32kHz.wav,585.0,590.0,orca_call,1.1242362
376152,MARS_20160501_20160531_32kHz,MARS_20160513_200933_resampled_32kHz.wav,530.0,535.0,orca_call,0.65954506
377152,MARS_20160501_20160531_32kHz,MARS_20160504_183939_resampled_32kHz.wav,130.0,135.0,orca_call,0.22970465
377157,MARS_20160501_20160531_32kHz,MARS_20160504_183939_resampled_32kHz.wav,155.0,160.0,orca_call,0.5676968
377489,MARS_20160501_20160531_32kHz,MARS_20160512_140934_resampled_32kHz.wav,15.0,20.0,orca_call,0.008374311
377492,MARS_20160501_20160531_32kHz,MARS_20160512_140934_resampled_32kHz.wav,30.0,35.0,orca_call,0.651059
377497,MARS_20160501_20160531_32kHz,MARS_20160512_140934_resampled_32kHz.wav,55.0,60.0,orca_call,0.31950283
377500,MARS_20160501_20160531_32kHz,MARS_20160512_140934_resampled_32kHz.wav,70.0,75.0,orca_call,0.6974343
377501,MARS_20160501_20160531_32kHz,MARS_20160512_140934_resampled_32kHz.wav,75.0,80.0,orca_call,1.1666288
377502,MARS_20160501_20160531_32kHz,MARS_20160512_140934_resampled_32kHz.wav,80.0,85.0,orca_call,0.8464626
377503,MARS_20160501_20160531_32kHz,MARS_20160512_140934_resampled_32kHz.wav,85.0,90.0,orca_call,0.9401362
377504,MARS_20160501_20160531_32kHz,MARS_20160512_140934_resampled_32kHz.wav,90.0,95.0,orca_call,0.28436846
377505,MARS_20160501_20160531_32kHz,MARS_20160512_140934_resampled_32kHz.wav,95.0,100.0,orca_call,0.10063065
377509,MARS_20160501_20160531_32kHz,MARS_20160512_140934_resampled_32kHz.wav,115.0,120.0,orca_call,0.73203814
377513,MARS_20160501_20160531_32kHz,MARS_20160512_140934_resampled_32kHz.wav,135.0,140.0,orca_call,0.03622915
377514,MARS_20160501_20160531_32kHz,MARS_20160512_140934_resampled_32kHz.wav,140.0,145.0,orca_call,0.63205683
377519,MARS_20160501_20160531_32kHz,MARS_20160512_140934_resampled_32kHz.wav,165.0,170.0,orca_call,0.36614192
377524,MARS_20160501_20160531_32kHz,MARS_20160512_140934_resampled_32kHz.wav,190.0,195.0,orca_call,0.042217053
377528,MARS_20160501_20160531_32kHz,MARS_20160512_140934_resampled_32kHz.wav,210.0,215.0,orca_call,0.4434433
377539,MARS_20160501_20160531_32kHz,MARS_20160512_140934_resampled_32kHz.wav,265.0,270.0,orca_call,0.29898208
377550,MARS_20160501_20160531_32kHz,MARS_20160512_140934_resampled_32kHz.wav,320.0,325.0,orca_call,1.1892706
377553,MARS_20160501_20160531_32kHz,MARS_20160512_140934_resampled_32kHz.wav,335.0,340.0,orca_call,0.7829866
377557,MARS_20160501_20160531_32kHz,MARS_20160512_140934_resampled_32kHz.wav,355.0,360.0,orca_call,0.75895715
377558,MARS_20160501_20160531_32kHz,MARS_20160512_140934_resampled_32kHz.wav,360.0,365.0,orca_call,1.0635885
377560,MARS_20160501_20160531_32kHz,MARS_20160512_140934_resampled_32kHz.wav,370.0,375.0,orca_call,0.13499075
377561,MARS_20160501_20160531_32kHz,MARS_20160512_140934_resampled_32kHz.wav,375.0,380.0,orca_call,0.7877407
381571,MARS_20160501_20160531_32kHz,MARS_20160522_045841_resampled_32kHz.wav,25.0,30.0,orca_call,0.54096645
386148,MARS_20160501_20160531_32kHz,MARS_20160522_185005_resampled_32kHz.wav,110.0,115.0,orca_call,1.3270369
386156,MARS_20160501_20160531_32kHz,MARS_20160522_185005_resampled_32kHz.wav,150.0,155.0,orca_call,1.0627201
386159,MARS_20160501_20160531_32kHz,MARS_20160522_185005_resampled_32kHz.wav,165.0,170.0,orca_call,1.0096079
386164,MARS_20160501_20160531_32kHz,MARS_20160522_185005_resampled_32kHz.wav,190.0,195.0,orca_call,0.83759797
386170,MARS_20160501_20160531_32kHz,MARS_20160522_185005_resampled_32kHz.wav,220.0,225.0,orca_call,0.026040576
386197,MARS_20160501_20160531_32kHz,MARS_20160522_185005_resampled_32kHz.wav,355.0,360.0,orca_call,0.3997554
387482,MARS_20160501_20160531_32kHz,MARS_20160510_001203_resampled_32kHz.wav,180.0,185.0,orca_call,0.16326746
387487,MARS_20160501_20160531_32kHz,MARS_20160510_001203_resampled_32kHz.wav,205.0,210.0,orca_call,0.86533725
387496,MARS_20160501_20160531_32kHz,MARS_20160510_001203_resampled_32kHz.wav,250.0,255.0,orca_call,1.129783
387511,MARS_20160501_20160531_32kHz,MARS_20160510_001203_resampled_32kHz.wav,325.0,330.0,orca_call,0.12904921
388540,MARS_20160501_20160531_32kHz,MARS_20160518_130857_resampled_32kHz.wav,70.0,75.0,orca_call,0.36868885
389011,MARS_20160501_20160531_32kHz,MARS_20160510_145202_resampled_32kHz.wav,25.0,30.0,orca_call,0.32180357
390153,MARS_20160501_20160531_32kHz,MARS_20160530_092350_resampled_32kHz.wav,335.0,340.0,orca_call,0.0007606968
392169,MARS_20160501_20160531_32kHz,MARS_20160529_020351_resampled_32kHz.wav,215.0,220.0,orca_call,1.2909484
394264,MARS_20160501_20160531_32kHz,MARS_20160505_090740_resampled_32kHz.wav,490.0,495.0,orca_call,0.190368
394270,MARS_20160501_20160531_32kHz,MARS_20160505_090740_resampled_32kHz.wav,520.0,525.0,orca_call,0.90712345
395930,MARS_20160501_20160531_32kHz,MARS_20160521_073842_resampled_32kHz.wav,420.0,425.0,orca_call,0.33258668
395933,MARS_20160501_20160531_32kHz,MARS_20160521_073842_resampled_32kHz.wav,435.0,440.0,orca_call,0.82573473
398559,MARS_20160501_20160531_32kHz,MARS_20160504_175939_resampled_32kHz.wav,365.0,370.0,orca_call,0.3368436
398599,MARS_20160501_20160531_32kHz,MARS_20160504_175939_resampled_32kHz.wav,565.0,570.0,orca_call,0.6855481
399137,MARS_20160501_20160531_32kHz,MARS_20160508_064515_resampled_32kHz.wav,255.0,260.0,orca_call,0.07502363
399138,MARS_20160501_20160531_32kHz,MARS_20160508_064515_resampled_32kHz.wav,260.0,265.0,orca_call,0.5305997
402125,MARS_20160501_20160531_32kHz,MARS_20160506_081836_resampled_32kHz.wav,195.0,200.0,orca_call,0.122143604
402140,MARS_20160501_20160531_32kHz,MARS_20160506_081836_resampled_32kHz.wav,270.0,275.0,orca_call,1.3345224
402874,MARS_20160501_20160531_32kHz,MARS_20160524_173003_resampled_32kHz.wav,340.0,345.0,orca_call,0.07420368
406371,MARS_20160501_20160531_32kHz,MARS_20160528_195351_resampled_32kHz.wav,425.0,430.0,orca_call,0.6024476
408568,MARS_20160501_20160531_32kHz,MARS_20160512_143934_resampled_32kHz.wav,10.0,15.0,orca_call,1.0202152
408623,MARS_20160501_20160531_32kHz,MARS_20160512_143934_resampled_32kHz.wav,285.0,290.0,orca_call,1.3048012
408624,MARS_20160501_20160531_32kHz,MARS_20160512_143934_resampled_32kHz.wav,290.0,295.0,orca_call,0.022126712
408625,MARS_20160501_20160531_32kHz,MARS_20160512_143934_resampled_32kHz.wav,295.0,300.0,orca_call,0.98704255
408626,MARS_20160501_20160531_32kHz,MARS_20160512_143934_resampled_32kHz.wav,300.0,305.0,orca_call,0.36820927
408627,MARS_20160501_20160531_32kHz,MARS_20160512_143934_resampled_32kHz.wav,305.0,310.0,orca_call,0.48783976
408680,MARS_20160501_20160531_32kHz,MARS_20160512_143934_resampled_32kHz.wav,570.0,575.0,orca_call,0.3419627
408682,MARS_20160501_20160531_32kHz,MARS_20160512_143934_resampled_32kHz.wav,580.0,585.0,orca_call,0.08064545
411108,MARS_20160501_20160531_32kHz,MARS_20160514_133932_resampled_32kHz.wav,110.0,115.0,orca_call,0.011092387
414006,MARS_20160501_20160531_32kHz,MARS_20160512_171934_resampled_32kHz.wav,200.0,205.0,orca_call,0.39659783
417212,MARS_20160501_20160531_32kHz,MARS_20160518_002858_resampled_32kHz.wav,30.0,35.0,orca_call,0.24560973
418716,MARS_20160501_20160531_32kHz,MARS_20160505_141740_resampled_32kHz.wav,350.0,355.0,orca_call,0.21142131
418742,MARS_20160501_20160531_32kHz,MARS_20160505_141740_resampled_32kHz.wav,480.0,485.0,orca_call,1.7957855
418745,MARS_20160501_20160531_32kHz,MARS_20160505_141740_resampled_32kHz.wav,495.0,500.0,orca_call,0.26371711
418748,MARS_20160501_20160531_32kHz,MARS_20160505_141740_resampled_32kHz.wav,510.0,515.0,orca_call,1.4166902
418749,MARS_20160501_20160531_32kHz,MARS_20160505_141740_resampled_32kHz.wav,515.0,520.0,orca_call,0.59730494
418751,MARS_20160501_20160531_32kHz,MARS_20160505_141740_resampled_32kHz.wav,525.0,530.0,orca_call,0.6783348
418752,MARS_20160501_20160531_32kHz,MARS_20160505_141740_resampled_32kHz.wav,530.0,535.0,orca_call,1.5000793
418755,MARS_20160501_20160531_32kHz,MARS_20160505_141740_resampled_32kHz.wav,545.0,550.0,orca_call,0.19045973
418758,MARS_20160501_20160531_32kHz,MARS_20160505_141740_resampled_32kHz.wav,560.0,565.0,orca_call,0.06840368
418765,MARS_20160501_20160531_32kHz,MARS_20160505_141740_resampled_32kHz.wav,595.0,600.0,orca_call,0.22157705
419358,MARS_20160501_20160531_32kHz,MARS_20160506_033836_resampled_32kHz.wav,560.0,565.0,orca_call,0.16744614
424731,MARS_20160501_20160531_32kHz,MARS_20160508_092515_resampled_32kHz.wav,425.0,430.0,orca_call,1.1914746
424776,MARS_20160501_20160531_32kHz,MARS_20160506_150836_resampled_32kHz.wav,50.0,55.0,orca_call,0.12818128
425116,MARS_20160501_20160531_32kHz,MARS_20160523_154004_resampled_32kHz.wav,550.0,555.0,orca_call,0.79332745
425458,MARS_20160501_20160531_32kHz,MARS_20160530_082350_resampled_32kHz.wav,460.0,465.0,orca_call,0.6224141
425468,MARS_20160501_20160531_32kHz,MARS_20160530_082350_resampled_32kHz.wav,510.0,515.0,orca_call,1.2169273
425699,MARS_20160501_20160531_32kHz,MARS_20160512_042934_resampled_32kHz.wav,465.0,470.0,orca_call,0.60533977
425700,MARS_20160501_20160531_32kHz,MARS_20160512_042934_resampled_32kHz.wav,470.0,475.0,orca_call,1.0122712
430923,MARS_20160501_20160531_32kHz,MARS_20160504_192939_resampled_32kHz.wav,185.0,190.0,orca_call,1.0492064
430930,MARS_20160501_20160531_32kHz,MARS_20160504_192939_resampled_32kHz.wav,220.0,225.0,orca_call,0.9092002
431627,MARS_20160501_20160531_32kHz,MARS_20160512_134934_resampled_32kHz.wav,105.0,110.0,orca_call,0.12243404
433451,MARS_20160501_20160531_32kHz,MARS_20160521_083842_resampled_32kHz.wav,170.0,175.0,orca_call,0.024744771
433478,MARS_20160501_20160531_32kHz,MARS_20160521_083842_resampled_32kHz.wav,305.0,310.0,orca_call,0.1512405
433487,MARS_20160501_20160531_32kHz,MARS_20160521_083842_resampled_32kHz.wav,350.0,355.0,orca_call,0.28017214
434887,MARS_20160501_20160531_32kHz,MARS_20160521_131842_resampled_32kHz.wav,150.0,155.0,orca_call,0.042295568
434934,MARS_20160501_20160531_32kHz,MARS_20160521_131842_resampled_32kHz.wav,385.0,390.0,orca_call,0.8291251
440114,MARS_20160501_20160531_32kHz,MARS_20160508_121515_resampled_32kHz.wav,485.0,490.0,orca_call,0.30374432
440224,MARS_20160501_20160531_32kHz,MARS_20160512_043934_resampled_32kHz.wav,435.0,440.0,orca_call,0.38837025
440231,MARS_20160501_20160531_32kHz,MARS_20160512_043934_resampled_32kHz.wav,470.0,475.0,orca_call,0.38694888
440233,MARS_20160501_20160531_32kHz,MARS_20160512_043934_resampled_32kHz.wav,480.0,485.0,orca_call,1.1015881
440234,MARS_20160501_20160531_32kHz,MARS_20160512_043934_resampled_32kHz.wav,485.0,490.0,orca_call,0.38664383
440235,MARS_20160501_20160531_32kHz,MARS_20160512_043934_resampled_32kHz.wav,490.0,495.0,orca_call,0.30112877
440237,MARS_20160501_20160531_32kHz,MARS_20160512_043934_resampled_32kHz.wav,500.0,505.0,orca_call,0.46586573
440239,MARS_20160501_20160531_32kHz,MARS_20160512_043934_resampled_32kHz.wav,510.0,515.0,orca_call,1.5045143
440240,MARS_20160501_20160531_32kHz,MARS_20160512_043934_resampled_32kHz.wav,515.0,520.0,orca_call,0.2475802
440241,MARS_20160501_20160531_32kHz,MARS_20160512_043934_resampled_32kHz.wav,520.0,525.0,orca_call,0.08261735
440242,MARS_20160501_20160531_32kHz,MARS_20160512_043934_resampled_32kHz.wav,525.0,530.0,orca_call,0.703593
440243,MARS_20160501_20160531_32kHz,MARS_20160512_043934_resampled_32kHz.wav,530.0,535.0,orca_call,0.32626155
440251,MARS_20160501_20160531_32kHz,MARS_20160512_043934_resampled_32kHz.wav,570.0,575.0,orca_call,0.7872148
440254,MARS_20160501_20160531_32kHz,MARS_20160512_043934_resampled_32kHz.wav,585.0,590.0,orca_call,0.21254045
444492,MARS_20160501_20160531_32kHz,MARS_20160512_064934_resampled_32kHz.wav,360.0,365.0,orca_call,0.5549127
444497,MARS_20160501_20160531_32kHz,MARS_20160512_064934_resampled_32kHz.wav,385.0,390.0,orca_call,0.05578188
444498,MARS_20160501_20160531_32kHz,MARS_20160512_064934_resampled_32kHz.wav,390.0,395.0,orca_call,0.35691687
444499,MARS_20160501_20160531_32kHz,MARS_20160512_064934_resampled_32kHz.wav,395.0,400.0,orca_call,0.559178
444500,MARS_20160501_20160531_32kHz,MARS_20160512_064934_resampled_32kHz.wav,400.0,405.0,orca_call,0.73266256
444501,MARS_20160501_20160531_32kHz,MARS_20160512_064934_resampled_32kHz.wav,405.0,410.0,orca_call,0.369053
444502,MARS_20160501_20160531_32kHz,MARS_20160512_064934_resampled_32kHz.wav,410.0,415.0,orca_call,1.4306751
444504,MARS_20160501_20160531_32kHz,MARS_20160512_064934_resampled_32kHz.wav,420.0,425.0,orca_call,1.7516948
444505,MARS_20160501_20160531_32kHz,MARS_20160512_064934_resampled_32kHz.wav,425.0,430.0,orca_call,0.17227042
444507,MARS_20160501_20160531_32kHz,MARS_20160512_064934_resampled_32kHz.wav,435.0,440.0,orca_call,2.538436
444508,MARS_20160501_20160531_32kHz,MARS_20160512_064934_resampled_32kHz.wav,440.0,445.0,orca_call,2.2546349
444509,MARS_20160501_20160531_32kHz,MARS_20160512_064934_resampled_32kHz.wav,445.0,450.0,orca_call,1.4947195
444511,MARS_20160501_20160531_32kHz,MARS_20160512_064934_resampled_32kHz.wav,455.0,460.0,orca_call,2.1546116
444513,MARS_20160501_20160531_32kHz,MARS_20160512_064934_resampled_32kHz.wav,465.0,470.0,orca_call,1.1019745
444514,MARS_20160501_20160531_32kHz,MARS_20160512_064934_resampled_32kHz.wav,470.0,475.0,orca_call,0.23045331
444518,MARS_20160501_20160531_32kHz,MARS_20160512_064934_resampled_32kHz.wav,490.0,495.0,orca_call,2.193566
444519,MARS_20160501_20160531_32kHz,MARS_20160512_064934_resampled_32kHz.wav,495.0,500.0,orca_call,1.9159263
444520,MARS_20160501_20160531_32kHz,MARS_20160512_064934_resampled_32kHz.wav,500.0,505.0,orca_call,1.2648157
444521,MARS_20160501_20160531_32kHz,MARS_20160512_064934_resampled_32kHz.wav,505.0,510.0,orca_call,1.3667296
444523,MARS_20160501_20160531_32kHz,MARS_20160512_064934_resampled_32kHz.wav,515.0,520.0,orca_call,1.018045
444524,MARS_20160501_20160531_32kHz,MARS_20160512_064934_resampled_32kHz.wav,520.0,525.0,orca_call,1.1728698
444525,MARS_20160501_20160531_32kHz,MARS_20160512_064934_resampled_32kHz.wav,525.0,530.0,orca_call,0.41100857
444527,MARS_20160501_20160531_32kHz,MARS_20160512_064934_resampled_32kHz.wav,535.0,540.0,orca_call,0.79985034
444530,MARS_20160501_20160531_32kHz,MARS_20160512_064934_resampled_32kHz.wav,550.0,555.0,orca_call,0.35505995
444532,MARS_20160501_20160531_32kHz,MARS_20160512_064934_resampled_32kHz.wav,560.0,565.0,orca_call,1.1080606
446667,MARS_20160501_20160531_32kHz,MARS_20160514_141932_resampled_32kHz.wav,435.0,440.0,orca_call,0.13736895
452088,MARS_20160501_20160531_32kHz,MARS_20160512_060934_resampled_32kHz.wav,540.0,545.0,orca_call,0.26026362
454853,MARS_20160501_20160531_32kHz,MARS_20160531_012349_resampled_32kHz.wav,565.0,570.0,orca_call,0.88747
454856,MARS_20160501_20160531_32kHz,MARS_20160531_012349_resampled_32kHz.wav,580.0,585.0,orca_call,0.5208906
455255,MARS_20160501_20160531_32kHz,MARS_20160522_095005_resampled_32kHz.wav,175.0,180.0,orca_call,0.16337708
458503,MARS_20160501_20160531_32kHz,MARS_20160512_133934_resampled_32kHz.wav,215.0,220.0,orca_call,0.36089852
458505,MARS_20160501_20160531_32kHz,MARS_20160512_133934_resampled_32kHz.wav,225.0,230.0,orca_call,0.20868048
458514,MARS_20160501_20160531_32kHz,MARS_20160512_133934_resampled_32kHz.wav,270.0,275.0,orca_call,0.59093106
458523,MARS_20160501_20160531_32kHz,MARS_20160512_133934_resampled_32kHz.wav,315.0,320.0,orca_call,0.19354826
461067,MARS_20160501_20160531_32kHz,MARS_20160529_111351_resampled_32kHz.wav,435.0,440.0,orca_call,0.4516955
461878,MARS_20160501_20160531_32kHz,MARS_20160523_131004_resampled_32kHz.wav,290.0,295.0,orca_call,0.22439203
461884,MARS_20160501_20160531_32kHz,MARS_20160523_131004_resampled_32kHz.wav,320.0,325.0,orca_call,0.006355025
461934,MARS_20160501_20160531_32kHz,MARS_20160523_131004_resampled_32kHz.wav,570.0,575.0,orca_call,0.64779866
466020,MARS_20160501_20160531_32kHz,MARS_20160512_071934_resampled_32kHz.wav,0.0,5.0,orca_call,0.9134773
466026,MARS_20160501_20160531_32kHz,MARS_20160512_071934_resampled_32kHz.wav,30.0,35.0,orca_call,0.23722085
466029,MARS_20160501_20160531_32kHz,MARS_20160512_071934_resampled_32kHz.wav,45.0,50.0,orca_call,0.7907132
466030,MARS_20160501_20160531_32kHz,MARS_20160512_071934_resampled_32kHz.wav,50.0,55.0,orca_call,0.030042231
466032,MARS_20160501_20160531_32kHz,MARS_20160512_071934_resampled_32kHz.wav,60.0,65.0,orca_call,1.5683432
466034,MARS_20160501_20160531_32kHz,MARS_20160512_071934_resampled_32kHz.wav,70.0,75.0,orca_call,0.7682311
466036,MARS_20160501_20160531_32kHz,MARS_20160512_071934_resampled_32kHz.wav,80.0,85.0,orca_call,1.5210977
466037,MARS_20160501_20160531_32kHz,MARS_20160512_071934_resampled_32kHz.wav,85.0,90.0,orca_call,0.35932887
466041,MARS_20160501_20160531_32kHz,MARS_20160512_071934_resampled_32kHz.wav,105.0,110.0,orca_call,1.3458139
466043,MARS_20160501_20160531_32kHz,MARS_20160512_071934_resampled_32kHz.wav,115.0,120.0,orca_call,0.24184102
466044,MARS_20160501_20160531_32kHz,MARS_20160512_071934_resampled_32kHz.wav,120.0,125.0,orca_call,0.28410792
466051,MARS_20160501_20160531_32kHz,MARS_20160512_071934_resampled_32kHz.wav,155.0,160.0,orca_call,1.7162864
466053,MARS_20160501_20160531_32kHz,MARS_20160512_071934_resampled_32kHz.wav,165.0,170.0,orca_call,0.3562957
466054,MARS_20160501_20160531_32kHz,MARS_20160512_071934_resampled_32kHz.wav,170.0,175.0,orca_call,0.4373796
466055,MARS_20160501_20160531_32kHz,MARS_20160512_071934_resampled_32kHz.wav,175.0,180.0,orca_call,1.5211359
466056,MARS_20160501_20160531_32kHz,MARS_20160512_071934_resampled_32kHz.wav,180.0,185.0,orca_call,1.3736256
466057,MARS_20160501_20160531_32kHz,MARS_20160512_071934_resampled_32kHz.wav,185.0,190.0,orca_call,0.9105153
466060,MARS_20160501_20160531_32kHz,MARS_20160512_071934_resampled_32kHz.wav,200.0,205.0,orca_call,0.56712586
466062,MARS_20160501_20160531_32kHz,MARS_20160512_071934_resampled_32kHz.wav,210.0,215.0,orca_call,0.23312825
466067,MARS_20160501_20160531_32kHz,MARS_20160512_071934_resampled_32kHz.wav,235.0,240.0,orca_call,0.5859014
466068,MARS_20160501_20160531_32kHz,MARS_20160512_071934_resampled_32kHz.wav,240.0,245.0,orca_call,1.4492588
466069,MARS_20160501_20160531_32kHz,MARS_20160512_071934_resampled_32kHz.wav,245.0,250.0,orca_call,0.77235824
466071,MARS_20160501_20160531_32kHz,MARS_20160512_071934_resampled_32kHz.wav,255.0,260.0,orca_call,0.6664675
466077,MARS_20160501_20160531_32kHz,MARS_20160512_071934_resampled_32kHz.wav,285.0,290.0,orca_call,0.4498837
466091,MARS_20160501_20160531_32kHz,MARS_20160512_071934_resampled_32kHz.wav,355.0,360.0,orca_call,0.47232956
470139,MARS_20160501_20160531_32kHz,MARS_20160505_095740_resampled_32kHz.wav,195.0,200.0,orca_call,0.0111897215
479526,MARS_20160501_20160531_32kHz,MARS_20160512_152934_resampled_32kHz.wav,330.0,335.0,orca_call,0.16061464
479702,MARS_20160501_20160531_32kHz,MARS_20160524_121003_resampled_32kHz.wav,10.0,15.0,orca_call,0.5644719
479811,MARS_20160501_20160531_32kHz,MARS_20160524_121003_resampled_32kHz.wav,555.0,560.0,orca_call,0.17671487
485314,MARS_20160501_20160531_32kHz,MARS_20160524_113003_resampled_32kHz.wav,470.0,475.0,orca_call,0.42154276
486788,MARS_20160501_20160531_32kHz,MARS_20160519_081844_resampled_32kHz.wav,40.0,45.0,orca_call,0.65997505
489505,MARS_20160501_20160531_32kHz,MARS_20160530_211349_resampled_32kHz.wav,425.0,430.0,orca_call,0.069994204
493242,MARS_20160501_20160531_32kHz,MARS_20160522_200005_resampled_32kHz.wav,510.0,515.0,orca_call,0.5597468
495540,MARS_20160501_20160531_32kHz,MARS_20160506_082836_resampled_32kHz.wav,0.0,5.0,orca_call,0.06379833
495783,MARS_20160501_20160531_32kHz,MARS_20160504_160939_resampled_32kHz.wav,15.0,20.0,orca_call,0.0634074
495795,MARS_20160501_20160531_32kHz,MARS_20160504_160939_resampled_32kHz.wav,75.0,80.0,orca_call,0.12908995
497583,MARS_20160501_20160531_32kHz,MARS_20160525_163002_resampled_32kHz.wav,15.0,20.0,orca_call,0.23337871
497585,MARS_20160501_20160531_32kHz,MARS_20160525_163002_resampled_32kHz.wav,25.0,30.0,orca_call,0.65362465
497586,MARS_20160501_20160531_32kHz,MARS_20160525_163002_resampled_32kHz.wav,30.0,35.0,orca_call,1.5051409
497587,MARS_20160501_20160531_32kHz,MARS_20160525_163002_resampled_32kHz.wav,35.0,40.0,orca_call,1.6903968
497589,MARS_20160501_20160531_32kHz,MARS_20160525_163002_resampled_32kHz.wav,45.0,50.0,orca_call,3.1728835
497591,MARS_20160501_20160531_32kHz,MARS_20160525_163002_resampled_32kHz.wav,55.0,60.0,orca_call,2.082287
497592,MARS_20160501_20160531_32kHz,MARS_20160525_163002_resampled_32kHz.wav,60.0,65.0,orca_call,1.69991
497593,MARS_20160501_20160531_32kHz,MARS_20160525_163002_resampled_32kHz.wav,65.0,70.0,orca_call,2.376712
497598,MARS_20160501_20160531_32kHz,MARS_20160525_163002_resampled_32kHz.wav,90.0,95.0,orca_call,1.1521611
497601,MARS_20160501_20160531_32kHz,MARS_20160525_163002_resampled_32kHz.wav,105.0,110.0,orca_call,1.1485777
497613,MARS_20160501_20160531_32kHz,MARS_20160525_163002_resampled_32kHz.wav,165.0,170.0,orca_call,0.25434458
497614,MARS_20160501_20160531_32kHz,MARS_20160525_163002_resampled_32kHz.wav,170.0,175.0,orca_call,1.5470792
497642,MARS_20160501_20160531_32kHz,MARS_20160525_163002_resampled_32kHz.wav,310.0,315.0,orca_call,1.753018
499622,MARS_20160501_20160531_32kHz,MARS_20160505_084740_resampled_32kHz.wav,10.0,15.0,orca_call,0.9168247
499716,MARS_20160501_20160531_32kHz,MARS_20160505_084740_resampled_32kHz.wav,480.0,485.0,orca_call,1.5469446
501187,MARS_20160501_20160531_32kHz,MARS_20160512_072934_resampled_32kHz.wav,35.0,40.0,orca_call,1.6274945
501188,MARS_20160501_20160531_32kHz,MARS_20160512_072934_resampled_32kHz.wav,40.0,45.0,orca_call,0.96900487
501189,MARS_20160501_20160531_32kHz,MARS_20160512_072934_resampled_32kHz.wav,45.0,50.0,orca_call,0.01282578
501192,MARS_20160501_20160531_32kHz,MARS_20160512_072934_resampled_32kHz.wav,60.0,65.0,orca_call,0.8221583
501194,MARS_20160501_20160531_32kHz,MARS_20160512_072934_resampled_32kHz.wav,70.0,75.0,orca_call,0.7054996
501199,MARS_20160501_20160531_32kHz,MARS_20160512_072934_resampled_32kHz.wav,95.0,100.0,orca_call,1.5898768
501210,MARS_20160501_20160531_32kHz,MARS_20160512_072934_resampled_32kHz.wav,150.0,155.0,orca_call,0.5666799
502690,MARS_20160501_20160531_32kHz,MARS_20160512_135934_resampled_32kHz.wav,350.0,355.0,orca_call,0.7067523
502696,MARS_20160501_20160531_32kHz,MARS_20160512_135934_resampled_32kHz.wav,380.0,385.0,orca_call,0.7342349
502703,MARS_20160501_20160531_32kHz,MARS_20160512_135934_resampled_32kHz.wav,415.0,420.0,orca_call,0.14544395
502709,MARS_20160501_20160531_32kHz,MARS_20160512_135934_resampled_32kHz.wav,445.0,450.0,orca_call,0.9680629
502717,MARS_20160501_20160531_32kHz,MARS_20160512_135934_resampled_32kHz.wav,485.0,490.0,orca_call,0.2170361
502721,MARS_20160501_20160531_32kHz,MARS_20160512_135934_resampled_32kHz.wav,505.0,510.0,orca_call,0.43895727
506466,MARS_20160501_20160531_32kHz,MARS_20160504_155939_resampled_32kHz.wav,30.0,35.0,orca_call,0.019409329
506565,MARS_20160501_20160531_32kHz,MARS_20160504_155939_resampled_32kHz.wav,525.0,530.0,orca_call,0.7331513
506567,MARS_20160501_20160531_32kHz,MARS_20160504_155939_resampled_32kHz.wav,535.0,540.0,orca_call,0.6087835
510622,MARS_20160501_20160531_32kHz,MARS_20160508_122515_resampled_32kHz.wav,410.0,415.0,orca_call,0.40258515
514144,MARS_20160501_20160531_32kHz,MARS_20160527_161353_resampled_32kHz.wav,20.0,25.0,orca_call,0.19821274
514147,MARS_20160501_20160531_32kHz,MARS_20160527_161353_resampled_32kHz.wav,35.0,40.0,orca_call,0.092969306
514157,MARS_20160501_20160531_32kHz,MARS_20160527_161353_resampled_32kHz.wav,85.0,90.0,orca_call,0.3113895
518054,MARS_20160501_20160531_32kHz,MARS_20160521_145842_resampled_32kHz.wav,370.0,375.0,orca_call,0.03735829
519857,MARS_20160501_20160531_32kHz,MARS_20160506_040836_resampled_32kHz.wav,385.0,390.0,orca_call,0.12808794
530479,MARS_20160501_20160531_32kHz,MARS_20160522_204005_resampled_32kHz.wav,95.0,100.0,orca_call,0.17930427
530580,MARS_20160501_20160531_32kHz,MARS_20160512_045934_resampled_32kHz.wav,0.0,5.0,orca_call,0.23860997
530586,MARS_20160501_20160531_32kHz,MARS_20160512_045934_resampled_32kHz.wav,30.0,35.0,orca_call,1.0211241
530587,MARS_20160501_20160531_32kHz,MARS_20160512_045934_resampled_32kHz.wav,35.0,40.0,orca_call,0.49275678
530589,MARS_20160501_20160531_32kHz,MARS_20160512_045934_resampled_32kHz.wav,45.0,50.0,orca_call,0.81099707
530594,MARS_20160501_20160531_32kHz,MARS_20160512_045934_resampled_32kHz.wav,70.0,75.0,orca_call,0.97322834
530596,MARS_20160501_20160531_32kHz,MARS_20160512_045934_resampled_32kHz.wav,80.0,85.0,orca_call,1.6157242
530601,MARS_20160501_20160531_32kHz,MARS_20160512_045934_resampled_32kHz.wav,105.0,110.0,orca_call,0.31813022
530602,MARS_20160501_20160531_32kHz,MARS_20160512_045934_resampled_32kHz.wav,110.0,115.0,orca_call,1.1617271
530604,MARS_20160501_20160531_32kHz,MARS_20160512_045934_resampled_32kHz.wav,120.0,125.0,orca_call,0.6836287
530605,MARS_20160501_20160531_32kHz,MARS_20160512_045934_resampled_32kHz.wav,125.0,130.0,orca_call,1.7257493
530606,MARS_20160501_20160531_32kHz,MARS_20160512_045934_resampled_32kHz.wav,130.0,135.0,orca_call,0.94836044
530607,MARS_20160501_20160531_32kHz,MARS_20160512_045934_resampled_32kHz.wav,135.0,140.0,orca_call,0.6234986
530613,MARS_20160501_20160531_32kHz,MARS_20160512_045934_resampled_32kHz.wav,165.0,170.0,orca_call,1.0169238
530614,MARS_20160501_20160531_32kHz,MARS_20160512_045934_resampled_32kHz.wav,170.0,175.0,orca_call,0.93733466
530615,MARS_20160501_20160531_32kHz,MARS_20160512_045934_resampled_32kHz.wav,175.0,180.0,orca_call,0.8838765
530617,MARS_20160501_20160531_32kHz,MARS_20160512_045934_resampled_32kHz.wav,185.0,190.0,orca_call,0.8487636
530618,MARS_20160501_20160531_32kHz,MARS_20160512_045934_resampled_32kHz.wav,190.0,195.0,orca_call,1.2115518
530619,MARS_20160501_20160531_32kHz,MARS_20160512_045934_resampled_32kHz.wav,195.0,200.0,orca_call,0.6801137
530620,MARS_20160501_20160531_32kHz,MARS_20160512_045934_resampled_32kHz.wav,200.0,205.0,orca_call,1.0115693
530621,MARS_20160501_20160531_32kHz,MARS_20160512_045934_resampled_32kHz.wav,205.0,210.0,orca_call,1.3603765
530622,MARS_20160501_20160531_32kHz,MARS_20160512_045934_resampled_32kHz.wav,210.0,215.0,orca_call,1.5407776
530623,MARS_20160501_20160531_32kHz,MARS_20160512_045934_resampled_32kHz.wav,215.0,220.0,orca_call,1.6725309
530624,MARS_20160501_20160531_32kHz,MARS_20160512_045934_resampled_32kHz.wav,220.0,225.0,orca_call,1.4836589
530625,MARS_20160501_20160531_32kHz,MARS_20160512_045934_resampled_32kHz.wav,225.0,230.0,orca_call,1.2552248
530626,MARS_20160501_20160531_32kHz,MARS_20160512_045934_resampled_32kHz.wav,230.0,235.0,orca_call,2.6382642
530627,MARS_20160501_20160531_32kHz,MARS_20160512_045934_resampled_32kHz.wav,235.0,240.0,orca_call,0.1916734
530629,MARS_20160501_20160531_32kHz,MARS_20160512_045934_resampled_32kHz.wav,245.0,250.0,orca_call,0.8579738
530630,MARS_20160501_20160531_32kHz,MARS_20160512_045934_resampled_32kHz.wav,250.0,255.0,orca_call,1.61734
530631,MARS_20160501_20160531_32kHz,MARS_20160512_045934_resampled_32kHz.wav,255.0,260.0,orca_call,1.2320045
530632,MARS_20160501_20160531_32kHz,MARS_20160512_045934_resampled_32kHz.wav,260.0,265.0,orca_call,1.3768259
530633,MARS_20160501_20160531_32kHz,MARS_20160512_045934_resampled_32kHz.wav,265.0,270.0,orca_call,1.5441992
530634,MARS_20160501_20160531_32kHz,MARS_20160512_045934_resampled_32kHz.wav,270.0,275.0,orca_call,1.1972799
530635,MARS_20160501_20160531_32kHz,MARS_20160512_045934_resampled_32kHz.wav,275.0,280.0,orca_call,2.164072
530636,MARS_20160501_20160531_32kHz,MARS_20160512_045934_resampled_32kHz.wav,280.0,285.0,orca_call,1.2727785
530637,MARS_20160501_20160531_32kHz,MARS_20160512_045934_resampled_32kHz.wav,285.0,290.0,orca_call,0.43743986
530638,MARS_20160501_20160531_32kHz,MARS_20160512_045934_resampled_32kHz.wav,290.0,295.0,orca_call,1.9643024
530639,MARS_20160501_20160531_32kHz,MARS_20160512_045934_resampled_32kHz.wav,295.0,300.0,orca_call,0.90812486
530641,MARS_20160501_20160531_32kHz,MARS_20160512_045934_resampled_32kHz.wav,305.0,310.0,orca_call,1.3329057
530643,MARS_20160501_20160531_32kHz,MARS_20160512_045934_resampled_32kHz.wav,315.0,320.0,orca_call,1.8428472
530645,MARS_20160501_20160531_32kHz,MARS_20160512_045934_resampled_32kHz.wav,325.0,330.0,orca_call,1.2168043
530646,MARS_20160501_20160531_32kHz,MARS_20160512_045934_resampled_32kHz.wav,330.0,335.0,orca_call,0.59793735
530648,MARS_20160501_20160531_32kHz,MARS_20160512_045934_resampled_32kHz.wav,340.0,345.0,orca_call,0.55295974
530649,MARS_20160501_20160531_32kHz,MARS_20160512_045934_resampled_32kHz.wav,345.0,350.0,orca_call,0.29640645
530650,MARS_20160501_20160531_32kHz,MARS_20160512_045934_resampled_32kHz.wav,350.0,355.0,orca_call,1.5621742
530651,MARS_20160501_20160531_32kHz,MARS_20160512_045934_resampled_32kHz.wav,355.0,360.0,orca_call,1.0734826
530652,MARS_20160501_20160531_32kHz,MARS_20160512_045934_resampled_32kHz.wav,360.0,365.0,orca_call,0.41295615
530656,MARS_20160501_20160531_32kHz,MARS_20160512_045934_resampled_32kHz.wav,380.0,385.0,orca_call,0.72191906
530661,MARS_20160501_20160531_32kHz,MARS_20160512_045934_resampled_32kHz.wav,405.0,410.0,orca_call,0.5054422
530664,MARS_20160501_20160531_32kHz,MARS_20160512_045934_resampled_32kHz.wav,420.0,425.0,orca_call,0.10293136
530673,MARS_20160501_20160531_32kHz,MARS_20160512_045934_resampled_32kHz.wav,465.0,470.0,orca_call,1.3833119
530675,MARS_20160501_20160531_32kHz,MARS_20160512_045934_resampled_32kHz.wav,475.0,480.0,orca_call,0.7022812
530676,MARS_20160501_20160531_32kHz,MARS_20160512_045934_resampled_32kHz.wav,480.0,485.0,orca_call,0.47410595
530682,MARS_20160501_20160531_32kHz,MARS_20160512_045934_resampled_32kHz.wav,510.0,515.0,orca_call,0.085708074
530684,MARS_20160501_20160531_32kHz,MARS_20160512_045934_resampled_32kHz.wav,520.0,525.0,orca_call,0.8113584
530692,MARS_20160501_20160531_32kHz,MARS_20160512_045934_resampled_32kHz.wav,560.0,565.0,orca_call,0.11758106
530693,MARS_20160501_20160531_32kHz,MARS_20160512_045934_resampled_32kHz.wav,565.0,570.0,orca_call,0.9360851
530697,MARS_20160501_20160531_32kHz,MARS_20160512_045934_resampled_32kHz.wav,585.0,590.0,orca_call,0.206622
530698,MARS_20160501_20160531_32kHz,MARS_20160512_045934_resampled_32kHz.wav,590.0,595.0,orca_call,0.45698553
533230,MARS_20160501_20160531_32kHz,MARS_20160504_180939_resampled_32kHz.wav,50.0,55.0,orca_call,0.08697202
533233,MARS_20160501_20160531_32kHz,MARS_20160504_180939_resampled_32kHz.wav,65.0,70.0,orca_call,0.108033754
533235,MARS_20160501_20160531_32kHz,MARS_20160504_180939_resampled_32kHz.wav,75.0,80.0,orca_call,0.26199692
533250,MARS_20160501_20160531_32kHz,MARS_20160504_180939_resampled_32kHz.wav,150.0,155.0,orca_call,0.27303973
534290,MARS_20160501_20160531_32kHz,MARS_20160513_225932_resampled_32kHz.wav,550.0,555.0,orca_call,0.30544245
