idx,project,filename,window_start,window_end,label,logits
941,MARS_20230901_20230930_32kHz,MARS_20230919_054054_resampled_32kHz.wav,500.0,505.0,orca_call,0.4516002
1083,MARS_20230901_20230930_32kHz,MARS_20230904_035041_resampled_32kHz.wav,10.0,15.0,orca_call,0.26615936
1201,MARS_20230901_20230930_32kHz,MARS_20230922_011317_resampled_32kHz.wav,0.0,5.0,orca_call,0.84310746
1647,MARS_20230901_20230930_32kHz,MARS_20230919_211054_resampled_32kHz.wav,430.0,435.0,orca_call,0.074051075
3008,MARS_20230901_20230930_32kHz,MARS_20230902_092041_resampled_32kHz.wav,35.0,40.0,orca_call,0.8565046
4304,MARS_20230901_20230930_32kHz,MARS_20230923_165317_resampled_32kHz.wav,515.0,520.0,orca_call,0.28302133
4305,MARS_20230901_20230930_32kHz,MARS_20230923_165317_resampled_32kHz.wav,520.0,525.0,orca_call,0.30432028
4462,MARS_20230901_20230930_32kHz,MARS_20230908_153857_resampled_32kHz.wav,105.0,110.0,orca_call,0.02169434
7419,MARS_20230901_20230930_32kHz,MARS_20230908_135857_resampled_32kHz.wav,490.0,495.0,orca_call,0.37428242
8288,MARS_20230901_20230930_32kHz,MARS_20230919_220054_resampled_32kHz.wav,35.0,40.0,orca_call,0.44021404
8291,MARS_20230901_20230930_32kHz,MARS_20230919_220054_resampled_32kHz.wav,50.0,55.0,orca_call,0.49762392
8390,MARS_20230901_20230930_32kHz,MARS_20230919_220054_resampled_32kHz.wav,545.0,550.0,orca_call,0.50295913
8391,MARS_20230901_20230930_32kHz,MARS_20230919_220054_resampled_32kHz.wav,550.0,555.0,orca_call,0.23729694
8393,MARS_20230901_20230930_32kHz,MARS_20230919_220054_resampled_32kHz.wav,560.0,565.0,orca_call,0.26217252
8394,MARS_20230901_20230930_32kHz,MARS_20230919_220054_resampled_32kHz.wav,565.0,570.0,orca_call,0.10211996
8399,MARS_20230901_20230930_32kHz,MARS_20230919_220054_resampled_32kHz.wav,590.0,595.0,orca_call,0.32077718
10719,MARS_20230901_20230930_32kHz,MARS_20230913_143227_resampled_32kHz.wav,115.0,120.0,orca_call,0.023638494
10764,MARS_20230901_20230930_32kHz,MARS_20230913_143227_resampled_32kHz.wav,340.0,345.0,orca_call,0.26814127
12333,MARS_20230901_20230930_32kHz,MARS_20230918_151054_resampled_32kHz.wav,385.0,390.0,orca_call,0.8904196
15462,MARS_20230901_20230930_32kHz,MARS_20230906_003857_resampled_32kHz.wav,430.0,435.0,orca_call,0.15644443
20436,MARS_20230901_20230930_32kHz,MARS_20230926_005317_resampled_32kHz.wav,125.0,130.0,orca_call,0.3034601
20555,MARS_20230901_20230930_32kHz,MARS_20230915_092807_resampled_32kHz.wav,120.0,125.0,orca_call,0.58943814
22981,MARS_20230901_20230930_32kHz,MARS_20230928_203615_resampled_32kHz.wav,250.0,255.0,orca_call,0.75844556
22983,MARS_20230901_20230930_32kHz,MARS_20230928_203615_resampled_32kHz.wav,260.0,265.0,orca_call,0.53943217
24994,MARS_20230901_20230930_32kHz,MARS_20230922_103317_resampled_32kHz.wav,115.0,120.0,orca_call,1.3799354
24996,MARS_20230901_20230930_32kHz,MARS_20230922_103317_resampled_32kHz.wav,125.0,130.0,orca_call,0.6018102
25079,MARS_20230901_20230930_32kHz,MARS_20230922_103317_resampled_32kHz.wav,540.0,545.0,orca_call,0.34009236
25083,MARS_20230901_20230930_32kHz,MARS_20230922_103317_resampled_32kHz.wav,560.0,565.0,orca_call,0.25324443
25085,MARS_20230901_20230930_32kHz,MARS_20230922_103317_resampled_32kHz.wav,570.0,575.0,orca_call,0.47322142
25086,MARS_20230901_20230930_32kHz,MARS_20230922_103317_resampled_32kHz.wav,575.0,580.0,orca_call,0.16094816
25932,MARS_20230901_20230930_32kHz,MARS_20230925_213317_resampled_32kHz.wav,5.0,10.0,orca_call,0.21917579
26048,MARS_20230901_20230930_32kHz,MARS_20230925_213317_resampled_32kHz.wav,585.0,590.0,orca_call,0.10076354
26721,MARS_20230901_20230930_32kHz,MARS_20230915_090807_resampled_32kHz.wav,350.0,355.0,orca_call,0.1423553
26750,MARS_20230901_20230930_32kHz,MARS_20230915_090807_resampled_32kHz.wav,495.0,500.0,orca_call,0.20222723
27080,MARS_20230901_20230930_32kHz,MARS_20230913_162227_resampled_32kHz.wav,345.0,350.0,orca_call,0.07667524
27588,MARS_20230901_20230930_32kHz,MARS_20230927_135615_resampled_32kHz.wav,485.0,490.0,orca_call,0.28604504
27752,MARS_20230901_20230930_32kHz,MARS_20230901_000041_resampled_32kHz.wav,105.0,110.0,orca_call,0.96456444
27755,MARS_20230901_20230930_32kHz,MARS_20230901_000041_resampled_32kHz.wav,120.0,125.0,orca_call,0.14383838
27776,MARS_20230901_20230930_32kHz,MARS_20230901_000041_resampled_32kHz.wav,225.0,230.0,orca_call,0.87726194
28340,MARS_20230901_20230930_32kHz,MARS_20230927_060615_resampled_32kHz.wav,45.0,50.0,orca_call,0.3690828
28348,MARS_20230901_20230930_32kHz,MARS_20230927_060615_resampled_32kHz.wav,85.0,90.0,orca_call,0.3975863
28412,MARS_20230901_20230930_32kHz,MARS_20230927_060615_resampled_32kHz.wav,405.0,410.0,orca_call,0.12573013
29524,MARS_20230901_20230930_32kHz,MARS_20230917_151054_resampled_32kHz.wav,565.0,570.0,orca_call,0.27689633
30113,MARS_20230901_20230930_32kHz,MARS_20230902_053041_resampled_32kHz.wav,510.0,515.0,orca_call,0.245116
33256,MARS_20230901_20230930_32kHz,MARS_20230927_055615_resampled_32kHz.wav,20.0,25.0,orca_call,0.23962873
33327,MARS_20230901_20230930_32kHz,MARS_20230927_055615_resampled_32kHz.wav,375.0,380.0,orca_call,0.9045068
34894,MARS_20230901_20230930_32kHz,MARS_20230922_162317_resampled_32kHz.wav,410.0,415.0,orca_call,0.57130903
35401,MARS_20230901_20230930_32kHz,MARS_20230927_160615_resampled_32kHz.wav,545.0,550.0,orca_call,1.0023748
35420,MARS_20230901_20230930_32kHz,MARS_20230906_074857_resampled_32kHz.wav,40.0,45.0,orca_call,0.36876714
35444,MARS_20230901_20230930_32kHz,MARS_20230906_074857_resampled_32kHz.wav,160.0,165.0,orca_call,1.6090169
35459,MARS_20230901_20230930_32kHz,MARS_20230906_074857_resampled_32kHz.wav,235.0,240.0,orca_call,1.1750759
35463,MARS_20230901_20230930_32kHz,MARS_20230906_074857_resampled_32kHz.wav,255.0,260.0,orca_call,0.87707746
35519,MARS_20230901_20230930_32kHz,MARS_20230906_074857_resampled_32kHz.wav,535.0,540.0,orca_call,0.06612278
37139,MARS_20230901_20230930_32kHz,MARS_20230919_125054_resampled_32kHz.wav,235.0,240.0,orca_call,0.2941745
39919,MARS_20230901_20230930_32kHz,MARS_20230905_195857_resampled_32kHz.wav,565.0,570.0,orca_call,0.8723241
41153,MARS_20230901_20230930_32kHz,MARS_20230930_034615_resampled_32kHz.wav,135.0,140.0,orca_call,0.1638256
41233,MARS_20230901_20230930_32kHz,MARS_20230930_034615_resampled_32kHz.wav,535.0,540.0,orca_call,0.023681588
41436,MARS_20230901_20230930_32kHz,MARS_20230913_113227_resampled_32kHz.wav,350.0,355.0,orca_call,0.4241066
41672,MARS_20230901_20230930_32kHz,MARS_20230925_083317_resampled_32kHz.wav,330.0,335.0,orca_call,0.4405815
41886,MARS_20230901_20230930_32kHz,MARS_20230929_103615_resampled_32kHz.wav,200.0,205.0,orca_call,0.1818972
42210,MARS_20230901_20230930_32kHz,MARS_20230906_073857_resampled_32kHz.wav,20.0,25.0,orca_call,0.09671182
42256,MARS_20230901_20230930_32kHz,MARS_20230906_073857_resampled_32kHz.wav,250.0,255.0,orca_call,1.5496999
42263,MARS_20230901_20230930_32kHz,MARS_20230906_073857_resampled_32kHz.wav,285.0,290.0,orca_call,0.51627076
42265,MARS_20230901_20230930_32kHz,MARS_20230906_073857_resampled_32kHz.wav,295.0,300.0,orca_call,0.41871464
42276,MARS_20230901_20230930_32kHz,MARS_20230906_073857_resampled_32kHz.wav,350.0,355.0,orca_call,0.2644739
42284,MARS_20230901_20230930_32kHz,MARS_20230906_073857_resampled_32kHz.wav,390.0,395.0,orca_call,0.41479748
42295,MARS_20230901_20230930_32kHz,MARS_20230906_073857_resampled_32kHz.wav,445.0,450.0,orca_call,0.1639924
44071,MARS_20230901_20230930_32kHz,MARS_20230922_182317_resampled_32kHz.wav,325.0,330.0,orca_call,0.08931012
44249,MARS_20230901_20230930_32kHz,MARS_20230920_131054_resampled_32kHz.wav,15.0,20.0,orca_call,0.0037779808
45758,MARS_20230901_20230930_32kHz,MARS_20230908_134857_resampled_32kHz.wav,360.0,365.0,orca_call,0.035209306
45827,MARS_20230901_20230930_32kHz,MARS_20230914_204227_resampled_32kHz.wav,105.0,110.0,orca_call,0.72070986
45837,MARS_20230901_20230930_32kHz,MARS_20230914_204227_resampled_32kHz.wav,155.0,160.0,orca_call,1.2212203
45850,MARS_20230901_20230930_32kHz,MARS_20230914_204227_resampled_32kHz.wav,220.0,225.0,orca_call,0.21105549
46177,MARS_20230901_20230930_32kHz,MARS_20230902_222041_resampled_32kHz.wav,55.0,60.0,orca_call,0.09044779
46538,MARS_20230901_20230930_32kHz,MARS_20230917_094054_resampled_32kHz.wav,60.0,65.0,orca_call,0.9042192
46539,MARS_20230901_20230930_32kHz,MARS_20230917_094054_resampled_32kHz.wav,65.0,70.0,orca_call,1.7274026
46556,MARS_20230901_20230930_32kHz,MARS_20230917_094054_resampled_32kHz.wav,150.0,155.0,orca_call,0.860982
46576,MARS_20230901_20230930_32kHz,MARS_20230917_094054_resampled_32kHz.wav,250.0,255.0,orca_call,1.0007808
46585,MARS_20230901_20230930_32kHz,MARS_20230917_094054_resampled_32kHz.wav,295.0,300.0,orca_call,0.7154883
47972,MARS_20230901_20230930_32kHz,MARS_20230930_040615_resampled_32kHz.wav,30.0,35.0,orca_call,0.34592366
52317,MARS_20230901_20230930_32kHz,MARS_20230923_085317_resampled_32kHz.wav,155.0,160.0,orca_call,0.1059959
52339,MARS_20230901_20230930_32kHz,MARS_20230923_085317_resampled_32kHz.wav,265.0,270.0,orca_call,0.31389433
52373,MARS_20230901_20230930_32kHz,MARS_20230923_085317_resampled_32kHz.wav,435.0,440.0,orca_call,0.09508153
52398,MARS_20230901_20230930_32kHz,MARS_20230923_085317_resampled_32kHz.wav,560.0,565.0,orca_call,0.22136372
54433,MARS_20230901_20230930_32kHz,MARS_20230928_200615_resampled_32kHz.wav,535.0,540.0,orca_call,0.5092813
54434,MARS_20230901_20230930_32kHz,MARS_20230928_200615_resampled_32kHz.wav,540.0,545.0,orca_call,0.16139132
54880,MARS_20230901_20230930_32kHz,MARS_20230927_044615_resampled_32kHz.wav,370.0,375.0,orca_call,0.8326271
55650,MARS_20230901_20230930_32kHz,MARS_20230906_075857_resampled_32kHz.wav,20.0,25.0,orca_call,0.052046217
55654,MARS_20230901_20230930_32kHz,MARS_20230906_075857_resampled_32kHz.wav,40.0,45.0,orca_call,0.24723345
55656,MARS_20230901_20230930_32kHz,MARS_20230906_075857_resampled_32kHz.wav,50.0,55.0,orca_call,1.2338947
55708,MARS_20230901_20230930_32kHz,MARS_20230906_075857_resampled_32kHz.wav,310.0,315.0,orca_call,1.33258
55729,MARS_20230901_20230930_32kHz,MARS_20230906_075857_resampled_32kHz.wav,415.0,420.0,orca_call,1.3804116
55732,MARS_20230901_20230930_32kHz,MARS_20230906_075857_resampled_32kHz.wav,430.0,435.0,orca_call,0.7955217
55734,MARS_20230901_20230930_32kHz,MARS_20230906_075857_resampled_32kHz.wav,440.0,445.0,orca_call,0.15924302
56149,MARS_20230901_20230930_32kHz,MARS_20230920_012054_resampled_32kHz.wav,115.0,120.0,orca_call,2.0593107
56191,MARS_20230901_20230930_32kHz,MARS_20230920_012054_resampled_32kHz.wav,325.0,330.0,orca_call,0.8747489
56195,MARS_20230901_20230930_32kHz,MARS_20230920_012054_resampled_32kHz.wav,345.0,350.0,orca_call,0.2238045
58857,MARS_20230901_20230930_32kHz,MARS_20230923_195317_resampled_32kHz.wav,455.0,460.0,orca_call,1.0759382
58882,MARS_20230901_20230930_32kHz,MARS_20230923_195317_resampled_32kHz.wav,580.0,585.0,orca_call,0.1749829
59533,MARS_20230901_20230930_32kHz,MARS_20230920_141054_resampled_32kHz.wav,235.0,240.0,orca_call,0.32029295
59563,MARS_20230901_20230930_32kHz,MARS_20230920_141054_resampled_32kHz.wav,385.0,390.0,orca_call,0.14109921
63158,MARS_20230901_20230930_32kHz,MARS_20230927_171615_resampled_32kHz.wav,360.0,365.0,orca_call,1.2218764
64891,MARS_20230901_20230930_32kHz,MARS_20230920_011054_resampled_32kHz.wav,25.0,30.0,orca_call,0.028285407
65004,MARS_20230901_20230930_32kHz,MARS_20230920_011054_resampled_32kHz.wav,590.0,595.0,orca_call,0.30419078
65501,MARS_20230901_20230930_32kHz,MARS_20230922_055317_resampled_32kHz.wav,75.0,80.0,orca_call,0.82774276
65525,MARS_20230901_20230930_32kHz,MARS_20230922_055317_resampled_32kHz.wav,195.0,200.0,orca_call,0.58285266
65580,MARS_20230901_20230930_32kHz,MARS_20230922_055317_resampled_32kHz.wav,470.0,475.0,orca_call,1.2842964
65604,MARS_20230901_20230930_32kHz,MARS_20230922_055317_resampled_32kHz.wav,590.0,595.0,orca_call,0.75161487
66165,MARS_20230901_20230930_32kHz,MARS_20230915_023227_resampled_32kHz.wav,395.0,400.0,orca_call,0.5557825
66529,MARS_20230901_20230930_32kHz,MARS_20230927_015615_resampled_32kHz.wav,415.0,420.0,orca_call,0.052761532
66774,MARS_20230901_20230930_32kHz,MARS_20230922_183317_resampled_32kHz.wav,440.0,445.0,orca_call,1.039526
66783,MARS_20230901_20230930_32kHz,MARS_20230922_183317_resampled_32kHz.wav,485.0,490.0,orca_call,0.5011307
67247,MARS_20230901_20230930_32kHz,MARS_20230923_163317_resampled_32kHz.wav,405.0,410.0,orca_call,1.214477
67398,MARS_20230901_20230930_32kHz,MARS_20230909_211857_resampled_32kHz.wav,560.0,565.0,orca_call,0.19802791
67583,MARS_20230901_20230930_32kHz,MARS_20230926_235615_resampled_32kHz.wav,285.0,290.0,orca_call,0.014298134
67872,MARS_20230901_20230930_32kHz,MARS_20230927_011615_resampled_32kHz.wav,530.0,535.0,orca_call,0.4221204
69425,MARS_20230901_20230930_32kHz,MARS_20230921_125317_resampled_32kHz.wav,495.0,500.0,orca_call,1.3240567
69972,MARS_20230901_20230930_32kHz,MARS_20230901_055041_resampled_32kHz.wav,230.0,235.0,orca_call,0.14129561
69979,MARS_20230901_20230930_32kHz,MARS_20230901_055041_resampled_32kHz.wav,265.0,270.0,orca_call,0.20547116
70088,MARS_20230901_20230930_32kHz,MARS_20230929_022615_resampled_32kHz.wav,210.0,215.0,orca_call,0.6966356
70112,MARS_20230901_20230930_32kHz,MARS_20230929_022615_resampled_32kHz.wav,330.0,335.0,orca_call,0.17539898
70115,MARS_20230901_20230930_32kHz,MARS_20230929_022615_resampled_32kHz.wav,345.0,350.0,orca_call,0.87082696
70119,MARS_20230901_20230930_32kHz,MARS_20230929_022615_resampled_32kHz.wav,365.0,370.0,orca_call,0.55261976
70151,MARS_20230901_20230930_32kHz,MARS_20230929_022615_resampled_32kHz.wav,525.0,530.0,orca_call,0.2386348
71611,MARS_20230901_20230930_32kHz,MARS_20230916_192054_resampled_32kHz.wav,25.0,30.0,orca_call,0.008882366
71613,MARS_20230901_20230930_32kHz,MARS_20230916_192054_resampled_32kHz.wav,35.0,40.0,orca_call,0.45396876
71630,MARS_20230901_20230930_32kHz,MARS_20230916_192054_resampled_32kHz.wav,120.0,125.0,orca_call,0.107440464
71632,MARS_20230901_20230930_32kHz,MARS_20230916_192054_resampled_32kHz.wav,130.0,135.0,orca_call,1.5375612
71633,MARS_20230901_20230930_32kHz,MARS_20230916_192054_resampled_32kHz.wav,135.0,140.0,orca_call,0.45996732
71637,MARS_20230901_20230930_32kHz,MARS_20230916_192054_resampled_32kHz.wav,155.0,160.0,orca_call,0.56445587
71666,MARS_20230901_20230930_32kHz,MARS_20230916_192054_resampled_32kHz.wav,300.0,305.0,orca_call,0.21442702
71704,MARS_20230901_20230930_32kHz,MARS_20230916_192054_resampled_32kHz.wav,490.0,495.0,orca_call,0.292291
71952,MARS_20230901_20230930_32kHz,MARS_20230927_134615_resampled_32kHz.wav,530.0,535.0,orca_call,0.13263288
73959,MARS_20230901_20230930_32kHz,MARS_20230906_094857_resampled_32kHz.wav,365.0,370.0,orca_call,0.43314266
73975,MARS_20230901_20230930_32kHz,MARS_20230906_094857_resampled_32kHz.wav,445.0,450.0,orca_call,1.9739414
73977,MARS_20230901_20230930_32kHz,MARS_20230906_094857_resampled_32kHz.wav,455.0,460.0,orca_call,1.1862044
73979,MARS_20230901_20230930_32kHz,MARS_20230906_094857_resampled_32kHz.wav,465.0,470.0,orca_call,0.9158814
73981,MARS_20230901_20230930_32kHz,MARS_20230906_094857_resampled_32kHz.wav,475.0,480.0,orca_call,0.09942836
73990,MARS_20230901_20230930_32kHz,MARS_20230906_094857_resampled_32kHz.wav,520.0,525.0,orca_call,0.3129688
74000,MARS_20230901_20230930_32kHz,MARS_20230906_094857_resampled_32kHz.wav,570.0,575.0,orca_call,0.27139586
74050,MARS_20230901_20230930_32kHz,MARS_20230927_063615_resampled_32kHz.wav,220.0,225.0,orca_call,0.45042676
74251,MARS_20230901_20230930_32kHz,MARS_20230929_183615_resampled_32kHz.wav,25.0,30.0,orca_call,0.29648384
74266,MARS_20230901_20230930_32kHz,MARS_20230929_183615_resampled_32kHz.wav,100.0,105.0,orca_call,0.22807306
74302,MARS_20230901_20230930_32kHz,MARS_20230929_183615_resampled_32kHz.wav,280.0,285.0,orca_call,0.20137936
74303,MARS_20230901_20230930_32kHz,MARS_20230929_183615_resampled_32kHz.wav,285.0,290.0,orca_call,0.912574
74305,MARS_20230901_20230930_32kHz,MARS_20230929_183615_resampled_32kHz.wav,295.0,300.0,orca_call,0.3754233
74310,MARS_20230901_20230930_32kHz,MARS_20230929_183615_resampled_32kHz.wav,320.0,325.0,orca_call,1.4948598
74312,MARS_20230901_20230930_32kHz,MARS_20230929_183615_resampled_32kHz.wav,330.0,335.0,orca_call,0.56451225
74318,MARS_20230901_20230930_32kHz,MARS_20230929_183615_resampled_32kHz.wav,360.0,365.0,orca_call,1.666361
74332,MARS_20230901_20230930_32kHz,MARS_20230929_183615_resampled_32kHz.wav,430.0,435.0,orca_call,0.6015122
74337,MARS_20230901_20230930_32kHz,MARS_20230929_183615_resampled_32kHz.wav,455.0,460.0,orca_call,0.39640427
74342,MARS_20230901_20230930_32kHz,MARS_20230929_183615_resampled_32kHz.wav,480.0,485.0,orca_call,1.6833757
74359,MARS_20230901_20230930_32kHz,MARS_20230929_183615_resampled_32kHz.wav,565.0,570.0,orca_call,0.92098725
74362,MARS_20230901_20230930_32kHz,MARS_20230929_183615_resampled_32kHz.wav,580.0,585.0,orca_call,0.04339718
74364,MARS_20230901_20230930_32kHz,MARS_20230929_183615_resampled_32kHz.wav,590.0,595.0,orca_call,1.4575149
74365,MARS_20230901_20230930_32kHz,MARS_20230929_183615_resampled_32kHz.wav,595.0,600.0,orca_call,0.82553303
81420,MARS_20230901_20230930_32kHz,MARS_20230902_040041_resampled_32kHz.wav,470.0,475.0,orca_call,0.07096184
82007,MARS_20230901_20230930_32kHz,MARS_20230906_230857_resampled_32kHz.wav,405.0,410.0,orca_call,0.14859086
82222,MARS_20230901_20230930_32kHz,MARS_20230930_033615_resampled_32kHz.wav,280.0,285.0,orca_call,0.12212265
83808,MARS_20230901_20230930_32kHz,MARS_20230916_042807_resampled_32kHz.wav,410.0,415.0,orca_call,0.568263
84263,MARS_20230901_20230930_32kHz,MARS_20230906_005857_resampled_32kHz.wav,285.0,290.0,orca_call,0.7726048
84264,MARS_20230901_20230930_32kHz,MARS_20230906_005857_resampled_32kHz.wav,290.0,295.0,orca_call,0.008870341
84266,MARS_20230901_20230930_32kHz,MARS_20230906_005857_resampled_32kHz.wav,300.0,305.0,orca_call,0.5458988
84281,MARS_20230901_20230930_32kHz,MARS_20230906_005857_resampled_32kHz.wav,375.0,380.0,orca_call,0.19796163
84286,MARS_20230901_20230930_32kHz,MARS_20230906_005857_resampled_32kHz.wav,400.0,405.0,orca_call,0.70662135
84673,MARS_20230901_20230930_32kHz,MARS_20230922_094317_resampled_32kHz.wav,535.0,540.0,orca_call,0.008860908
87251,MARS_20230901_20230930_32kHz,MARS_20230920_045054_resampled_32kHz.wav,225.0,230.0,orca_call,0.017904788
87297,MARS_20230901_20230930_32kHz,MARS_20230920_045054_resampled_32kHz.wav,455.0,460.0,orca_call,0.5252954
88647,MARS_20230901_20230930_32kHz,MARS_20230929_055615_resampled_32kHz.wav,5.0,10.0,orca_call,0.13018465
88668,MARS_20230901_20230930_32kHz,MARS_20230929_055615_resampled_32kHz.wav,110.0,115.0,orca_call,1.147449
89054,MARS_20230901_20230930_32kHz,MARS_20230920_135054_resampled_32kHz.wav,240.0,245.0,orca_call,0.14599717
89593,MARS_20230901_20230930_32kHz,MARS_20230906_105857_resampled_32kHz.wav,535.0,540.0,orca_call,1.2496423
89601,MARS_20230901_20230930_32kHz,MARS_20230906_105857_resampled_32kHz.wav,575.0,580.0,orca_call,0.44104093
90164,MARS_20230901_20230930_32kHz,MARS_20230926_085317_resampled_32kHz.wav,390.0,395.0,orca_call,0.4701854
90170,MARS_20230901_20230930_32kHz,MARS_20230926_085317_resampled_32kHz.wav,420.0,425.0,orca_call,0.9579041
90189,MARS_20230901_20230930_32kHz,MARS_20230926_085317_resampled_32kHz.wav,515.0,520.0,orca_call,1.0260292
91937,MARS_20230901_20230930_32kHz,MARS_20230901_001041_resampled_32kHz.wav,255.0,260.0,orca_call,0.057431363
93933,MARS_20230901_20230930_32kHz,MARS_20230919_185054_resampled_32kHz.wav,35.0,40.0,orca_call,0.14950922
94276,MARS_20230901_20230930_32kHz,MARS_20230919_232054_resampled_32kHz.wav,550.0,555.0,orca_call,0.518684
94947,MARS_20230901_20230930_32kHz,MARS_20230927_163615_resampled_32kHz.wav,305.0,310.0,orca_call,0.7783525
95805,MARS_20230901_20230930_32kHz,MARS_20230920_003054_resampled_32kHz.wav,395.0,400.0,orca_call,0.11836586
95826,MARS_20230901_20230930_32kHz,MARS_20230920_003054_resampled_32kHz.wav,500.0,505.0,orca_call,0.07685978
99029,MARS_20230901_20230930_32kHz,MARS_20230921_115317_resampled_32kHz.wav,315.0,320.0,orca_call,0.19912913
99096,MARS_20230901_20230930_32kHz,MARS_20230902_035041_resampled_32kHz.wav,50.0,55.0,orca_call,0.29085732
99201,MARS_20230901_20230930_32kHz,MARS_20230902_035041_resampled_32kHz.wav,575.0,580.0,orca_call,0.74960524
100091,MARS_20230901_20230930_32kHz,MARS_20230929_122615_resampled_32kHz.wav,225.0,230.0,orca_call,0.47198462
100109,MARS_20230901_20230930_32kHz,MARS_20230929_122615_resampled_32kHz.wav,315.0,320.0,orca_call,0.9408659
100110,MARS_20230901_20230930_32kHz,MARS_20230929_122615_resampled_32kHz.wav,320.0,325.0,orca_call,1.7179644
100150,MARS_20230901_20230930_32kHz,MARS_20230929_122615_resampled_32kHz.wav,520.0,525.0,orca_call,0.13749439
101451,MARS_20230901_20230930_32kHz,MARS_20230920_040054_resampled_32kHz.wav,425.0,430.0,orca_call,0.037967756
102118,MARS_20230901_20230930_32kHz,MARS_20230906_010857_resampled_32kHz.wav,160.0,165.0,orca_call,0.056032963
102944,MARS_20230901_20230930_32kHz,MARS_20230901_130041_resampled_32kHz.wav,90.0,95.0,orca_call,0.60798675
103289,MARS_20230901_20230930_32kHz,MARS_20230902_093041_resampled_32kHz.wav,15.0,20.0,orca_call,0.25026897
103908,MARS_20230901_20230930_32kHz,MARS_20230921_170317_resampled_32kHz.wav,110.0,115.0,orca_call,0.38826644
103923,MARS_20230901_20230930_32kHz,MARS_20230921_170317_resampled_32kHz.wav,185.0,190.0,orca_call,0.0007489249
103944,MARS_20230901_20230930_32kHz,MARS_20230921_170317_resampled_32kHz.wav,290.0,295.0,orca_call,0.05867026
103945,MARS_20230901_20230930_32kHz,MARS_20230921_170317_resampled_32kHz.wav,295.0,300.0,orca_call,0.80053616
103949,MARS_20230901_20230930_32kHz,MARS_20230921_170317_resampled_32kHz.wav,315.0,320.0,orca_call,0.51652485
103953,MARS_20230901_20230930_32kHz,MARS_20230921_170317_resampled_32kHz.wav,335.0,340.0,orca_call,0.5840006
103956,MARS_20230901_20230930_32kHz,MARS_20230921_170317_resampled_32kHz.wav,350.0,355.0,orca_call,0.034013085
104000,MARS_20230901_20230930_32kHz,MARS_20230921_170317_resampled_32kHz.wav,570.0,575.0,orca_call,2.3912213
104001,MARS_20230901_20230930_32kHz,MARS_20230921_170317_resampled_32kHz.wav,575.0,580.0,orca_call,0.4652325
104002,MARS_20230901_20230930_32kHz,MARS_20230921_170317_resampled_32kHz.wav,580.0,585.0,orca_call,1.1205789
106601,MARS_20230901_20230930_32kHz,MARS_20230905_201857_resampled_32kHz.wav,375.0,380.0,orca_call,0.5548267
106616,MARS_20230901_20230930_32kHz,MARS_20230905_201857_resampled_32kHz.wav,450.0,455.0,orca_call,0.007312678
106664,MARS_20230901_20230930_32kHz,MARS_20230906_082857_resampled_32kHz.wav,90.0,95.0,orca_call,0.2575664
106746,MARS_20230901_20230930_32kHz,MARS_20230906_082857_resampled_32kHz.wav,500.0,505.0,orca_call,0.13276464
106751,MARS_20230901_20230930_32kHz,MARS_20230906_082857_resampled_32kHz.wav,525.0,530.0,orca_call,0.7336881
106753,MARS_20230901_20230930_32kHz,MARS_20230906_082857_resampled_32kHz.wav,535.0,540.0,orca_call,0.2571927
108290,MARS_20230901_20230930_32kHz,MARS_20230930_183615_resampled_32kHz.wav,420.0,425.0,orca_call,0.7952599
108291,MARS_20230901_20230930_32kHz,MARS_20230930_183615_resampled_32kHz.wav,425.0,430.0,orca_call,0.020658985
110295,MARS_20230901_20230930_32kHz,MARS_20230922_100317_resampled_32kHz.wav,245.0,250.0,orca_call,0.07759138
111218,MARS_20230901_20230930_32kHz,MARS_20230924_070317_resampled_32kHz.wav,60.0,65.0,orca_call,0.5350263
111689,MARS_20230901_20230930_32kHz,MARS_20230905_192857_resampled_32kHz.wav,15.0,20.0,orca_call,0.8117318
111936,MARS_20230901_20230930_32kHz,MARS_20230924_204317_resampled_32kHz.wav,50.0,55.0,orca_call,0.35537258
111954,MARS_20230901_20230930_32kHz,MARS_20230924_204317_resampled_32kHz.wav,140.0,145.0,orca_call,0.06759647
113156,MARS_20230901_20230930_32kHz,MARS_20230927_162615_resampled_32kHz.wav,150.0,155.0,orca_call,0.35856605
113178,MARS_20230901_20230930_32kHz,MARS_20230927_162615_resampled_32kHz.wav,260.0,265.0,orca_call,0.017620541
113180,MARS_20230901_20230930_32kHz,MARS_20230927_162615_resampled_32kHz.wav,270.0,275.0,orca_call,0.08122183
113495,MARS_20230901_20230930_32kHz,MARS_20230923_200317_resampled_32kHz.wav,45.0,50.0,orca_call,0.056348227
114487,MARS_20230901_20230930_32kHz,MARS_20230901_063041_resampled_32kHz.wav,205.0,210.0,orca_call,0.1188455
115586,MARS_20230901_20230930_32kHz,MARS_20230919_231054_resampled_32kHz.wav,300.0,305.0,orca_call,0.2281394
115590,MARS_20230901_20230930_32kHz,MARS_20230919_231054_resampled_32kHz.wav,320.0,325.0,orca_call,0.31129152
115983,MARS_20230901_20230930_32kHz,MARS_20230901_194041_resampled_32kHz.wav,485.0,490.0,orca_call,0.4167418
118109,MARS_20230901_20230930_32kHz,MARS_20230901_104041_resampled_32kHz.wav,315.0,320.0,orca_call,0.24977425
118745,MARS_20230901_20230930_32kHz,MARS_20230909_203857_resampled_32kHz.wav,495.0,500.0,orca_call,0.09707201
119614,MARS_20230901_20230930_32kHz,MARS_20230927_064615_resampled_32kHz.wav,40.0,45.0,orca_call,0.1122868
119631,MARS_20230901_20230930_32kHz,MARS_20230927_064615_resampled_32kHz.wav,125.0,130.0,orca_call,0.004002668
119969,MARS_20230901_20230930_32kHz,MARS_20230920_035054_resampled_32kHz.wav,15.0,20.0,orca_call,0.48069263
120032,MARS_20230901_20230930_32kHz,MARS_20230920_035054_resampled_32kHz.wav,330.0,335.0,orca_call,0.6719661
120488,MARS_20230901_20230930_32kHz,MARS_20230902_192041_resampled_32kHz.wav,210.0,215.0,orca_call,0.20672357
120489,MARS_20230901_20230930_32kHz,MARS_20230902_192041_resampled_32kHz.wav,215.0,220.0,orca_call,0.06840656
121316,MARS_20230901_20230930_32kHz,MARS_20230919_160054_resampled_32kHz.wav,150.0,155.0,orca_call,0.03618867
123846,MARS_20230901_20230930_32kHz,MARS_20230901_101041_resampled_32kHz.wav,200.0,205.0,orca_call,0.0704542
125182,MARS_20230901_20230930_32kHz,MARS_20230902_054041_resampled_32kHz.wav,280.0,285.0,orca_call,0.16329244
125192,MARS_20230901_20230930_32kHz,MARS_20230902_054041_resampled_32kHz.wav,330.0,335.0,orca_call,0.47631437
125206,MARS_20230901_20230930_32kHz,MARS_20230902_054041_resampled_32kHz.wav,400.0,405.0,orca_call,0.79358935
125208,MARS_20230901_20230930_32kHz,MARS_20230902_054041_resampled_32kHz.wav,410.0,415.0,orca_call,1.2601876
125221,MARS_20230901_20230930_32kHz,MARS_20230902_054041_resampled_32kHz.wav,475.0,480.0,orca_call,1.8705384
125222,MARS_20230901_20230930_32kHz,MARS_20230902_054041_resampled_32kHz.wav,480.0,485.0,orca_call,1.4454998
125235,MARS_20230901_20230930_32kHz,MARS_20230902_054041_resampled_32kHz.wav,545.0,550.0,orca_call,1.089948
125236,MARS_20230901_20230930_32kHz,MARS_20230902_054041_resampled_32kHz.wav,550.0,555.0,orca_call,1.4686371
125237,MARS_20230901_20230930_32kHz,MARS_20230902_054041_resampled_32kHz.wav,555.0,560.0,orca_call,1.1154697
125238,MARS_20230901_20230930_32kHz,MARS_20230902_054041_resampled_32kHz.wav,560.0,565.0,orca_call,0.2700078
125240,MARS_20230901_20230930_32kHz,MARS_20230902_054041_resampled_32kHz.wav,570.0,575.0,orca_call,1.4112258
125241,MARS_20230901_20230930_32kHz,MARS_20230902_054041_resampled_32kHz.wav,575.0,580.0,orca_call,0.9474615
125242,MARS_20230901_20230930_32kHz,MARS_20230902_054041_resampled_32kHz.wav,580.0,585.0,orca_call,0.1537813
125243,MARS_20230901_20230930_32kHz,MARS_20230902_054041_resampled_32kHz.wav,585.0,590.0,orca_call,0.29674792
125244,MARS_20230901_20230930_32kHz,MARS_20230902_054041_resampled_32kHz.wav,590.0,595.0,orca_call,0.24672878
125245,MARS_20230901_20230930_32kHz,MARS_20230902_054041_resampled_32kHz.wav,595.0,600.0,orca_call,1.9555627
125801,MARS_20230901_20230930_32kHz,MARS_20230924_043317_resampled_32kHz.wav,375.0,380.0,orca_call,0.3601761
125803,MARS_20230901_20230930_32kHz,MARS_20230924_043317_resampled_32kHz.wav,385.0,390.0,orca_call,0.11366706
125842,MARS_20230901_20230930_32kHz,MARS_20230924_043317_resampled_32kHz.wav,580.0,585.0,orca_call,0.6502664
126252,MARS_20230901_20230930_32kHz,MARS_20230929_113615_resampled_32kHz.wav,230.0,235.0,orca_call,0.93040836
129279,MARS_20230901_20230930_32kHz,MARS_20230929_105615_resampled_32kHz.wav,365.0,370.0,orca_call,2.5426447
130562,MARS_20230901_20230930_32kHz,MARS_20230913_152227_resampled_32kHz.wav,180.0,185.0,orca_call,1.4228168
130631,MARS_20230901_20230930_32kHz,MARS_20230913_152227_resampled_32kHz.wav,525.0,530.0,orca_call,0.36428535
130645,MARS_20230901_20230930_32kHz,MARS_20230913_152227_resampled_32kHz.wav,595.0,600.0,orca_call,0.68980324
132589,MARS_20230901_20230930_32kHz,MARS_20230921_123317_resampled_32kHz.wav,115.0,120.0,orca_call,0.81980217
136010,MARS_20230901_20230930_32kHz,MARS_20230929_041615_resampled_32kHz.wav,420.0,425.0,orca_call,0.008355126
136550,MARS_20230901_20230930_32kHz,MARS_20230929_044615_resampled_32kHz.wav,120.0,125.0,orca_call,0.68749756
136555,MARS_20230901_20230930_32kHz,MARS_20230929_044615_resampled_32kHz.wav,145.0,150.0,orca_call,0.1677854
137382,MARS_20230901_20230930_32kHz,MARS_20230919_073054_resampled_32kHz.wav,80.0,85.0,orca_call,0.6890117
137472,MARS_20230901_20230930_32kHz,MARS_20230919_073054_resampled_32kHz.wav,530.0,535.0,orca_call,0.013773881
139043,MARS_20230901_20230930_32kHz,MARS_20230924_185317_resampled_32kHz.wav,580.0,585.0,orca_call,1.5985765
139270,MARS_20230901_20230930_32kHz,MARS_20230920_004054_resampled_32kHz.wav,515.0,520.0,orca_call,0.29427084
140909,MARS_20230901_20230930_32kHz,MARS_20230913_154227_resampled_32kHz.wav,310.0,315.0,orca_call,0.6050946
141456,MARS_20230901_20230930_32kHz,MARS_20230922_204317_resampled_32kHz.wav,45.0,50.0,orca_call,0.2146838
142932,MARS_20230901_20230930_32kHz,MARS_20230919_064054_resampled_32kHz.wav,225.0,230.0,orca_call,0.6086523
142934,MARS_20230901_20230930_32kHz,MARS_20230919_064054_resampled_32kHz.wav,235.0,240.0,orca_call,0.061666586
144567,MARS_20230901_20230930_32kHz,MARS_20230915_005227_resampled_32kHz.wav,0.0,5.0,orca_call,1.5661173
144576,MARS_20230901_20230930_32kHz,MARS_20230915_005227_resampled_32kHz.wav,45.0,50.0,orca_call,0.15720236
144579,MARS_20230901_20230930_32kHz,MARS_20230915_005227_resampled_32kHz.wav,60.0,65.0,orca_call,0.3195714
144594,MARS_20230901_20230930_32kHz,MARS_20230915_005227_resampled_32kHz.wav,135.0,140.0,orca_call,0.6778207
146929,MARS_20230901_20230930_32kHz,MARS_20230903_125041_resampled_32kHz.wav,410.0,415.0,orca_call,0.074146725
147624,MARS_20230901_20230930_32kHz,MARS_20230919_191054_resampled_32kHz.wav,285.0,290.0,orca_call,0.34389764
147664,MARS_20230901_20230930_32kHz,MARS_20230919_191054_resampled_32kHz.wav,485.0,490.0,orca_call,1.3067917
148052,MARS_20230901_20230930_32kHz,MARS_20230906_062857_resampled_32kHz.wav,25.0,30.0,orca_call,1.0542967
148055,MARS_20230901_20230930_32kHz,MARS_20230906_062857_resampled_32kHz.wav,40.0,45.0,orca_call,0.08121169
148059,MARS_20230901_20230930_32kHz,MARS_20230906_062857_resampled_32kHz.wav,60.0,65.0,orca_call,0.012143634
148075,MARS_20230901_20230930_32kHz,MARS_20230906_062857_resampled_32kHz.wav,140.0,145.0,orca_call,0.7005398
148080,MARS_20230901_20230930_32kHz,MARS_20230906_062857_resampled_32kHz.wav,165.0,170.0,orca_call,0.6778832
148083,MARS_20230901_20230930_32kHz,MARS_20230906_062857_resampled_32kHz.wav,180.0,185.0,orca_call,0.0035304725
148087,MARS_20230901_20230930_32kHz,MARS_20230906_062857_resampled_32kHz.wav,200.0,205.0,orca_call,0.084021576
148090,MARS_20230901_20230930_32kHz,MARS_20230906_062857_resampled_32kHz.wav,215.0,220.0,orca_call,1.274755
148093,MARS_20230901_20230930_32kHz,MARS_20230906_062857_resampled_32kHz.wav,230.0,235.0,orca_call,1.2803596
148100,MARS_20230901_20230930_32kHz,MARS_20230906_062857_resampled_32kHz.wav,265.0,270.0,orca_call,0.26383063
148103,MARS_20230901_20230930_32kHz,MARS_20230906_062857_resampled_32kHz.wav,280.0,285.0,orca_call,0.018728353
148106,MARS_20230901_20230930_32kHz,MARS_20230906_062857_resampled_32kHz.wav,295.0,300.0,orca_call,0.43033904
148113,MARS_20230901_20230930_32kHz,MARS_20230906_062857_resampled_32kHz.wav,330.0,335.0,orca_call,0.6866756
149962,MARS_20230901_20230930_32kHz,MARS_20230905_214857_resampled_32kHz.wav,575.0,580.0,orca_call,0.17277789
150198,MARS_20230901_20230930_32kHz,MARS_20230927_024615_resampled_32kHz.wav,555.0,560.0,orca_call,0.46346837
150450,MARS_20230901_20230930_32kHz,MARS_20230906_091857_resampled_32kHz.wav,15.0,20.0,orca_call,0.25386205
150453,MARS_20230901_20230930_32kHz,MARS_20230906_091857_resampled_32kHz.wav,30.0,35.0,orca_call,0.57561505
150461,MARS_20230901_20230930_32kHz,MARS_20230906_091857_resampled_32kHz.wav,70.0,75.0,orca_call,0.62624425
150462,MARS_20230901_20230930_32kHz,MARS_20230906_091857_resampled_32kHz.wav,75.0,80.0,orca_call,0.045683227
150477,MARS_20230901_20230930_32kHz,MARS_20230906_091857_resampled_32kHz.wav,150.0,155.0,orca_call,0.7321065
150479,MARS_20230901_20230930_32kHz,MARS_20230906_091857_resampled_32kHz.wav,160.0,165.0,orca_call,0.081808664
150482,MARS_20230901_20230930_32kHz,MARS_20230906_091857_resampled_32kHz.wav,175.0,180.0,orca_call,2.307034
150484,MARS_20230901_20230930_32kHz,MARS_20230906_091857_resampled_32kHz.wav,185.0,190.0,orca_call,1.1732476
150536,MARS_20230901_20230930_32kHz,MARS_20230906_091857_resampled_32kHz.wav,445.0,450.0,orca_call,0.09189177
150831,MARS_20230901_20230930_32kHz,MARS_20230917_163054_resampled_32kHz.wav,120.0,125.0,orca_call,0.09393153
151430,MARS_20230901_20230930_32kHz,MARS_20230913_213227_resampled_32kHz.wav,115.0,120.0,orca_call,0.026830368
152727,MARS_20230901_20230930_32kHz,MARS_20230928_120615_resampled_32kHz.wav,0.0,5.0,orca_call,0.73849237
152775,MARS_20230901_20230930_32kHz,MARS_20230928_120615_resampled_32kHz.wav,240.0,245.0,orca_call,1.6779233
152777,MARS_20230901_20230930_32kHz,MARS_20230928_120615_resampled_32kHz.wav,250.0,255.0,orca_call,0.9933486
152837,MARS_20230901_20230930_32kHz,MARS_20230928_120615_resampled_32kHz.wav,550.0,555.0,orca_call,1.0530089
153050,MARS_20230901_20230930_32kHz,MARS_20230924_233317_resampled_32kHz.wav,415.0,420.0,orca_call,0.7233636
155012,MARS_20230901_20230930_32kHz,MARS_20230916_023807_resampled_32kHz.wav,25.0,30.0,orca_call,0.19531852
155043,MARS_20230901_20230930_32kHz,MARS_20230916_023807_resampled_32kHz.wav,180.0,185.0,orca_call,0.9416157
155071,MARS_20230901_20230930_32kHz,MARS_20230916_023807_resampled_32kHz.wav,320.0,325.0,orca_call,0.27801403
155073,MARS_20230901_20230930_32kHz,MARS_20230916_023807_resampled_32kHz.wav,330.0,335.0,orca_call,0.12494709
155076,MARS_20230901_20230930_32kHz,MARS_20230916_023807_resampled_32kHz.wav,345.0,350.0,orca_call,0.3135338
155104,MARS_20230901_20230930_32kHz,MARS_20230916_023807_resampled_32kHz.wav,485.0,490.0,orca_call,0.12463493
155123,MARS_20230901_20230930_32kHz,MARS_20230916_023807_resampled_32kHz.wav,580.0,585.0,orca_call,0.32750803
155126,MARS_20230901_20230930_32kHz,MARS_20230916_023807_resampled_32kHz.wav,595.0,600.0,orca_call,0.33525106
160013,MARS_20230901_20230930_32kHz,MARS_20230924_202317_resampled_32kHz.wav,430.0,435.0,orca_call,0.5232159
160045,MARS_20230901_20230930_32kHz,MARS_20230924_202317_resampled_32kHz.wav,590.0,595.0,orca_call,1.0194266
161533,MARS_20230901_20230930_32kHz,MARS_20230916_041807_resampled_32kHz.wav,230.0,235.0,orca_call,0.253476
161535,MARS_20230901_20230930_32kHz,MARS_20230916_041807_resampled_32kHz.wav,240.0,245.0,orca_call,1.6885182
161537,MARS_20230901_20230930_32kHz,MARS_20230916_041807_resampled_32kHz.wav,250.0,255.0,orca_call,0.57894725
161541,MARS_20230901_20230930_32kHz,MARS_20230916_041807_resampled_32kHz.wav,270.0,275.0,orca_call,2.013909
161548,MARS_20230901_20230930_32kHz,MARS_20230916_041807_resampled_32kHz.wav,305.0,310.0,orca_call,0.40677238
162015,MARS_20230901_20230930_32kHz,MARS_20230926_100317_resampled_32kHz.wav,240.0,245.0,orca_call,0.9725281
162016,MARS_20230901_20230930_32kHz,MARS_20230926_100317_resampled_32kHz.wav,245.0,250.0,orca_call,0.54274607
162020,MARS_20230901_20230930_32kHz,MARS_20230926_100317_resampled_32kHz.wav,265.0,270.0,orca_call,0.3588326
162244,MARS_20230901_20230930_32kHz,MARS_20230913_160227_resampled_32kHz.wav,185.0,190.0,orca_call,1.6349336
164198,MARS_20230901_20230930_32kHz,MARS_20230905_224857_resampled_32kHz.wav,355.0,360.0,orca_call,0.6956121
164215,MARS_20230901_20230930_32kHz,MARS_20230905_224857_resampled_32kHz.wav,440.0,445.0,orca_call,0.054575585
164513,MARS_20230901_20230930_32kHz,MARS_20230905_225857_resampled_32kHz.wav,130.0,135.0,orca_call,1.3096255
164514,MARS_20230901_20230930_32kHz,MARS_20230905_225857_resampled_32kHz.wav,135.0,140.0,orca_call,0.8661996
164522,MARS_20230901_20230930_32kHz,MARS_20230905_225857_resampled_32kHz.wav,175.0,180.0,orca_call,0.097738706
166412,MARS_20230901_20230930_32kHz,MARS_20230920_210317_resampled_32kHz.wav,25.0,30.0,orca_call,0.056328572
167501,MARS_20230901_20230930_32kHz,MARS_20230916_183054_resampled_32kHz.wav,70.0,75.0,orca_call,0.128871
167849,MARS_20230901_20230930_32kHz,MARS_20230917_023054_resampled_32kHz.wav,10.0,15.0,orca_call,0.166888
167853,MARS_20230901_20230930_32kHz,MARS_20230917_023054_resampled_32kHz.wav,30.0,35.0,orca_call,0.2508211
170370,MARS_20230901_20230930_32kHz,MARS_20230902_055041_resampled_32kHz.wav,15.0,20.0,orca_call,0.0669587
172821,MARS_20230901_20230930_32kHz,MARS_20230924_212317_resampled_32kHz.wav,270.0,275.0,orca_call,0.6689196
172823,MARS_20230901_20230930_32kHz,MARS_20230924_212317_resampled_32kHz.wav,280.0,285.0,orca_call,0.6999899
172824,MARS_20230901_20230930_32kHz,MARS_20230924_212317_resampled_32kHz.wav,285.0,290.0,orca_call,1.4338642
172848,MARS_20230901_20230930_32kHz,MARS_20230924_212317_resampled_32kHz.wav,405.0,410.0,orca_call,0.6374197
172849,MARS_20230901_20230930_32kHz,MARS_20230924_212317_resampled_32kHz.wav,410.0,415.0,orca_call,0.0060522705
172859,MARS_20230901_20230930_32kHz,MARS_20230924_212317_resampled_32kHz.wav,460.0,465.0,orca_call,0.7817848
175917,MARS_20230901_20230930_32kHz,MARS_20230929_110615_resampled_32kHz.wav,150.0,155.0,orca_call,0.12442813
175927,MARS_20230901_20230930_32kHz,MARS_20230929_110615_resampled_32kHz.wav,200.0,205.0,orca_call,0.0424783
176397,MARS_20230901_20230930_32kHz,MARS_20230919_053054_resampled_32kHz.wav,150.0,155.0,orca_call,0.5054025
176400,MARS_20230901_20230930_32kHz,MARS_20230919_053054_resampled_32kHz.wav,165.0,170.0,orca_call,0.226479
176403,MARS_20230901_20230930_32kHz,MARS_20230919_053054_resampled_32kHz.wav,180.0,185.0,orca_call,0.16035339
176405,MARS_20230901_20230930_32kHz,MARS_20230919_053054_resampled_32kHz.wav,190.0,195.0,orca_call,0.7698527
176407,MARS_20230901_20230930_32kHz,MARS_20230919_053054_resampled_32kHz.wav,200.0,205.0,orca_call,0.5411405
176410,MARS_20230901_20230930_32kHz,MARS_20230919_053054_resampled_32kHz.wav,215.0,220.0,orca_call,0.5860659
176413,MARS_20230901_20230930_32kHz,MARS_20230919_053054_resampled_32kHz.wav,230.0,235.0,orca_call,0.002217643
176418,MARS_20230901_20230930_32kHz,MARS_20230919_053054_resampled_32kHz.wav,255.0,260.0,orca_call,0.057956733
176423,MARS_20230901_20230930_32kHz,MARS_20230919_053054_resampled_32kHz.wav,280.0,285.0,orca_call,0.26618809
177239,MARS_20230901_20230930_32kHz,MARS_20230929_045615_resampled_32kHz.wav,160.0,165.0,orca_call,0.8116258
177303,MARS_20230901_20230930_32kHz,MARS_20230929_045615_resampled_32kHz.wav,480.0,485.0,orca_call,0.8429741
177845,MARS_20230901_20230930_32kHz,MARS_20230921_122317_resampled_32kHz.wav,190.0,195.0,orca_call,0.010644861
178822,MARS_20230901_20230930_32kHz,MARS_20230926_071317_resampled_32kHz.wav,275.0,280.0,orca_call,0.45457393
180978,MARS_20230901_20230930_32kHz,MARS_20230905_204857_resampled_32kHz.wav,255.0,260.0,orca_call,0.46336633
180980,MARS_20230901_20230930_32kHz,MARS_20230905_204857_resampled_32kHz.wav,265.0,270.0,orca_call,0.65175754
181055,MARS_20230901_20230930_32kHz,MARS_20230916_185054_resampled_32kHz.wav,40.0,45.0,orca_call,0.18053037
181056,MARS_20230901_20230930_32kHz,MARS_20230916_185054_resampled_32kHz.wav,45.0,50.0,orca_call,0.17545441
181069,MARS_20230901_20230930_32kHz,MARS_20230916_185054_resampled_32kHz.wav,110.0,115.0,orca_call,0.60210365
181070,MARS_20230901_20230930_32kHz,MARS_20230916_185054_resampled_32kHz.wav,115.0,120.0,orca_call,1.8653606
183173,MARS_20230901_20230930_32kHz,MARS_20230919_200054_resampled_32kHz.wav,430.0,435.0,orca_call,0.21807814
183178,MARS_20230901_20230930_32kHz,MARS_20230919_200054_resampled_32kHz.wav,455.0,460.0,orca_call,0.16628745
183181,MARS_20230901_20230930_32kHz,MARS_20230919_200054_resampled_32kHz.wav,470.0,475.0,orca_call,0.05761897
184336,MARS_20230901_20230930_32kHz,MARS_20230916_020807_resampled_32kHz.wav,245.0,250.0,orca_call,0.01575502
184338,MARS_20230901_20230930_32kHz,MARS_20230916_020807_resampled_32kHz.wav,255.0,260.0,orca_call,0.21291125
185123,MARS_20230901_20230930_32kHz,MARS_20230927_035615_resampled_32kHz.wav,105.0,110.0,orca_call,0.24555415
187506,MARS_20230901_20230930_32kHz,MARS_20230921_070317_resampled_32kHz.wav,20.0,25.0,orca_call,0.008940883
187513,MARS_20230901_20230930_32kHz,MARS_20230921_070317_resampled_32kHz.wav,55.0,60.0,orca_call,0.20275289
188223,MARS_20230901_20230930_32kHz,MARS_20230915_095807_resampled_32kHz.wav,405.0,410.0,orca_call,0.8567827
188545,MARS_20230901_20230930_32kHz,MARS_20230925_023317_resampled_32kHz.wav,215.0,220.0,orca_call,0.18616429
189562,MARS_20230901_20230930_32kHz,MARS_20230902_062041_resampled_32kHz.wav,500.0,505.0,orca_call,2.2633843
189966,MARS_20230901_20230930_32kHz,MARS_20230906_071857_resampled_32kHz.wav,120.0,125.0,orca_call,1.20294
189968,MARS_20230901_20230930_32kHz,MARS_20230906_071857_resampled_32kHz.wav,130.0,135.0,orca_call,1.2653582
189972,MARS_20230901_20230930_32kHz,MARS_20230906_071857_resampled_32kHz.wav,150.0,155.0,orca_call,0.3583522
189981,MARS_20230901_20230930_32kHz,MARS_20230906_071857_resampled_32kHz.wav,195.0,200.0,orca_call,1.0109999
189988,MARS_20230901_20230930_32kHz,MARS_20230906_071857_resampled_32kHz.wav,230.0,235.0,orca_call,0.16348407
190030,MARS_20230901_20230930_32kHz,MARS_20230906_071857_resampled_32kHz.wav,440.0,445.0,orca_call,1.6631242
190972,MARS_20230901_20230930_32kHz,MARS_20230920_054054_resampled_32kHz.wav,350.0,355.0,orca_call,0.8199931
191146,MARS_20230901_20230930_32kHz,MARS_20230922_060317_resampled_32kHz.wav,20.0,25.0,orca_call,0.35809243
191185,MARS_20230901_20230930_32kHz,MARS_20230922_060317_resampled_32kHz.wav,215.0,220.0,orca_call,2.4390314
191190,MARS_20230901_20230930_32kHz,MARS_20230922_060317_resampled_32kHz.wav,240.0,245.0,orca_call,0.9116529
191203,MARS_20230901_20230930_32kHz,MARS_20230922_060317_resampled_32kHz.wav,305.0,310.0,orca_call,0.27318475
192140,MARS_20230901_20230930_32kHz,MARS_20230922_003317_resampled_32kHz.wav,190.0,195.0,orca_call,0.029887281
192143,MARS_20230901_20230930_32kHz,MARS_20230922_003317_resampled_32kHz.wav,205.0,210.0,orca_call,0.4847694
194793,MARS_20230901_20230930_32kHz,MARS_20230923_090317_resampled_32kHz.wav,255.0,260.0,orca_call,0.8931305
195037,MARS_20230901_20230930_32kHz,MARS_20230930_085615_resampled_32kHz.wav,275.0,280.0,orca_call,0.054369427
195960,MARS_20230901_20230930_32kHz,MARS_20230929_121615_resampled_32kHz.wav,90.0,95.0,orca_call,0.45971668
195972,MARS_20230901_20230930_32kHz,MARS_20230929_121615_resampled_32kHz.wav,150.0,155.0,orca_call,0.27253425
196001,MARS_20230901_20230930_32kHz,MARS_20230929_121615_resampled_32kHz.wav,295.0,300.0,orca_call,0.091571726
196851,MARS_20230901_20230930_32kHz,MARS_20230926_140615_resampled_32kHz.wav,345.0,350.0,orca_call,0.9468211
196939,MARS_20230901_20230930_32kHz,MARS_20230906_061857_resampled_32kHz.wav,185.0,190.0,orca_call,0.49277264
196946,MARS_20230901_20230930_32kHz,MARS_20230906_061857_resampled_32kHz.wav,220.0,225.0,orca_call,0.40948138
197277,MARS_20230901_20230930_32kHz,MARS_20230913_151227_resampled_32kHz.wav,75.0,80.0,orca_call,0.25091472
198021,MARS_20230901_20230930_32kHz,MARS_20230927_073615_resampled_32kHz.wav,195.0,200.0,orca_call,0.84432244
198026,MARS_20230901_20230930_32kHz,MARS_20230927_073615_resampled_32kHz.wav,220.0,225.0,orca_call,0.7022686
198029,MARS_20230901_20230930_32kHz,MARS_20230927_073615_resampled_32kHz.wav,235.0,240.0,orca_call,0.46768224
198090,MARS_20230901_20230930_32kHz,MARS_20230927_073615_resampled_32kHz.wav,540.0,545.0,orca_call,0.68968904
198499,MARS_20230901_20230930_32kHz,MARS_20230919_180054_resampled_32kHz.wav,185.0,190.0,orca_call,1.0528222
200035,MARS_20230901_20230930_32kHz,MARS_20230921_104317_resampled_32kHz.wav,65.0,70.0,orca_call,0.18461066
200388,MARS_20230901_20230930_32kHz,MARS_20230927_172615_resampled_32kHz.wav,30.0,35.0,orca_call,1.2968868
200390,MARS_20230901_20230930_32kHz,MARS_20230927_172615_resampled_32kHz.wav,40.0,45.0,orca_call,0.04480987
200570,MARS_20230901_20230930_32kHz,MARS_20230923_102317_resampled_32kHz.wav,340.0,345.0,orca_call,0.16436267
201133,MARS_20230901_20230930_32kHz,MARS_20230928_224615_resampled_32kHz.wav,155.0,160.0,orca_call,1.5281922
201312,MARS_20230901_20230930_32kHz,MARS_20230917_170054_resampled_32kHz.wav,450.0,455.0,orca_call,0.779541
201316,MARS_20230901_20230930_32kHz,MARS_20230917_170054_resampled_32kHz.wav,470.0,475.0,orca_call,0.038622983
201324,MARS_20230901_20230930_32kHz,MARS_20230917_170054_resampled_32kHz.wav,510.0,515.0,orca_call,0.18256181
203529,MARS_20230901_20230930_32kHz,MARS_20230908_164857_resampled_32kHz.wav,135.0,140.0,orca_call,0.3016762
204038,MARS_20230901_20230930_32kHz,MARS_20230921_083317_resampled_32kHz.wav,280.0,285.0,orca_call,0.31962642
205138,MARS_20230901_20230930_32kHz,MARS_20230927_061615_resampled_32kHz.wav,380.0,385.0,orca_call,0.9082134
205174,MARS_20230901_20230930_32kHz,MARS_20230927_061615_resampled_32kHz.wav,560.0,565.0,orca_call,0.74663746
206869,MARS_20230901_20230930_32kHz,MARS_20230903_084041_resampled_32kHz.wav,35.0,40.0,orca_call,1.0463736
207065,MARS_20230901_20230930_32kHz,MARS_20230901_140041_resampled_32kHz.wav,415.0,420.0,orca_call,0.76543194
208365,MARS_20230901_20230930_32kHz,MARS_20230921_100317_resampled_32kHz.wav,315.0,320.0,orca_call,0.06853939
210845,MARS_20230901_20230930_32kHz,MARS_20230926_011317_resampled_32kHz.wav,115.0,120.0,orca_call,1.0731789
212598,MARS_20230901_20230930_32kHz,MARS_20230917_172054_resampled_32kHz.wav,480.0,485.0,orca_call,1.8960333
212599,MARS_20230901_20230930_32kHz,MARS_20230917_172054_resampled_32kHz.wav,485.0,490.0,orca_call,1.1912787
213606,MARS_20230901_20230930_32kHz,MARS_20230922_111317_resampled_32kHz.wav,120.0,125.0,orca_call,0.060288377
213612,MARS_20230901_20230930_32kHz,MARS_20230922_111317_resampled_32kHz.wav,150.0,155.0,orca_call,1.1426215
213614,MARS_20230901_20230930_32kHz,MARS_20230922_111317_resampled_32kHz.wav,160.0,165.0,orca_call,1.1287544
214708,MARS_20230901_20230930_32kHz,MARS_20230929_180615_resampled_32kHz.wav,230.0,235.0,orca_call,0.8521147
216537,MARS_20230901_20230930_32kHz,MARS_20230928_122615_resampled_32kHz.wav,375.0,380.0,orca_call,0.5550632
217208,MARS_20230901_20230930_32kHz,MARS_20230915_072807_resampled_32kHz.wav,130.0,135.0,orca_call,0.4173128
218763,MARS_20230901_20230930_32kHz,MARS_20230929_104615_resampled_32kHz.wav,105.0,110.0,orca_call,0.14239597
219152,MARS_20230901_20230930_32kHz,MARS_20230903_083041_resampled_32kHz.wav,250.0,255.0,orca_call,0.45343834
219228,MARS_20230901_20230930_32kHz,MARS_20230916_022807_resampled_32kHz.wav,30.0,35.0,orca_call,0.36874133
219259,MARS_20230901_20230930_32kHz,MARS_20230916_022807_resampled_32kHz.wav,185.0,190.0,orca_call,0.27941442
219332,MARS_20230901_20230930_32kHz,MARS_20230916_022807_resampled_32kHz.wav,550.0,555.0,orca_call,0.20143747
219344,MARS_20230901_20230930_32kHz,MARS_20230925_142317_resampled_32kHz.wav,10.0,15.0,orca_call,0.63639235
219368,MARS_20230901_20230930_32kHz,MARS_20230925_142317_resampled_32kHz.wav,130.0,135.0,orca_call,0.40283448
219376,MARS_20230901_20230930_32kHz,MARS_20230925_142317_resampled_32kHz.wav,170.0,175.0,orca_call,0.6236421
219390,MARS_20230901_20230930_32kHz,MARS_20230925_142317_resampled_32kHz.wav,240.0,245.0,orca_call,0.57170993
219392,MARS_20230901_20230930_32kHz,MARS_20230925_142317_resampled_32kHz.wav,250.0,255.0,orca_call,0.0520451
219403,MARS_20230901_20230930_32kHz,MARS_20230925_142317_resampled_32kHz.wav,305.0,310.0,orca_call,0.4897943
219404,MARS_20230901_20230930_32kHz,MARS_20230925_142317_resampled_32kHz.wav,310.0,315.0,orca_call,0.00065081567
219552,MARS_20230901_20230930_32kHz,MARS_20230923_051317_resampled_32kHz.wav,450.0,455.0,orca_call,0.36767575
221073,MARS_20230901_20230930_32kHz,MARS_20230917_171054_resampled_32kHz.wav,255.0,260.0,orca_call,0.5354614
221114,MARS_20230901_20230930_32kHz,MARS_20230917_171054_resampled_32kHz.wav,460.0,465.0,orca_call,0.21833828
221463,MARS_20230901_20230930_32kHz,MARS_20230906_102857_resampled_32kHz.wav,405.0,410.0,orca_call,0.28609964
221465,MARS_20230901_20230930_32kHz,MARS_20230906_102857_resampled_32kHz.wav,415.0,420.0,orca_call,0.19075543
221466,MARS_20230901_20230930_32kHz,MARS_20230906_102857_resampled_32kHz.wav,420.0,425.0,orca_call,0.99657404
221469,MARS_20230901_20230930_32kHz,MARS_20230906_102857_resampled_32kHz.wav,435.0,440.0,orca_call,0.0804965
221470,MARS_20230901_20230930_32kHz,MARS_20230906_102857_resampled_32kHz.wav,440.0,445.0,orca_call,0.62904245
221477,MARS_20230901_20230930_32kHz,MARS_20230906_102857_resampled_32kHz.wav,475.0,480.0,orca_call,0.40774933
221478,MARS_20230901_20230930_32kHz,MARS_20230906_102857_resampled_32kHz.wav,480.0,485.0,orca_call,0.27342075
221480,MARS_20230901_20230930_32kHz,MARS_20230906_102857_resampled_32kHz.wav,490.0,495.0,orca_call,0.050843127
221487,MARS_20230901_20230930_32kHz,MARS_20230906_102857_resampled_32kHz.wav,525.0,530.0,orca_call,0.6248351
221871,MARS_20230901_20230930_32kHz,MARS_20230927_023615_resampled_32kHz.wav,45.0,50.0,orca_call,0.21838987
224325,MARS_20230901_20230930_32kHz,MARS_20230916_075807_resampled_32kHz.wav,315.0,320.0,orca_call,0.67681736
226037,MARS_20230901_20230930_32kHz,MARS_20230903_053041_resampled_32kHz.wav,475.0,480.0,orca_call,0.5663774
226039,MARS_20230901_20230930_32kHz,MARS_20230903_053041_resampled_32kHz.wav,485.0,490.0,orca_call,0.009725355
226452,MARS_20230901_20230930_32kHz,MARS_20230922_142317_resampled_32kHz.wav,150.0,155.0,orca_call,0.27877474
226453,MARS_20230901_20230930_32kHz,MARS_20230922_142317_resampled_32kHz.wav,155.0,160.0,orca_call,0.09970971
226961,MARS_20230901_20230930_32kHz,MARS_20230906_011857_resampled_32kHz.wav,295.0,300.0,orca_call,0.06539304
227937,MARS_20230901_20230930_32kHz,MARS_20230915_101807_resampled_32kHz.wav,375.0,380.0,orca_call,0.18118483
227938,MARS_20230901_20230930_32kHz,MARS_20230915_101807_resampled_32kHz.wav,380.0,385.0,orca_call,0.11803425
229721,MARS_20230901_20230930_32kHz,MARS_20230929_043615_resampled_32kHz.wav,295.0,300.0,orca_call,0.07230664
229734,MARS_20230901_20230930_32kHz,MARS_20230929_043615_resampled_32kHz.wav,360.0,365.0,orca_call,1.109359
230405,MARS_20230901_20230930_32kHz,MARS_20230930_190615_resampled_32kHz.wav,115.0,120.0,orca_call,0.12567842
230492,MARS_20230901_20230930_32kHz,MARS_20230930_190615_resampled_32kHz.wav,550.0,555.0,orca_call,1.3742441
231653,MARS_20230901_20230930_32kHz,MARS_20230926_081317_resampled_32kHz.wav,355.0,360.0,orca_call,0.04103864
231655,MARS_20230901_20230930_32kHz,MARS_20230926_081317_resampled_32kHz.wav,365.0,370.0,orca_call,0.41790396
231658,MARS_20230901_20230930_32kHz,MARS_20230926_081317_resampled_32kHz.wav,380.0,385.0,orca_call,0.3221513
231701,MARS_20230901_20230930_32kHz,MARS_20230926_081317_resampled_32kHz.wav,595.0,600.0,orca_call,1.407346
232027,MARS_20230901_20230930_32kHz,MARS_20230928_234615_resampled_32kHz.wav,425.0,430.0,orca_call,0.6038643
232526,MARS_20230901_20230930_32kHz,MARS_20230925_004317_resampled_32kHz.wav,520.0,525.0,orca_call,0.3971647
233212,MARS_20230901_20230930_32kHz,MARS_20230920_030054_resampled_32kHz.wav,350.0,355.0,orca_call,0.22881234
236841,MARS_20230901_20230930_32kHz,MARS_20230927_014615_resampled_32kHz.wav,495.0,500.0,orca_call,0.2123313
237231,MARS_20230901_20230930_32kHz,MARS_20230915_091807_resampled_32kHz.wav,45.0,50.0,orca_call,0.5446957
237274,MARS_20230901_20230930_32kHz,MARS_20230915_091807_resampled_32kHz.wav,260.0,265.0,orca_call,1.3080822
237278,MARS_20230901_20230930_32kHz,MARS_20230915_091807_resampled_32kHz.wav,280.0,285.0,orca_call,0.06641751
237292,MARS_20230901_20230930_32kHz,MARS_20230915_091807_resampled_32kHz.wav,350.0,355.0,orca_call,0.52857363
237340,MARS_20230901_20230930_32kHz,MARS_20230915_091807_resampled_32kHz.wav,590.0,595.0,orca_call,0.119120814
238692,MARS_20230901_20230930_32kHz,MARS_20230930_101615_resampled_32kHz.wav,150.0,155.0,orca_call,0.050154902
240262,MARS_20230901_20230930_32kHz,MARS_20230924_042317_resampled_32kHz.wav,200.0,205.0,orca_call,1.6984631
240264,MARS_20230901_20230930_32kHz,MARS_20230924_042317_resampled_32kHz.wav,210.0,215.0,orca_call,0.4002932
240265,MARS_20230901_20230930_32kHz,MARS_20230924_042317_resampled_32kHz.wav,215.0,220.0,orca_call,0.3938295
240266,MARS_20230901_20230930_32kHz,MARS_20230924_042317_resampled_32kHz.wav,220.0,225.0,orca_call,0.69532186
240267,MARS_20230901_20230930_32kHz,MARS_20230924_042317_resampled_32kHz.wav,225.0,230.0,orca_call,1.4383012
240270,MARS_20230901_20230930_32kHz,MARS_20230924_042317_resampled_32kHz.wav,240.0,245.0,orca_call,0.31715637
241010,MARS_20230901_20230930_32kHz,MARS_20230915_074807_resampled_32kHz.wav,340.0,345.0,orca_call,0.03443215
241319,MARS_20230901_20230930_32kHz,MARS_20230926_010317_resampled_32kHz.wav,85.0,90.0,orca_call,0.33292636
242846,MARS_20230901_20230930_32kHz,MARS_20230928_012615_resampled_32kHz.wav,520.0,525.0,orca_call,0.3859609
242851,MARS_20230901_20230930_32kHz,MARS_20230928_012615_resampled_32kHz.wav,545.0,550.0,orca_call,0.33123976
243644,MARS_20230901_20230930_32kHz,MARS_20230929_025615_resampled_32kHz.wav,310.0,315.0,orca_call,0.25297648
244096,MARS_20230901_20230930_32kHz,MARS_20230917_124054_resampled_32kHz.wav,170.0,175.0,orca_call,0.24910474
244129,MARS_20230901_20230930_32kHz,MARS_20230917_124054_resampled_32kHz.wav,335.0,340.0,orca_call,0.2740899
245534,MARS_20230901_20230930_32kHz,MARS_20230927_054615_resampled_32kHz.wav,160.0,165.0,orca_call,0.22164398
245909,MARS_20230901_20230930_32kHz,MARS_20230920_101054_resampled_32kHz.wav,235.0,240.0,orca_call,1.0408065
245910,MARS_20230901_20230930_32kHz,MARS_20230920_101054_resampled_32kHz.wav,240.0,245.0,orca_call,0.41924155
245942,MARS_20230901_20230930_32kHz,MARS_20230920_101054_resampled_32kHz.wav,400.0,405.0,orca_call,0.69363654
246417,MARS_20230901_20230930_32kHz,MARS_20230916_232054_resampled_32kHz.wav,375.0,380.0,orca_call,0.007740639
251086,MARS_20230901_20230930_32kHz,MARS_20230930_060615_resampled_32kHz.wav,320.0,325.0,orca_call,0.0013785884
251441,MARS_20230901_20230930_32kHz,MARS_20230916_011807_resampled_32kHz.wav,295.0,300.0,orca_call,0.3381432
253729,MARS_20230901_20230930_32kHz,MARS_20230913_161227_resampled_32kHz.wav,335.0,340.0,orca_call,1.0260727
253761,MARS_20230901_20230930_32kHz,MARS_20230913_161227_resampled_32kHz.wav,495.0,500.0,orca_call,1.0583925
253778,MARS_20230901_20230930_32kHz,MARS_20230913_161227_resampled_32kHz.wav,580.0,585.0,orca_call,0.55150205
253798,MARS_20230901_20230930_32kHz,MARS_20230925_141317_resampled_32kHz.wav,80.0,85.0,orca_call,0.40765247
253804,MARS_20230901_20230930_32kHz,MARS_20230925_141317_resampled_32kHz.wav,110.0,115.0,orca_call,1.0595526
254410,MARS_20230901_20230930_32kHz,MARS_20230922_062317_resampled_32kHz.wav,140.0,145.0,orca_call,1.3128251
254413,MARS_20230901_20230930_32kHz,MARS_20230922_062317_resampled_32kHz.wav,155.0,160.0,orca_call,1.4104578
254415,MARS_20230901_20230930_32kHz,MARS_20230922_062317_resampled_32kHz.wav,165.0,170.0,orca_call,0.9958178
254425,MARS_20230901_20230930_32kHz,MARS_20230922_062317_resampled_32kHz.wav,215.0,220.0,orca_call,0.20037162
254427,MARS_20230901_20230930_32kHz,MARS_20230922_062317_resampled_32kHz.wav,225.0,230.0,orca_call,0.8710604
254431,MARS_20230901_20230930_32kHz,MARS_20230922_062317_resampled_32kHz.wav,245.0,250.0,orca_call,0.16066551
254443,MARS_20230901_20230930_32kHz,MARS_20230922_062317_resampled_32kHz.wav,305.0,310.0,orca_call,1.1062177
254466,MARS_20230901_20230930_32kHz,MARS_20230922_062317_resampled_32kHz.wav,420.0,425.0,orca_call,0.15951556
257216,MARS_20230901_20230930_32kHz,MARS_20230930_091615_resampled_32kHz.wav,370.0,375.0,orca_call,0.19842449
260192,MARS_20230901_20230930_32kHz,MARS_20230905_202857_resampled_32kHz.wav,250.0,255.0,orca_call,0.28895408
260630,MARS_20230901_20230930_32kHz,MARS_20230919_065054_resampled_32kHz.wav,40.0,45.0,orca_call,0.43446845
260631,MARS_20230901_20230930_32kHz,MARS_20230919_065054_resampled_32kHz.wav,45.0,50.0,orca_call,0.43512678
262181,MARS_20230901_20230930_32kHz,MARS_20230924_040317_resampled_32kHz.wav,595.0,600.0,orca_call,0.7277772
262307,MARS_20230901_20230930_32kHz,MARS_20230923_075317_resampled_32kHz.wav,25.0,30.0,orca_call,0.0897493
263313,MARS_20230901_20230930_32kHz,MARS_20230921_174317_resampled_32kHz.wav,255.0,260.0,orca_call,0.056804292
263339,MARS_20230901_20230930_32kHz,MARS_20230921_174317_resampled_32kHz.wav,385.0,390.0,orca_call,0.45039332
265323,MARS_20230901_20230930_32kHz,MARS_20230921_165317_resampled_32kHz.wav,105.0,110.0,orca_call,5.8956444e-05
265383,MARS_20230901_20230930_32kHz,MARS_20230921_165317_resampled_32kHz.wav,405.0,410.0,orca_call,0.27532232
265384,MARS_20230901_20230930_32kHz,MARS_20230921_165317_resampled_32kHz.wav,410.0,415.0,orca_call,0.107675426
266089,MARS_20230901_20230930_32kHz,MARS_20230922_104317_resampled_32kHz.wav,335.0,340.0,orca_call,0.4270705
266090,MARS_20230901_20230930_32kHz,MARS_20230922_104317_resampled_32kHz.wav,340.0,345.0,orca_call,1.998588
266095,MARS_20230901_20230930_32kHz,MARS_20230922_104317_resampled_32kHz.wav,365.0,370.0,orca_call,0.5504117
266103,MARS_20230901_20230930_32kHz,MARS_20230922_104317_resampled_32kHz.wav,405.0,410.0,orca_call,0.54909503
266104,MARS_20230901_20230930_32kHz,MARS_20230922_104317_resampled_32kHz.wav,410.0,415.0,orca_call,0.3301717
266105,MARS_20230901_20230930_32kHz,MARS_20230922_104317_resampled_32kHz.wav,415.0,420.0,orca_call,0.117393725
266399,MARS_20230901_20230930_32kHz,MARS_20230903_131041_resampled_32kHz.wav,85.0,90.0,orca_call,0.73482734
266407,MARS_20230901_20230930_32kHz,MARS_20230903_131041_resampled_32kHz.wav,125.0,130.0,orca_call,0.75916886
266614,MARS_20230901_20230930_32kHz,MARS_20230922_112317_resampled_32kHz.wav,560.0,565.0,orca_call,1.2153348
266620,MARS_20230901_20230930_32kHz,MARS_20230922_112317_resampled_32kHz.wav,590.0,595.0,orca_call,0.13378602
266621,MARS_20230901_20230930_32kHz,MARS_20230922_112317_resampled_32kHz.wav,595.0,600.0,orca_call,0.12802398
267295,MARS_20230901_20230930_32kHz,MARS_20230922_105317_resampled_32kHz.wav,365.0,370.0,orca_call,0.17522222
269634,MARS_20230901_20230930_32kHz,MARS_20230924_190317_resampled_32kHz.wav,60.0,65.0,orca_call,0.06387267
270260,MARS_20230901_20230930_32kHz,MARS_20230901_120041_resampled_32kHz.wav,190.0,195.0,orca_call,1.0215578
271564,MARS_20230901_20230930_32kHz,MARS_20230922_233317_resampled_32kHz.wav,110.0,115.0,orca_call,0.18353784
272347,MARS_20230901_20230930_32kHz,MARS_20230930_174615_resampled_32kHz.wav,425.0,430.0,orca_call,0.33508694
272367,MARS_20230901_20230930_32kHz,MARS_20230930_174615_resampled_32kHz.wav,525.0,530.0,orca_call,0.53220755
272387,MARS_20230901_20230930_32kHz,MARS_20230901_204041_resampled_32kHz.wav,25.0,30.0,orca_call,0.00084884465
272443,MARS_20230901_20230930_32kHz,MARS_20230901_204041_resampled_32kHz.wav,305.0,310.0,orca_call,0.029532172
275675,MARS_20230901_20230930_32kHz,MARS_20230906_083857_resampled_32kHz.wav,265.0,270.0,orca_call,1.9292663
275685,MARS_20230901_20230930_32kHz,MARS_20230906_083857_resampled_32kHz.wav,315.0,320.0,orca_call,0.6516828
275690,MARS_20230901_20230930_32kHz,MARS_20230906_083857_resampled_32kHz.wav,340.0,345.0,orca_call,0.6910894
275729,MARS_20230901_20230930_32kHz,MARS_20230906_083857_resampled_32kHz.wav,535.0,540.0,orca_call,0.587438
275731,MARS_20230901_20230930_32kHz,MARS_20230906_083857_resampled_32kHz.wav,545.0,550.0,orca_call,0.8120223
275738,MARS_20230901_20230930_32kHz,MARS_20230906_083857_resampled_32kHz.wav,580.0,585.0,orca_call,0.17241174
275741,MARS_20230901_20230930_32kHz,MARS_20230906_083857_resampled_32kHz.wav,595.0,600.0,orca_call,0.5564827
278651,MARS_20230901_20230930_32kHz,MARS_20230901_031041_resampled_32kHz.wav,145.0,150.0,orca_call,0.1348649
278653,MARS_20230901_20230930_32kHz,MARS_20230901_031041_resampled_32kHz.wav,155.0,160.0,orca_call,1.0789809
278654,MARS_20230901_20230930_32kHz,MARS_20230901_031041_resampled_32kHz.wav,160.0,165.0,orca_call,0.87118655
280033,MARS_20230901_20230930_32kHz,MARS_20230922_191317_resampled_32kHz.wav,455.0,460.0,orca_call,0.15160844
281730,MARS_20230901_20230930_32kHz,MARS_20230921_124317_resampled_32kHz.wav,540.0,545.0,orca_call,0.99284935
281740,MARS_20230901_20230930_32kHz,MARS_20230921_124317_resampled_32kHz.wav,590.0,595.0,orca_call,0.17287171
282146,MARS_20230901_20230930_32kHz,MARS_20230924_205317_resampled_32kHz.wav,220.0,225.0,orca_call,0.00951343
282211,MARS_20230901_20230930_32kHz,MARS_20230924_205317_resampled_32kHz.wav,545.0,550.0,orca_call,0.0067894757
284003,MARS_20230901_20230930_32kHz,MARS_20230906_090857_resampled_32kHz.wav,505.0,510.0,orca_call,0.82561135
284012,MARS_20230901_20230930_32kHz,MARS_20230906_090857_resampled_32kHz.wav,550.0,555.0,orca_call,0.013116606
284018,MARS_20230901_20230930_32kHz,MARS_20230906_090857_resampled_32kHz.wav,580.0,585.0,orca_call,1.0595446
284020,MARS_20230901_20230930_32kHz,MARS_20230906_090857_resampled_32kHz.wav,590.0,595.0,orca_call,0.78532636
284776,MARS_20230901_20230930_32kHz,MARS_20230906_032857_resampled_32kHz.wav,170.0,175.0,orca_call,0.14601615
284781,MARS_20230901_20230930_32kHz,MARS_20230906_032857_resampled_32kHz.wav,195.0,200.0,orca_call,0.22200581
284784,MARS_20230901_20230930_32kHz,MARS_20230906_032857_resampled_32kHz.wav,210.0,215.0,orca_call,0.72291213
284788,MARS_20230901_20230930_32kHz,MARS_20230906_032857_resampled_32kHz.wav,230.0,235.0,orca_call,0.6037154
284792,MARS_20230901_20230930_32kHz,MARS_20230906_032857_resampled_32kHz.wav,250.0,255.0,orca_call,0.75695205
285504,MARS_20230901_20230930_32kHz,MARS_20230922_140317_resampled_32kHz.wav,210.0,215.0,orca_call,0.57290846
285710,MARS_20230901_20230930_32kHz,MARS_20230916_025807_resampled_32kHz.wav,40.0,45.0,orca_call,0.25620627
285714,MARS_20230901_20230930_32kHz,MARS_20230916_025807_resampled_32kHz.wav,60.0,65.0,orca_call,0.11216057
285715,MARS_20230901_20230930_32kHz,MARS_20230916_025807_resampled_32kHz.wav,65.0,70.0,orca_call,0.7719779
285716,MARS_20230901_20230930_32kHz,MARS_20230916_025807_resampled_32kHz.wav,70.0,75.0,orca_call,0.0050268397
285720,MARS_20230901_20230930_32kHz,MARS_20230916_025807_resampled_32kHz.wav,90.0,95.0,orca_call,0.4195304
285743,MARS_20230901_20230930_32kHz,MARS_20230916_025807_resampled_32kHz.wav,205.0,210.0,orca_call,0.51909524
285744,MARS_20230901_20230930_32kHz,MARS_20230916_025807_resampled_32kHz.wav,210.0,215.0,orca_call,0.27821282
287132,MARS_20230901_20230930_32kHz,MARS_20230922_075317_resampled_32kHz.wav,545.0,550.0,orca_call,0.52252436
287133,MARS_20230901_20230930_32kHz,MARS_20230922_075317_resampled_32kHz.wav,550.0,555.0,orca_call,0.71344537
288312,MARS_20230901_20230930_32kHz,MARS_20230922_102317_resampled_32kHz.wav,445.0,450.0,orca_call,0.47869563
288337,MARS_20230901_20230930_32kHz,MARS_20230922_102317_resampled_32kHz.wav,570.0,575.0,orca_call,0.09036446
293054,MARS_20230901_20230930_32kHz,MARS_20230928_204615_resampled_32kHz.wav,155.0,160.0,orca_call,0.13076821
293057,MARS_20230901_20230930_32kHz,MARS_20230928_204615_resampled_32kHz.wav,170.0,175.0,orca_call,0.07364602
293086,MARS_20230901_20230930_32kHz,MARS_20230928_204615_resampled_32kHz.wav,315.0,320.0,orca_call,0.15734956
295315,MARS_20230901_20230930_32kHz,MARS_20230919_183054_resampled_32kHz.wav,60.0,65.0,orca_call,0.10484747
295400,MARS_20230901_20230930_32kHz,MARS_20230919_183054_resampled_32kHz.wav,485.0,490.0,orca_call,0.38156712
296180,MARS_20230901_20230930_32kHz,MARS_20230914_211227_resampled_32kHz.wav,185.0,190.0,orca_call,0.11891457
296226,MARS_20230901_20230930_32kHz,MARS_20230914_211227_resampled_32kHz.wav,415.0,420.0,orca_call,0.21524557
296247,MARS_20230901_20230930_32kHz,MARS_20230914_211227_resampled_32kHz.wav,520.0,525.0,orca_call,0.55885756
297249,MARS_20230901_20230930_32kHz,MARS_20230913_155227_resampled_32kHz.wav,130.0,135.0,orca_call,0.31056154
297720,MARS_20230901_20230930_32kHz,MARS_20230924_041317_resampled_32kHz.wav,85.0,90.0,orca_call,0.2329714
297795,MARS_20230901_20230930_32kHz,MARS_20230924_041317_resampled_32kHz.wav,460.0,465.0,orca_call,0.22386003
298086,MARS_20230901_20230930_32kHz,MARS_20230901_103041_resampled_32kHz.wav,115.0,120.0,orca_call,0.15094334
298192,MARS_20230901_20230930_32kHz,MARS_20230916_040807_resampled_32kHz.wav,45.0,50.0,orca_call,0.38038558
298211,MARS_20230901_20230930_32kHz,MARS_20230916_040807_resampled_32kHz.wav,140.0,145.0,orca_call,0.46008408
299408,MARS_20230901_20230930_32kHz,MARS_20230927_072615_resampled_32kHz.wav,125.0,130.0,orca_call,0.081043504
299430,MARS_20230901_20230930_32kHz,MARS_20230927_072615_resampled_32kHz.wav,235.0,240.0,orca_call,0.487253
299470,MARS_20230901_20230930_32kHz,MARS_20230927_072615_resampled_32kHz.wav,435.0,440.0,orca_call,0.1827114
300713,MARS_20230901_20230930_32kHz,MARS_20230922_235317_resampled_32kHz.wav,50.0,55.0,orca_call,0.83116966
301839,MARS_20230901_20230930_32kHz,MARS_20230929_091615_resampled_32kHz.wav,280.0,285.0,orca_call,0.26255792
302650,MARS_20230901_20230930_32kHz,MARS_20230918_052054_resampled_32kHz.wav,135.0,140.0,orca_call,0.2251463
303809,MARS_20230901_20230930_32kHz,MARS_20230919_055054_resampled_32kHz.wav,530.0,535.0,orca_call,0.019570217
306467,MARS_20230901_20230930_32kHz,MARS_20230901_210041_resampled_32kHz.wav,20.0,25.0,orca_call,1.0097048
306469,MARS_20230901_20230930_32kHz,MARS_20230901_210041_resampled_32kHz.wav,30.0,35.0,orca_call,0.28232118
308659,MARS_20230901_20230930_32kHz,MARS_20230923_095317_resampled_32kHz.wav,180.0,185.0,orca_call,0.61401623
308684,MARS_20230901_20230930_32kHz,MARS_20230923_095317_resampled_32kHz.wav,305.0,310.0,orca_call,0.35876453
310027,MARS_20230901_20230930_32kHz,MARS_20230922_054317_resampled_32kHz.wav,420.0,425.0,orca_call,0.97843945
310316,MARS_20230901_20230930_32kHz,MARS_20230930_111615_resampled_32kHz.wav,65.0,70.0,orca_call,0.42977405
310320,MARS_20230901_20230930_32kHz,MARS_20230930_111615_resampled_32kHz.wav,85.0,90.0,orca_call,0.09792819
310678,MARS_20230901_20230930_32kHz,MARS_20230919_184054_resampled_32kHz.wav,75.0,80.0,orca_call,0.92640567
310796,MARS_20230901_20230930_32kHz,MARS_20230901_195041_resampled_32kHz.wav,65.0,70.0,orca_call,1.9191676
310859,MARS_20230901_20230930_32kHz,MARS_20230901_195041_resampled_32kHz.wav,380.0,385.0,orca_call,0.592098
310866,MARS_20230901_20230930_32kHz,MARS_20230901_195041_resampled_32kHz.wav,415.0,420.0,orca_call,0.59186524
311461,MARS_20230901_20230930_32kHz,MARS_20230924_203317_resampled_32kHz.wav,390.0,395.0,orca_call,0.9489249
311719,MARS_20230901_20230930_32kHz,MARS_20230901_201041_resampled_32kHz.wav,480.0,485.0,orca_call,0.02588541
312873,MARS_20230901_20230930_32kHz,MARS_20230922_130317_resampled_32kHz.wav,250.0,255.0,orca_call,0.024673171
313961,MARS_20230901_20230930_32kHz,MARS_20230915_085807_resampled_32kHz.wav,290.0,295.0,orca_call,1.5166869
314011,MARS_20230901_20230930_32kHz,MARS_20230915_085807_resampled_32kHz.wav,540.0,545.0,orca_call,0.1803247
316329,MARS_20230901_20230930_32kHz,MARS_20230918_150054_resampled_32kHz.wav,125.0,130.0,orca_call,0.42371875
316422,MARS_20230901_20230930_32kHz,MARS_20230918_150054_resampled_32kHz.wav,590.0,595.0,orca_call,0.02370403
316767,MARS_20230901_20230930_32kHz,MARS_20230915_093807_resampled_32kHz.wav,515.0,520.0,orca_call,0.15402526
317284,MARS_20230901_20230930_32kHz,MARS_20230919_221054_resampled_32kHz.wav,100.0,105.0,orca_call,0.6580447
317352,MARS_20230901_20230930_32kHz,MARS_20230919_221054_resampled_32kHz.wav,440.0,445.0,orca_call,0.4118111
319548,MARS_20230901_20230930_32kHz,MARS_20230922_064317_resampled_32kHz.wav,20.0,25.0,orca_call,0.93199396
319551,MARS_20230901_20230930_32kHz,MARS_20230922_064317_resampled_32kHz.wav,35.0,40.0,orca_call,0.25648755
319553,MARS_20230901_20230930_32kHz,MARS_20230922_064317_resampled_32kHz.wav,45.0,50.0,orca_call,2.0040877
319557,MARS_20230901_20230930_32kHz,MARS_20230922_064317_resampled_32kHz.wav,65.0,70.0,orca_call,0.059705727
320110,MARS_20230901_20230930_32kHz,MARS_20230929_111615_resampled_32kHz.wav,430.0,435.0,orca_call,0.47484368
320134,MARS_20230901_20230930_32kHz,MARS_20230929_111615_resampled_32kHz.wav,550.0,555.0,orca_call,0.046649612
320318,MARS_20230901_20230930_32kHz,MARS_20230924_194317_resampled_32kHz.wav,270.0,275.0,orca_call,1.1990393
320339,MARS_20230901_20230930_32kHz,MARS_20230924_194317_resampled_32kHz.wav,375.0,380.0,orca_call,0.45210785
320341,MARS_20230901_20230930_32kHz,MARS_20230924_194317_resampled_32kHz.wav,385.0,390.0,orca_call,0.29677206
321100,MARS_20230901_20230930_32kHz,MARS_20230920_034054_resampled_32kHz.wav,580.0,585.0,orca_call,0.53465044
323153,MARS_20230901_20230930_32kHz,MARS_20230924_210317_resampled_32kHz.wav,45.0,50.0,orca_call,0.009734072
323227,MARS_20230901_20230930_32kHz,MARS_20230924_210317_resampled_32kHz.wav,415.0,420.0,orca_call,0.63204706
323239,MARS_20230901_20230930_32kHz,MARS_20230924_210317_resampled_32kHz.wav,475.0,480.0,orca_call,1.0023894
323254,MARS_20230901_20230930_32kHz,MARS_20230924_210317_resampled_32kHz.wav,550.0,555.0,orca_call,0.1378656
324413,MARS_20230901_20230930_32kHz,MARS_20230913_131227_resampled_32kHz.wav,345.0,350.0,orca_call,0.11836519
326025,MARS_20230901_20230930_32kHz,MARS_20230905_232857_resampled_32kHz.wav,5.0,10.0,orca_call,0.18686792
326527,MARS_20230901_20230930_32kHz,MARS_20230914_070227_resampled_32kHz.wav,115.0,120.0,orca_call,0.05777339
328986,MARS_20230901_20230930_32kHz,MARS_20230927_164615_resampled_32kHz.wav,410.0,415.0,orca_call,0.51832664
328988,MARS_20230901_20230930_32kHz,MARS_20230927_164615_resampled_32kHz.wav,420.0,425.0,orca_call,0.7296006
328990,MARS_20230901_20230930_32kHz,MARS_20230927_164615_resampled_32kHz.wav,430.0,435.0,orca_call,0.6074808
329332,MARS_20230901_20230930_32kHz,MARS_20230930_092615_resampled_32kHz.wav,340.0,345.0,orca_call,2.106059
329761,MARS_20230901_20230930_32kHz,MARS_20230917_022054_resampled_32kHz.wav,85.0,90.0,orca_call,0.65673816
333714,MARS_20230901_20230930_32kHz,MARS_20230916_211054_resampled_32kHz.wav,50.0,55.0,orca_call,0.88182336
334873,MARS_20230901_20230930_32kHz,MARS_20230917_162054_resampled_32kHz.wav,445.0,450.0,orca_call,0.45157886
334875,MARS_20230901_20230930_32kHz,MARS_20230917_162054_resampled_32kHz.wav,455.0,460.0,orca_call,0.100638546
334897,MARS_20230901_20230930_32kHz,MARS_20230917_162054_resampled_32kHz.wav,565.0,570.0,orca_call,0.80145276
337036,MARS_20230901_20230930_32kHz,MARS_20230926_083317_resampled_32kHz.wav,460.0,465.0,orca_call,2.1601157
337050,MARS_20230901_20230930_32kHz,MARS_20230926_083317_resampled_32kHz.wav,530.0,535.0,orca_call,0.49919832
340170,MARS_20230901_20230930_32kHz,MARS_20230929_050615_resampled_32kHz.wav,325.0,330.0,orca_call,0.06763623
340410,MARS_20230901_20230930_32kHz,MARS_20230917_181054_resampled_32kHz.wav,325.0,330.0,orca_call,0.6080042
340419,MARS_20230901_20230930_32kHz,MARS_20230917_181054_resampled_32kHz.wav,370.0,375.0,orca_call,0.13762349
340445,MARS_20230901_20230930_32kHz,MARS_20230917_181054_resampled_32kHz.wav,500.0,505.0,orca_call,1.0750686
340699,MARS_20230901_20230930_32kHz,MARS_20230920_093054_resampled_32kHz.wav,570.0,575.0,orca_call,0.18431371
341024,MARS_20230901_20230930_32kHz,MARS_20230901_200041_resampled_32kHz.wav,395.0,400.0,orca_call,0.056016035
342338,MARS_20230901_20230930_32kHz,MARS_20230928_214615_resampled_32kHz.wav,365.0,370.0,orca_call,0.33727968
342999,MARS_20230901_20230930_32kHz,MARS_20230901_191041_resampled_32kHz.wav,70.0,75.0,orca_call,0.38189292
343004,MARS_20230901_20230930_32kHz,MARS_20230901_191041_resampled_32kHz.wav,95.0,100.0,orca_call,0.12148974
343245,MARS_20230901_20230930_32kHz,MARS_20230902_085041_resampled_32kHz.wav,100.0,105.0,orca_call,1.1960677
343673,MARS_20230901_20230930_32kHz,MARS_20230928_020615_resampled_32kHz.wav,440.0,445.0,orca_call,0.02132558
345259,MARS_20230901_20230930_32kHz,MARS_20230924_020317_resampled_32kHz.wav,570.0,575.0,orca_call,0.53274107
347399,MARS_20230901_20230930_32kHz,MARS_20230913_200227_resampled_32kHz.wav,470.0,475.0,orca_call,0.61493194
349182,MARS_20230901_20230930_32kHz,MARS_20230927_041615_resampled_32kHz.wav,385.0,390.0,orca_call,1.4085053
349384,MARS_20230901_20230930_32kHz,MARS_20230921_160317_resampled_32kHz.wav,195.0,200.0,orca_call,0.5617439
349534,MARS_20230901_20230930_32kHz,MARS_20230926_041317_resampled_32kHz.wav,345.0,350.0,orca_call,0.051466383
349649,MARS_20230901_20230930_32kHz,MARS_20230921_114317_resampled_32kHz.wav,320.0,325.0,orca_call,1.110859
350248,MARS_20230901_20230930_32kHz,MARS_20230919_215054_resampled_32kHz.wav,315.0,320.0,orca_call,0.112379916
351951,MARS_20230901_20230930_32kHz,MARS_20230903_093041_resampled_32kHz.wav,430.0,435.0,orca_call,0.25722855
353707,MARS_20230901_20230930_32kHz,MARS_20230930_203615_resampled_32kHz.wav,210.0,215.0,orca_call,0.5310856
353779,MARS_20230901_20230930_32kHz,MARS_20230930_203615_resampled_32kHz.wav,570.0,575.0,orca_call,0.3277255
353782,MARS_20230901_20230930_32kHz,MARS_20230930_203615_resampled_32kHz.wav,585.0,590.0,orca_call,0.3006097
354511,MARS_20230901_20230930_32kHz,MARS_20230906_183857_resampled_32kHz.wav,415.0,420.0,orca_call,0.033718355
355003,MARS_20230901_20230930_32kHz,MARS_20230923_162317_resampled_32kHz.wav,475.0,480.0,orca_call,0.49597937
355893,MARS_20230901_20230930_32kHz,MARS_20230916_032807_resampled_32kHz.wav,125.0,130.0,orca_call,0.35895976
355982,MARS_20230901_20230930_32kHz,MARS_20230916_032807_resampled_32kHz.wav,570.0,575.0,orca_call,0.046022035
355986,MARS_20230901_20230930_32kHz,MARS_20230916_032807_resampled_32kHz.wav,590.0,595.0,orca_call,0.5689359
359365,MARS_20230901_20230930_32kHz,MARS_20230922_090317_resampled_32kHz.wav,85.0,90.0,orca_call,0.024809726
359469,MARS_20230901_20230930_32kHz,MARS_20230926_125317_resampled_32kHz.wav,5.0,10.0,orca_call,0.08882471
359857,MARS_20230901_20230930_32kHz,MARS_20230922_063317_resampled_32kHz.wav,145.0,150.0,orca_call,0.37810922
359858,MARS_20230901_20230930_32kHz,MARS_20230922_063317_resampled_32kHz.wav,150.0,155.0,orca_call,0.88536286
359862,MARS_20230901_20230930_32kHz,MARS_20230922_063317_resampled_32kHz.wav,170.0,175.0,orca_call,0.49530125
363496,MARS_20230901_20230930_32kHz,MARS_20230916_184054_resampled_32kHz.wav,340.0,345.0,orca_call,0.3491397
363544,MARS_20230901_20230930_32kHz,MARS_20230916_184054_resampled_32kHz.wav,580.0,585.0,orca_call,0.8105005
363545,MARS_20230901_20230930_32kHz,MARS_20230916_184054_resampled_32kHz.wav,585.0,590.0,orca_call,1.9234265
364032,MARS_20230901_20230930_32kHz,MARS_20230906_084857_resampled_32kHz.wav,20.0,25.0,orca_call,0.9480454
364037,MARS_20230901_20230930_32kHz,MARS_20230906_084857_resampled_32kHz.wav,45.0,50.0,orca_call,0.46094424
364041,MARS_20230901_20230930_32kHz,MARS_20230906_084857_resampled_32kHz.wav,65.0,70.0,orca_call,0.670382
364046,MARS_20230901_20230930_32kHz,MARS_20230906_084857_resampled_32kHz.wav,90.0,95.0,orca_call,0.85227895
364047,MARS_20230901_20230930_32kHz,MARS_20230906_084857_resampled_32kHz.wav,95.0,100.0,orca_call,0.49920523
364048,MARS_20230901_20230930_32kHz,MARS_20230906_084857_resampled_32kHz.wav,100.0,105.0,orca_call,1.1034296
364123,MARS_20230901_20230930_32kHz,MARS_20230906_084857_resampled_32kHz.wav,475.0,480.0,orca_call,0.09298799
364125,MARS_20230901_20230930_32kHz,MARS_20230906_084857_resampled_32kHz.wav,485.0,490.0,orca_call,1.3847384
364126,MARS_20230901_20230930_32kHz,MARS_20230906_084857_resampled_32kHz.wav,490.0,495.0,orca_call,1.3508033
364136,MARS_20230901_20230930_32kHz,MARS_20230906_084857_resampled_32kHz.wav,540.0,545.0,orca_call,0.07864951
367034,MARS_20230901_20230930_32kHz,MARS_20230901_110041_resampled_32kHz.wav,30.0,35.0,orca_call,0.21058333
369290,MARS_20230901_20230930_32kHz,MARS_20230906_023857_resampled_32kHz.wav,510.0,515.0,orca_call,0.82209814
373532,MARS_20230901_20230930_32kHz,MARS_20230916_182054_resampled_32kHz.wav,120.0,125.0,orca_call,0.47392124
373574,MARS_20230901_20230930_32kHz,MARS_20230916_182054_resampled_32kHz.wav,330.0,335.0,orca_call,0.05971191
373598,MARS_20230901_20230930_32kHz,MARS_20230916_182054_resampled_32kHz.wav,450.0,455.0,orca_call,0.23559567
373607,MARS_20230901_20230930_32kHz,MARS_20230916_182054_resampled_32kHz.wav,495.0,500.0,orca_call,0.47235227
376151,MARS_20230901_20230930_32kHz,MARS_20230922_095317_resampled_32kHz.wav,15.0,20.0,orca_call,0.031485416
376586,MARS_20230901_20230930_32kHz,MARS_20230906_063857_resampled_32kHz.wav,390.0,395.0,orca_call,2.1740737
376590,MARS_20230901_20230930_32kHz,MARS_20230906_063857_resampled_32kHz.wav,410.0,415.0,orca_call,0.010909371
376615,MARS_20230901_20230930_32kHz,MARS_20230906_063857_resampled_32kHz.wav,535.0,540.0,orca_call,0.93628657
377972,MARS_20230901_20230930_32kHz,MARS_20230921_171317_resampled_32kHz.wav,120.0,125.0,orca_call,0.06179244
378676,MARS_20230901_20230930_32kHz,MARS_20230906_095857_resampled_32kHz.wav,40.0,45.0,orca_call,0.017082073
378678,MARS_20230901_20230930_32kHz,MARS_20230906_095857_resampled_32kHz.wav,50.0,55.0,orca_call,0.55019605
378680,MARS_20230901_20230930_32kHz,MARS_20230906_095857_resampled_32kHz.wav,60.0,65.0,orca_call,1.6883262
378685,MARS_20230901_20230930_32kHz,MARS_20230906_095857_resampled_32kHz.wav,85.0,90.0,orca_call,0.8814192
379722,MARS_20230901_20230930_32kHz,MARS_20230925_111317_resampled_32kHz.wav,470.0,475.0,orca_call,0.5145621
381417,MARS_20230901_20230930_32kHz,MARS_20230921_112317_resampled_32kHz.wav,545.0,550.0,orca_call,0.13610736
382237,MARS_20230901_20230930_32kHz,MARS_20230915_053227_resampled_32kHz.wav,445.0,450.0,orca_call,0.04190322
382239,MARS_20230901_20230930_32kHz,MARS_20230915_053227_resampled_32kHz.wav,455.0,460.0,orca_call,0.6523492
382934,MARS_20230901_20230930_32kHz,MARS_20230913_172227_resampled_32kHz.wav,330.0,335.0,orca_call,0.44143194
384786,MARS_20230901_20230930_32kHz,MARS_20230922_113317_resampled_32kHz.wav,590.0,595.0,orca_call,1.1056696
386450,MARS_20230901_20230930_32kHz,MARS_20230929_182615_resampled_32kHz.wav,510.0,515.0,orca_call,0.96589494
387536,MARS_20230901_20230930_32kHz,MARS_20230919_072054_resampled_32kHz.wav,540.0,545.0,orca_call,0.084963895
388102,MARS_20230901_20230930_32kHz,MARS_20230917_050054_resampled_32kHz.wav,370.0,375.0,orca_call,0.41078323
388106,MARS_20230901_20230930_32kHz,MARS_20230917_050054_resampled_32kHz.wav,390.0,395.0,orca_call,0.02306711
389365,MARS_20230901_20230930_32kHz,MARS_20230913_130227_resampled_32kHz.wav,85.0,90.0,orca_call,0.014165096
389460,MARS_20230901_20230930_32kHz,MARS_20230913_130227_resampled_32kHz.wav,560.0,565.0,orca_call,0.19270226
389461,MARS_20230901_20230930_32kHz,MARS_20230913_130227_resampled_32kHz.wav,565.0,570.0,orca_call,1.611439
389462,MARS_20230901_20230930_32kHz,MARS_20230913_130227_resampled_32kHz.wav,570.0,575.0,orca_call,0.97978985
390135,MARS_20230901_20230930_32kHz,MARS_20230913_133227_resampled_32kHz.wav,335.0,340.0,orca_call,1.3865794
390370,MARS_20230901_20230930_32kHz,MARS_20230930_095615_resampled_32kHz.wav,310.0,315.0,orca_call,0.1479446
391987,MARS_20230901_20230930_32kHz,MARS_20230913_141227_resampled_32kHz.wav,595.0,600.0,orca_call,0.25192863
392188,MARS_20230901_20230930_32kHz,MARS_20230902_105041_resampled_32kHz.wav,400.0,405.0,orca_call,0.34117535
394778,MARS_20230901_20230930_32kHz,MARS_20230920_021054_resampled_32kHz.wav,150.0,155.0,orca_call,0.5391864
394840,MARS_20230901_20230930_32kHz,MARS_20230920_021054_resampled_32kHz.wav,460.0,465.0,orca_call,1.2711526
394849,MARS_20230901_20230930_32kHz,MARS_20230920_021054_resampled_32kHz.wav,505.0,510.0,orca_call,0.058477245
395577,MARS_20230901_20230930_32kHz,MARS_20230902_041041_resampled_32kHz.wav,545.0,550.0,orca_call,0.14417776
395595,MARS_20230901_20230930_32kHz,MARS_20230930_192615_resampled_32kHz.wav,35.0,40.0,orca_call,0.91521883
395607,MARS_20230901_20230930_32kHz,MARS_20230930_192615_resampled_32kHz.wav,95.0,100.0,orca_call,0.68321896
396097,MARS_20230901_20230930_32kHz,MARS_20230925_055317_resampled_32kHz.wav,145.0,150.0,orca_call,0.045176692
397202,MARS_20230901_20230930_32kHz,MARS_20230923_190317_resampled_32kHz.wav,270.0,275.0,orca_call,0.28515926
397282,MARS_20230901_20230930_32kHz,MARS_20230921_003317_resampled_32kHz.wav,70.0,75.0,orca_call,0.33937845
399144,MARS_20230901_20230930_32kHz,MARS_20230920_092054_resampled_32kHz.wav,380.0,385.0,orca_call,0.21189463
399146,MARS_20230901_20230930_32kHz,MARS_20230920_092054_resampled_32kHz.wav,390.0,395.0,orca_call,0.46755612
399449,MARS_20230901_20230930_32kHz,MARS_20230928_201615_resampled_32kHz.wav,105.0,110.0,orca_call,1.0986152
400588,MARS_20230901_20230930_32kHz,MARS_20230927_025615_resampled_32kHz.wav,400.0,405.0,orca_call,0.31850567
401248,MARS_20230901_20230930_32kHz,MARS_20230929_090615_resampled_32kHz.wav,100.0,105.0,orca_call,0.117955886
401255,MARS_20230901_20230930_32kHz,MARS_20230929_090615_resampled_32kHz.wav,135.0,140.0,orca_call,0.31675947
401322,MARS_20230901_20230930_32kHz,MARS_20230929_090615_resampled_32kHz.wav,470.0,475.0,orca_call,1.0710126
401324,MARS_20230901_20230930_32kHz,MARS_20230929_090615_resampled_32kHz.wav,480.0,485.0,orca_call,0.29756415
401371,MARS_20230901_20230930_32kHz,MARS_20230915_075807_resampled_32kHz.wav,115.0,120.0,orca_call,0.61077434
401424,MARS_20230901_20230930_32kHz,MARS_20230915_075807_resampled_32kHz.wav,380.0,385.0,orca_call,0.14618629
402337,MARS_20230901_20230930_32kHz,MARS_20230901_124041_resampled_32kHz.wav,145.0,150.0,orca_call,0.013868101
405457,MARS_20230901_20230930_32kHz,MARS_20230917_165054_resampled_32kHz.wav,145.0,150.0,orca_call,2.0520813
405471,MARS_20230901_20230930_32kHz,MARS_20230917_165054_resampled_32kHz.wav,215.0,220.0,orca_call,0.06542266
405480,MARS_20230901_20230930_32kHz,MARS_20230917_165054_resampled_32kHz.wav,260.0,265.0,orca_call,0.1345241
407546,MARS_20230901_20230930_32kHz,MARS_20230921_120317_resampled_32kHz.wav,390.0,395.0,orca_call,0.29300573
409774,MARS_20230901_20230930_32kHz,MARS_20230920_150054_resampled_32kHz.wav,130.0,135.0,orca_call,0.23110893
410438,MARS_20230901_20230930_32kHz,MARS_20230921_151317_resampled_32kHz.wav,450.0,455.0,orca_call,0.056077518
410686,MARS_20230901_20230930_32kHz,MARS_20230925_211317_resampled_32kHz.wav,490.0,495.0,orca_call,0.41650534
412190,MARS_20230901_20230930_32kHz,MARS_20230919_074054_resampled_32kHz.wav,210.0,215.0,orca_call,0.0017433614
413755,MARS_20230901_20230930_32kHz,MARS_20230920_022054_resampled_32kHz.wav,235.0,240.0,orca_call,0.58482194
413756,MARS_20230901_20230930_32kHz,MARS_20230920_022054_resampled_32kHz.wav,240.0,245.0,orca_call,0.3011036
414685,MARS_20230901_20230930_32kHz,MARS_20230925_010317_resampled_32kHz.wav,85.0,90.0,orca_call,0.051995255
416360,MARS_20230901_20230930_32kHz,MARS_20230913_153227_resampled_32kHz.wav,60.0,65.0,orca_call,0.03169719
416361,MARS_20230901_20230930_32kHz,MARS_20230913_153227_resampled_32kHz.wav,65.0,70.0,orca_call,0.38878044
416728,MARS_20230901_20230930_32kHz,MARS_20230929_120615_resampled_32kHz.wav,100.0,105.0,orca_call,0.09556974
417095,MARS_20230901_20230930_32kHz,MARS_20230901_122041_resampled_32kHz.wav,15.0,20.0,orca_call,0.5259382
417096,MARS_20230901_20230930_32kHz,MARS_20230901_122041_resampled_32kHz.wav,20.0,25.0,orca_call,0.44523752
417098,MARS_20230901_20230930_32kHz,MARS_20230901_122041_resampled_32kHz.wav,30.0,35.0,orca_call,0.7945522
417973,MARS_20230901_20230930_32kHz,MARS_20230925_180317_resampled_32kHz.wav,205.0,210.0,orca_call,0.15381509
418351,MARS_20230901_20230930_32kHz,MARS_20230921_113317_resampled_32kHz.wav,295.0,300.0,orca_call,0.04320971
419571,MARS_20230901_20230930_32kHz,MARS_20230915_120807_resampled_32kHz.wav,395.0,400.0,orca_call,0.3307884
419573,MARS_20230901_20230930_32kHz,MARS_20230915_120807_resampled_32kHz.wav,405.0,410.0,orca_call,0.8196889
419574,MARS_20230901_20230930_32kHz,MARS_20230915_120807_resampled_32kHz.wav,410.0,415.0,orca_call,0.24434
419576,MARS_20230901_20230930_32kHz,MARS_20230915_120807_resampled_32kHz.wav,420.0,425.0,orca_call,0.61560065
420166,MARS_20230901_20230930_32kHz,MARS_20230922_080317_resampled_32kHz.wav,370.0,375.0,orca_call,0.1998184
420207,MARS_20230901_20230930_32kHz,MARS_20230922_080317_resampled_32kHz.wav,575.0,580.0,orca_call,0.31462467
420780,MARS_20230901_20230930_32kHz,MARS_20230917_182054_resampled_32kHz.wav,440.0,445.0,orca_call,0.58415055
420781,MARS_20230901_20230930_32kHz,MARS_20230917_182054_resampled_32kHz.wav,445.0,450.0,orca_call,0.24548781
421392,MARS_20230901_20230930_32kHz,MARS_20230927_012615_resampled_32kHz.wav,500.0,505.0,orca_call,0.63591844
421394,MARS_20230901_20230930_32kHz,MARS_20230927_012615_resampled_32kHz.wav,510.0,515.0,orca_call,0.47989762
421679,MARS_20230901_20230930_32kHz,MARS_20230901_152041_resampled_32kHz.wav,135.0,140.0,orca_call,0.33745348
425186,MARS_20230901_20230930_32kHz,MARS_20230906_055857_resampled_32kHz.wav,270.0,275.0,orca_call,0.77814305
425193,MARS_20230901_20230930_32kHz,MARS_20230906_055857_resampled_32kHz.wav,305.0,310.0,orca_call,0.267366
425196,MARS_20230901_20230930_32kHz,MARS_20230906_055857_resampled_32kHz.wav,320.0,325.0,orca_call,0.16044647
425198,MARS_20230901_20230930_32kHz,MARS_20230906_055857_resampled_32kHz.wav,330.0,335.0,orca_call,0.084401794
425210,MARS_20230901_20230930_32kHz,MARS_20230906_055857_resampled_32kHz.wav,390.0,395.0,orca_call,0.19336063
425215,MARS_20230901_20230930_32kHz,MARS_20230906_055857_resampled_32kHz.wav,415.0,420.0,orca_call,0.004275359
425219,MARS_20230901_20230930_32kHz,MARS_20230906_055857_resampled_32kHz.wav,435.0,440.0,orca_call,0.35663372
425224,MARS_20230901_20230930_32kHz,MARS_20230906_055857_resampled_32kHz.wav,460.0,465.0,orca_call,0.33993313
425227,MARS_20230901_20230930_32kHz,MARS_20230906_055857_resampled_32kHz.wav,475.0,480.0,orca_call,0.7699932
427444,MARS_20230901_20230930_32kHz,MARS_20230929_054615_resampled_32kHz.wav,160.0,165.0,orca_call,0.1291224
427465,MARS_20230901_20230930_32kHz,MARS_20230929_054615_resampled_32kHz.wav,265.0,270.0,orca_call,0.6321521
427530,MARS_20230901_20230930_32kHz,MARS_20230929_054615_resampled_32kHz.wav,590.0,595.0,orca_call,0.12263691
428239,MARS_20230901_20230930_32kHz,MARS_20230927_071615_resampled_32kHz.wav,535.0,540.0,orca_call,0.06307439
432054,MARS_20230901_20230930_32kHz,MARS_20230928_114615_resampled_32kHz.wav,410.0,415.0,orca_call,1.8156317
432905,MARS_20230901_20230930_32kHz,MARS_20230925_045317_resampled_32kHz.wav,465.0,470.0,orca_call,0.28530058
432966,MARS_20230901_20230930_32kHz,MARS_20230927_141615_resampled_32kHz.wav,170.0,175.0,orca_call,0.60666573
433022,MARS_20230901_20230930_32kHz,MARS_20230927_141615_resampled_32kHz.wav,450.0,455.0,orca_call,0.13998213
433583,MARS_20230901_20230930_32kHz,MARS_20230922_101317_resampled_32kHz.wav,255.0,260.0,orca_call,0.23507279
433655,MARS_20230901_20230930_32kHz,MARS_20230917_080054_resampled_32kHz.wav,15.0,20.0,orca_call,0.12592125
434497,MARS_20230901_20230930_32kHz,MARS_20230902_113041_resampled_32kHz.wav,25.0,30.0,orca_call,0.13083115
434644,MARS_20230901_20230930_32kHz,MARS_20230920_015054_resampled_32kHz.wav,160.0,165.0,orca_call,0.034628794
434722,MARS_20230901_20230930_32kHz,MARS_20230920_015054_resampled_32kHz.wav,550.0,555.0,orca_call,0.16294661
435611,MARS_20230901_20230930_32kHz,MARS_20230922_092317_resampled_32kHz.wav,195.0,200.0,orca_call,0.98301506
435678,MARS_20230901_20230930_32kHz,MARS_20230922_092317_resampled_32kHz.wav,530.0,535.0,orca_call,0.5340092
436901,MARS_20230901_20230930_32kHz,MARS_20230922_093317_resampled_32kHz.wav,45.0,50.0,orca_call,0.041019745
436904,MARS_20230901_20230930_32kHz,MARS_20230922_093317_resampled_32kHz.wav,60.0,65.0,orca_call,0.24926552
436910,MARS_20230901_20230930_32kHz,MARS_20230922_093317_resampled_32kHz.wav,90.0,95.0,orca_call,0.6223034
438392,MARS_20230901_20230930_32kHz,MARS_20230915_180807_resampled_32kHz.wav,300.0,305.0,orca_call,0.3551254
438469,MARS_20230901_20230930_32kHz,MARS_20230922_033317_resampled_32kHz.wav,85.0,90.0,orca_call,0.16346437
438622,MARS_20230901_20230930_32kHz,MARS_20230901_181041_resampled_32kHz.wav,250.0,255.0,orca_call,0.5365228
440203,MARS_20230901_20230930_32kHz,MARS_20230922_004317_resampled_32kHz.wav,355.0,360.0,orca_call,0.0702663
441139,MARS_20230901_20230930_32kHz,MARS_20230922_012317_resampled_32kHz.wav,235.0,240.0,orca_call,0.25227964
441149,MARS_20230901_20230930_32kHz,MARS_20230922_012317_resampled_32kHz.wav,285.0,290.0,orca_call,0.30431753
441420,MARS_20230901_20230930_32kHz,MARS_20230916_024807_resampled_32kHz.wav,440.0,445.0,orca_call,0.3103215
441421,MARS_20230901_20230930_32kHz,MARS_20230916_024807_resampled_32kHz.wav,445.0,450.0,orca_call,0.13065463
441647,MARS_20230901_20230930_32kHz,MARS_20230905_182857_resampled_32kHz.wav,375.0,380.0,orca_call,0.6127801
443146,MARS_20230901_20230930_32kHz,MARS_20230921_210317_resampled_32kHz.wav,70.0,75.0,orca_call,1.4723688
443539,MARS_20230901_20230930_32kHz,MARS_20230901_114041_resampled_32kHz.wav,235.0,240.0,orca_call,0.098939694
443814,MARS_20230901_20230930_32kHz,MARS_20230929_084615_resampled_32kHz.wav,410.0,415.0,orca_call,1.9093894
443819,MARS_20230901_20230930_32kHz,MARS_20230929_084615_resampled_32kHz.wav,435.0,440.0,orca_call,0.103479095
444174,MARS_20230901_20230930_32kHz,MARS_20230918_152054_resampled_32kHz.wav,410.0,415.0,orca_call,0.39220998
445064,MARS_20230901_20230930_32kHz,MARS_20230918_094054_resampled_32kHz.wav,60.0,65.0,orca_call,0.32527825
446322,MARS_20230901_20230930_32kHz,MARS_20230921_072317_resampled_32kHz.wav,350.0,355.0,orca_call,0.3964689
447217,MARS_20230901_20230930_32kHz,MARS_20230930_173615_resampled_32kHz.wav,530.0,535.0,orca_call,0.13086116
449174,MARS_20230901_20230930_32kHz,MARS_20230901_121041_resampled_32kHz.wav,115.0,120.0,orca_call,0.44144332
451484,MARS_20230901_20230930_32kHz,MARS_20230909_212857_resampled_32kHz.wav,265.0,270.0,orca_call,0.12395049
451494,MARS_20230901_20230930_32kHz,MARS_20230909_212857_resampled_32kHz.wav,315.0,320.0,orca_call,0.46882766
452912,MARS_20230901_20230930_32kHz,MARS_20230926_093317_resampled_32kHz.wav,205.0,210.0,orca_call,0.44642586
454253,MARS_20230901_20230930_32kHz,MARS_20230914_030227_resampled_32kHz.wav,310.0,315.0,orca_call,0.03442403
454353,MARS_20230901_20230930_32kHz,MARS_20230909_202857_resampled_32kHz.wav,210.0,215.0,orca_call,0.15828666
454355,MARS_20230901_20230930_32kHz,MARS_20230909_202857_resampled_32kHz.wav,220.0,225.0,orca_call,0.58660054
454868,MARS_20230901_20230930_32kHz,MARS_20230902_111041_resampled_32kHz.wav,385.0,390.0,orca_call,0.048298903
455502,MARS_20230901_20230930_32kHz,MARS_20230930_201615_resampled_32kHz.wav,555.0,560.0,orca_call,1.0576806
455650,MARS_20230901_20230930_32kHz,MARS_20230927_140615_resampled_32kHz.wav,95.0,100.0,orca_call,0.01061333
455651,MARS_20230901_20230930_32kHz,MARS_20230927_140615_resampled_32kHz.wav,100.0,105.0,orca_call,0.61443156
455653,MARS_20230901_20230930_32kHz,MARS_20230927_140615_resampled_32kHz.wav,110.0,115.0,orca_call,0.46053505
455722,MARS_20230901_20230930_32kHz,MARS_20230927_140615_resampled_32kHz.wav,455.0,460.0,orca_call,0.42810208
455724,MARS_20230901_20230930_32kHz,MARS_20230927_140615_resampled_32kHz.wav,465.0,470.0,orca_call,0.092316516
455726,MARS_20230901_20230930_32kHz,MARS_20230927_140615_resampled_32kHz.wav,475.0,480.0,orca_call,1.203386
457045,MARS_20230901_20230930_32kHz,MARS_20230917_053054_resampled_32kHz.wav,470.0,475.0,orca_call,0.03528752
457299,MARS_20230901_20230930_32kHz,MARS_20230919_222054_resampled_32kHz.wav,540.0,545.0,orca_call,0.5733638
457310,MARS_20230901_20230930_32kHz,MARS_20230919_222054_resampled_32kHz.wav,595.0,600.0,orca_call,0.3558656
458053,MARS_20230901_20230930_32kHz,MARS_20230924_044317_resampled_32kHz.wav,110.0,115.0,orca_call,0.19090867
459419,MARS_20230901_20230930_32kHz,MARS_20230921_080317_resampled_32kHz.wav,340.0,345.0,orca_call,0.06046062
460848,MARS_20230901_20230930_32kHz,MARS_20230928_014615_resampled_32kHz.wav,285.0,290.0,orca_call,0.17630944
461135,MARS_20230901_20230930_32kHz,MARS_20230922_061317_resampled_32kHz.wav,520.0,525.0,orca_call,0.027271219
461940,MARS_20230901_20230930_32kHz,MARS_20230916_021807_resampled_32kHz.wav,345.0,350.0,orca_call,0.621956
461948,MARS_20230901_20230930_32kHz,MARS_20230916_021807_resampled_32kHz.wav,385.0,390.0,orca_call,0.5496427
462436,MARS_20230901_20230930_32kHz,MARS_20230920_033054_resampled_32kHz.wav,425.0,430.0,orca_call,0.17133352
462565,MARS_20230901_20230930_32kHz,MARS_20230919_202054_resampled_32kHz.wav,470.0,475.0,orca_call,1.1158527
464272,MARS_20230901_20230930_32kHz,MARS_20230927_065615_resampled_32kHz.wav,5.0,10.0,orca_call,0.05004076
464314,MARS_20230901_20230930_32kHz,MARS_20230927_065615_resampled_32kHz.wav,215.0,220.0,orca_call,0.40540844
464567,MARS_20230901_20230930_32kHz,MARS_20230916_072807_resampled_32kHz.wav,280.0,285.0,orca_call,1.305578
464568,MARS_20230901_20230930_32kHz,MARS_20230916_072807_resampled_32kHz.wav,285.0,290.0,orca_call,1.1045176
464569,MARS_20230901_20230930_32kHz,MARS_20230916_072807_resampled_32kHz.wav,290.0,295.0,orca_call,1.4123379
464571,MARS_20230901_20230930_32kHz,MARS_20230916_072807_resampled_32kHz.wav,300.0,305.0,orca_call,0.33726776
464574,MARS_20230901_20230930_32kHz,MARS_20230916_072807_resampled_32kHz.wav,315.0,320.0,orca_call,1.4352896
464581,MARS_20230901_20230930_32kHz,MARS_20230916_072807_resampled_32kHz.wav,350.0,355.0,orca_call,0.6682801
464592,MARS_20230901_20230930_32kHz,MARS_20230916_072807_resampled_32kHz.wav,405.0,410.0,orca_call,0.38281336
464593,MARS_20230901_20230930_32kHz,MARS_20230916_072807_resampled_32kHz.wav,410.0,415.0,orca_call,0.75827384
466850,MARS_20230901_20230930_32kHz,MARS_20230915_100807_resampled_32kHz.wav,295.0,300.0,orca_call,0.22549433
468956,MARS_20230901_20230930_32kHz,MARS_20230917_173054_resampled_32kHz.wav,25.0,30.0,orca_call,0.42391568
468958,MARS_20230901_20230930_32kHz,MARS_20230917_173054_resampled_32kHz.wav,35.0,40.0,orca_call,0.7646349
468959,MARS_20230901_20230930_32kHz,MARS_20230917_173054_resampled_32kHz.wav,40.0,45.0,orca_call,0.6862928
468962,MARS_20230901_20230930_32kHz,MARS_20230917_173054_resampled_32kHz.wav,55.0,60.0,orca_call,2.9823008
468963,MARS_20230901_20230930_32kHz,MARS_20230917_173054_resampled_32kHz.wav,60.0,65.0,orca_call,0.559016
468965,MARS_20230901_20230930_32kHz,MARS_20230917_173054_resampled_32kHz.wav,70.0,75.0,orca_call,0.27176982
468972,MARS_20230901_20230930_32kHz,MARS_20230917_173054_resampled_32kHz.wav,105.0,110.0,orca_call,0.07018795
468977,MARS_20230901_20230930_32kHz,MARS_20230917_173054_resampled_32kHz.wav,130.0,135.0,orca_call,0.44805586
468978,MARS_20230901_20230930_32kHz,MARS_20230917_173054_resampled_32kHz.wav,135.0,140.0,orca_call,0.31799263
469040,MARS_20230901_20230930_32kHz,MARS_20230917_173054_resampled_32kHz.wav,445.0,450.0,orca_call,0.23531562
471133,MARS_20230901_20230930_32kHz,MARS_20230920_023054_resampled_32kHz.wav,110.0,115.0,orca_call,0.13392699
471148,MARS_20230901_20230930_32kHz,MARS_20230920_023054_resampled_32kHz.wav,185.0,190.0,orca_call,0.004175268
471232,MARS_20230901_20230930_32kHz,MARS_20230930_193615_resampled_32kHz.wav,5.0,10.0,orca_call,0.35310015
471372,MARS_20230901_20230930_32kHz,MARS_20230921_173317_resampled_32kHz.wav,105.0,110.0,orca_call,0.11738939
471443,MARS_20230901_20230930_32kHz,MARS_20230921_173317_resampled_32kHz.wav,460.0,465.0,orca_call,0.20164436
472187,MARS_20230901_20230930_32kHz,MARS_20230917_021054_resampled_32kHz.wav,580.0,585.0,orca_call,0.42615116
476274,MARS_20230901_20230930_32kHz,MARS_20230929_184615_resampled_32kHz.wav,15.0,20.0,orca_call,1.0019045
476275,MARS_20230901_20230930_32kHz,MARS_20230929_184615_resampled_32kHz.wav,20.0,25.0,orca_call,0.93920624
476310,MARS_20230901_20230930_32kHz,MARS_20230929_184615_resampled_32kHz.wav,195.0,200.0,orca_call,1.6168056
476313,MARS_20230901_20230930_32kHz,MARS_20230929_184615_resampled_32kHz.wav,210.0,215.0,orca_call,1.3328632
476328,MARS_20230901_20230930_32kHz,MARS_20230929_184615_resampled_32kHz.wav,285.0,290.0,orca_call,1.153814
477560,MARS_20230901_20230930_32kHz,MARS_20230902_001041_resampled_32kHz.wav,445.0,450.0,orca_call,0.30606848
477585,MARS_20230901_20230930_32kHz,MARS_20230902_001041_resampled_32kHz.wav,570.0,575.0,orca_call,0.11916586
477791,MARS_20230901_20230930_32kHz,MARS_20230919_214054_resampled_32kHz.wav,400.0,405.0,orca_call,0.04091025
479067,MARS_20230901_20230930_32kHz,MARS_20230920_122054_resampled_32kHz.wav,180.0,185.0,orca_call,0.03463245
479140,MARS_20230901_20230930_32kHz,MARS_20230920_122054_resampled_32kHz.wav,545.0,550.0,orca_call,0.055102922
479149,MARS_20230901_20230930_32kHz,MARS_20230920_122054_resampled_32kHz.wav,590.0,595.0,orca_call,0.22319645
479174,MARS_20230901_20230930_32kHz,MARS_20230924_193317_resampled_32kHz.wav,115.0,120.0,orca_call,0.111682974
479190,MARS_20230901_20230930_32kHz,MARS_20230924_193317_resampled_32kHz.wav,195.0,200.0,orca_call,0.76264435
479217,MARS_20230901_20230930_32kHz,MARS_20230924_193317_resampled_32kHz.wav,330.0,335.0,orca_call,0.8581975
479570,MARS_20230901_20230930_32kHz,MARS_20230929_023615_resampled_32kHz.wav,295.0,300.0,orca_call,1.0493264
479592,MARS_20230901_20230930_32kHz,MARS_20230929_023615_resampled_32kHz.wav,405.0,410.0,orca_call,0.89472294
480232,MARS_20230901_20230930_32kHz,MARS_20230927_010615_resampled_32kHz.wav,5.0,10.0,orca_call,1.4469129
480235,MARS_20230901_20230930_32kHz,MARS_20230927_010615_resampled_32kHz.wav,20.0,25.0,orca_call,2.22816
480240,MARS_20230901_20230930_32kHz,MARS_20230927_010615_resampled_32kHz.wav,45.0,50.0,orca_call,0.58409244
480242,MARS_20230901_20230930_32kHz,MARS_20230927_010615_resampled_32kHz.wav,55.0,60.0,orca_call,0.096735545
480243,MARS_20230901_20230930_32kHz,MARS_20230927_010615_resampled_32kHz.wav,60.0,65.0,orca_call,1.0183991
480248,MARS_20230901_20230930_32kHz,MARS_20230927_010615_resampled_32kHz.wav,85.0,90.0,orca_call,1.0682387
480293,MARS_20230901_20230930_32kHz,MARS_20230927_010615_resampled_32kHz.wav,310.0,315.0,orca_call,0.391672
480296,MARS_20230901_20230930_32kHz,MARS_20230927_010615_resampled_32kHz.wav,325.0,330.0,orca_call,0.22556174
480341,MARS_20230901_20230930_32kHz,MARS_20230927_010615_resampled_32kHz.wav,550.0,555.0,orca_call,0.3603279
482233,MARS_20230901_20230930_32kHz,MARS_20230901_125041_resampled_32kHz.wav,410.0,415.0,orca_call,0.77060896
487038,MARS_20230901_20230930_32kHz,MARS_20230924_234317_resampled_32kHz.wav,435.0,440.0,orca_call,0.6286141
487407,MARS_20230901_20230930_32kHz,MARS_20230901_184041_resampled_32kHz.wav,480.0,485.0,orca_call,0.067881875
487575,MARS_20230901_20230930_32kHz,MARS_20230902_203041_resampled_32kHz.wav,120.0,125.0,orca_call,1.5634259
488881,MARS_20230901_20230930_32kHz,MARS_20230922_010317_resampled_32kHz.wav,50.0,55.0,orca_call,0.009076357
488883,MARS_20230901_20230930_32kHz,MARS_20230922_010317_resampled_32kHz.wav,60.0,65.0,orca_call,0.22934335
488888,MARS_20230901_20230930_32kHz,MARS_20230922_010317_resampled_32kHz.wav,85.0,90.0,orca_call,0.13528478
488891,MARS_20230901_20230930_32kHz,MARS_20230922_010317_resampled_32kHz.wav,100.0,105.0,orca_call,0.6822289
488893,MARS_20230901_20230930_32kHz,MARS_20230922_010317_resampled_32kHz.wav,110.0,115.0,orca_call,0.05068571
488911,MARS_20230901_20230930_32kHz,MARS_20230922_010317_resampled_32kHz.wav,200.0,205.0,orca_call,1.2048771
488912,MARS_20230901_20230930_32kHz,MARS_20230922_010317_resampled_32kHz.wav,205.0,210.0,orca_call,0.21872312
489749,MARS_20230901_20230930_32kHz,MARS_20230923_103317_resampled_32kHz.wav,190.0,195.0,orca_call,0.18006706
490591,MARS_20230901_20230930_32kHz,MARS_20230915_002227_resampled_32kHz.wav,200.0,205.0,orca_call,0.27341273
492653,MARS_20230901_20230930_32kHz,MARS_20230929_101615_resampled_32kHz.wav,310.0,315.0,orca_call,0.024202354
492666,MARS_20230901_20230930_32kHz,MARS_20230929_101615_resampled_32kHz.wav,375.0,380.0,orca_call,0.6714571
493476,MARS_20230901_20230930_32kHz,MARS_20230920_103054_resampled_32kHz.wav,225.0,230.0,orca_call,1.2060478
497444,MARS_20230901_20230930_32kHz,MARS_20230927_005615_resampled_32kHz.wav,265.0,270.0,orca_call,0.29350328
497454,MARS_20230901_20230930_32kHz,MARS_20230927_005615_resampled_32kHz.wav,315.0,320.0,orca_call,0.10032458
497461,MARS_20230901_20230930_32kHz,MARS_20230927_005615_resampled_32kHz.wav,350.0,355.0,orca_call,0.45898187
497496,MARS_20230901_20230930_32kHz,MARS_20230927_005615_resampled_32kHz.wav,525.0,530.0,orca_call,0.6930468
497497,MARS_20230901_20230930_32kHz,MARS_20230927_005615_resampled_32kHz.wav,530.0,535.0,orca_call,1.254899
497510,MARS_20230901_20230930_32kHz,MARS_20230927_005615_resampled_32kHz.wav,595.0,600.0,orca_call,1.9480413
497745,MARS_20230901_20230930_32kHz,MARS_20230906_054857_resampled_32kHz.wav,570.0,575.0,orca_call,0.22501826
498867,MARS_20230901_20230930_32kHz,MARS_20230930_204615_resampled_32kHz.wav,115.0,120.0,orca_call,0.8659544
498870,MARS_20230901_20230930_32kHz,MARS_20230930_204615_resampled_32kHz.wav,130.0,135.0,orca_call,0.9097391
499189,MARS_20230901_20230930_32kHz,MARS_20230925_085317_resampled_32kHz.wav,525.0,530.0,orca_call,0.66000354
499240,MARS_20230901_20230930_32kHz,MARS_20230920_050054_resampled_32kHz.wav,180.0,185.0,orca_call,0.1484929
499243,MARS_20230901_20230930_32kHz,MARS_20230920_050054_resampled_32kHz.wav,195.0,200.0,orca_call,0.2794769
499448,MARS_20230901_20230930_32kHz,MARS_20230923_084317_resampled_32kHz.wav,20.0,25.0,orca_call,0.10230226
499557,MARS_20230901_20230930_32kHz,MARS_20230923_084317_resampled_32kHz.wav,565.0,570.0,orca_call,0.09626063
499561,MARS_20230901_20230930_32kHz,MARS_20230923_084317_resampled_32kHz.wav,585.0,590.0,orca_call,0.044031195
501162,MARS_20230901_20230930_32kHz,MARS_20230916_181054_resampled_32kHz.wav,190.0,195.0,orca_call,0.9890405
501843,MARS_20230901_20230930_32kHz,MARS_20230921_110317_resampled_32kHz.wav,595.0,600.0,orca_call,0.24056393
502547,MARS_20230901_20230930_32kHz,MARS_20230901_112041_resampled_32kHz.wav,515.0,520.0,orca_call,0.8413415
503311,MARS_20230901_20230930_32kHz,MARS_20230928_115615_resampled_32kHz.wav,135.0,140.0,orca_call,0.5661476
503332,MARS_20230901_20230930_32kHz,MARS_20230928_115615_resampled_32kHz.wav,240.0,245.0,orca_call,0.74073994
503333,MARS_20230901_20230930_32kHz,MARS_20230928_115615_resampled_32kHz.wav,245.0,250.0,orca_call,0.95800376
503368,MARS_20230901_20230930_32kHz,MARS_20230928_115615_resampled_32kHz.wav,420.0,425.0,orca_call,0.5544416
503369,MARS_20230901_20230930_32kHz,MARS_20230928_115615_resampled_32kHz.wav,425.0,430.0,orca_call,0.9949486
503370,MARS_20230901_20230930_32kHz,MARS_20230928_115615_resampled_32kHz.wav,430.0,435.0,orca_call,2.4928575
503372,MARS_20230901_20230930_32kHz,MARS_20230928_115615_resampled_32kHz.wav,440.0,445.0,orca_call,2.7161412
503403,MARS_20230901_20230930_32kHz,MARS_20230928_115615_resampled_32kHz.wav,595.0,600.0,orca_call,0.077828236
504379,MARS_20230901_20230930_32kHz,MARS_20230919_181054_resampled_32kHz.wav,75.0,80.0,orca_call,0.2997279
505540,MARS_20230901_20230930_32kHz,MARS_20230919_235054_resampled_32kHz.wav,480.0,485.0,orca_call,0.071792684
507144,MARS_20230901_20230930_32kHz,MARS_20230901_151041_resampled_32kHz.wav,100.0,105.0,orca_call,0.39549568
507145,MARS_20230901_20230930_32kHz,MARS_20230901_151041_resampled_32kHz.wav,105.0,110.0,orca_call,1.0048512
507146,MARS_20230901_20230930_32kHz,MARS_20230901_151041_resampled_32kHz.wav,110.0,115.0,orca_call,1.579973
507147,MARS_20230901_20230930_32kHz,MARS_20230901_151041_resampled_32kHz.wav,115.0,120.0,orca_call,0.8402987
507158,MARS_20230901_20230930_32kHz,MARS_20230901_151041_resampled_32kHz.wav,170.0,175.0,orca_call,0.5226633
507159,MARS_20230901_20230930_32kHz,MARS_20230901_151041_resampled_32kHz.wav,175.0,180.0,orca_call,1.9770182
507165,MARS_20230901_20230930_32kHz,MARS_20230901_151041_resampled_32kHz.wav,205.0,210.0,orca_call,0.42276865
507209,MARS_20230901_20230930_32kHz,MARS_20230901_151041_resampled_32kHz.wav,425.0,430.0,orca_call,0.24019504
507230,MARS_20230901_20230930_32kHz,MARS_20230901_151041_resampled_32kHz.wav,530.0,535.0,orca_call,0.35775945
507237,MARS_20230901_20230930_32kHz,MARS_20230901_151041_resampled_32kHz.wav,565.0,570.0,orca_call,0.0154269785
507240,MARS_20230901_20230930_32kHz,MARS_20230901_151041_resampled_32kHz.wav,580.0,585.0,orca_call,0.099631004
507241,MARS_20230901_20230930_32kHz,MARS_20230901_151041_resampled_32kHz.wav,585.0,590.0,orca_call,0.6541348
507256,MARS_20230901_20230930_32kHz,MARS_20230921_111317_resampled_32kHz.wav,60.0,65.0,orca_call,0.05536378
507868,MARS_20230901_20230930_32kHz,MARS_20230906_072857_resampled_32kHz.wav,120.0,125.0,orca_call,0.880695
507939,MARS_20230901_20230930_32kHz,MARS_20230906_072857_resampled_32kHz.wav,475.0,480.0,orca_call,0.9267117
507943,MARS_20230901_20230930_32kHz,MARS_20230906_072857_resampled_32kHz.wav,495.0,500.0,orca_call,0.060800977
507945,MARS_20230901_20230930_32kHz,MARS_20230906_072857_resampled_32kHz.wav,505.0,510.0,orca_call,0.29027015
507956,MARS_20230901_20230930_32kHz,MARS_20230906_072857_resampled_32kHz.wav,560.0,565.0,orca_call,0.910413
507960,MARS_20230901_20230930_32kHz,MARS_20230906_072857_resampled_32kHz.wav,580.0,585.0,orca_call,0.5020017
508078,MARS_20230901_20230930_32kHz,MARS_20230921_130317_resampled_32kHz.wav,570.0,575.0,orca_call,0.1725893
