idx,project,filename,window_start,window_end,label,logits
941,MARS_20230901_20230930_32kHz,MARS_20230919_054054_resampled_32kHz.wav,500.0,505.0,orca_call,0.49463838
1083,MARS_20230901_20230930_32kHz,MARS_20230904_035041_resampled_32kHz.wav,10.0,15.0,orca_call,0.70738083
1201,MARS_20230901_20230930_32kHz,MARS_20230922_011317_resampled_32kHz.wav,0.0,5.0,orca_call,0.3102684
3008,MARS_20230901_20230930_32kHz,MARS_20230902_092041_resampled_32kHz.wav,35.0,40.0,orca_call,0.5415166
4304,MARS_20230901_20230930_32kHz,MARS_20230923_165317_resampled_32kHz.wav,515.0,520.0,orca_call,0.4368716
4305,MARS_20230901_20230930_32kHz,MARS_20230923_165317_resampled_32kHz.wav,520.0,525.0,orca_call,1.0032798
4461,MARS_20230901_20230930_32kHz,MARS_20230908_153857_resampled_32kHz.wav,100.0,105.0,orca_call,0.055766404
4462,MARS_20230901_20230930_32kHz,MARS_20230908_153857_resampled_32kHz.wav,105.0,110.0,orca_call,0.5652989
7419,MARS_20230901_20230930_32kHz,MARS_20230908_135857_resampled_32kHz.wav,490.0,495.0,orca_call,0.183771
8288,MARS_20230901_20230930_32kHz,MARS_20230919_220054_resampled_32kHz.wav,35.0,40.0,orca_call,0.86864305
8291,MARS_20230901_20230930_32kHz,MARS_20230919_220054_resampled_32kHz.wav,50.0,55.0,orca_call,0.66304994
8390,MARS_20230901_20230930_32kHz,MARS_20230919_220054_resampled_32kHz.wav,545.0,550.0,orca_call,0.8054308
8393,MARS_20230901_20230930_32kHz,MARS_20230919_220054_resampled_32kHz.wav,560.0,565.0,orca_call,0.13161053
8394,MARS_20230901_20230930_32kHz,MARS_20230919_220054_resampled_32kHz.wav,565.0,570.0,orca_call,0.059790954
10719,MARS_20230901_20230930_32kHz,MARS_20230913_143227_resampled_32kHz.wav,115.0,120.0,orca_call,0.2656176
10764,MARS_20230901_20230930_32kHz,MARS_20230913_143227_resampled_32kHz.wav,340.0,345.0,orca_call,0.09128891
12333,MARS_20230901_20230930_32kHz,MARS_20230918_151054_resampled_32kHz.wav,385.0,390.0,orca_call,1.8771966
15462,MARS_20230901_20230930_32kHz,MARS_20230906_003857_resampled_32kHz.wav,430.0,435.0,orca_call,0.23063143
20436,MARS_20230901_20230930_32kHz,MARS_20230926_005317_resampled_32kHz.wav,125.0,130.0,orca_call,0.829531
20555,MARS_20230901_20230930_32kHz,MARS_20230915_092807_resampled_32kHz.wav,120.0,125.0,orca_call,0.36165953
22981,MARS_20230901_20230930_32kHz,MARS_20230928_203615_resampled_32kHz.wav,250.0,255.0,orca_call,0.7118688
22983,MARS_20230901_20230930_32kHz,MARS_20230928_203615_resampled_32kHz.wav,260.0,265.0,orca_call,0.68228424
22986,MARS_20230901_20230930_32kHz,MARS_20230928_203615_resampled_32kHz.wav,275.0,280.0,orca_call,0.10506186
24994,MARS_20230901_20230930_32kHz,MARS_20230922_103317_resampled_32kHz.wav,115.0,120.0,orca_call,2.028589
24996,MARS_20230901_20230930_32kHz,MARS_20230922_103317_resampled_32kHz.wav,125.0,130.0,orca_call,0.6241121
25078,MARS_20230901_20230930_32kHz,MARS_20230922_103317_resampled_32kHz.wav,535.0,540.0,orca_call,0.082078144
25079,MARS_20230901_20230930_32kHz,MARS_20230922_103317_resampled_32kHz.wav,540.0,545.0,orca_call,0.030605406
25085,MARS_20230901_20230930_32kHz,MARS_20230922_103317_resampled_32kHz.wav,570.0,575.0,orca_call,0.739915
25086,MARS_20230901_20230930_32kHz,MARS_20230922_103317_resampled_32kHz.wav,575.0,580.0,orca_call,0.656883
25482,MARS_20230901_20230930_32kHz,MARS_20230919_023054_resampled_32kHz.wav,155.0,160.0,orca_call,0.0022124797
27752,MARS_20230901_20230930_32kHz,MARS_20230901_000041_resampled_32kHz.wav,105.0,110.0,orca_call,1.0881736
27776,MARS_20230901_20230930_32kHz,MARS_20230901_000041_resampled_32kHz.wav,225.0,230.0,orca_call,1.2221594
27993,MARS_20230901_20230930_32kHz,MARS_20230901_082041_resampled_32kHz.wav,110.0,115.0,orca_call,0.0011445433
28348,MARS_20230901_20230930_32kHz,MARS_20230927_060615_resampled_32kHz.wav,85.0,90.0,orca_call,0.023038581
29518,MARS_20230901_20230930_32kHz,MARS_20230917_151054_resampled_32kHz.wav,535.0,540.0,orca_call,0.082922995
29524,MARS_20230901_20230930_32kHz,MARS_20230917_151054_resampled_32kHz.wav,565.0,570.0,orca_call,0.9484322
30113,MARS_20230901_20230930_32kHz,MARS_20230902_053041_resampled_32kHz.wav,510.0,515.0,orca_call,0.64905524
33327,MARS_20230901_20230930_32kHz,MARS_20230927_055615_resampled_32kHz.wav,375.0,380.0,orca_call,0.892928
34894,MARS_20230901_20230930_32kHz,MARS_20230922_162317_resampled_32kHz.wav,410.0,415.0,orca_call,1.5301408
35401,MARS_20230901_20230930_32kHz,MARS_20230927_160615_resampled_32kHz.wav,545.0,550.0,orca_call,0.9701035
35420,MARS_20230901_20230930_32kHz,MARS_20230906_074857_resampled_32kHz.wav,40.0,45.0,orca_call,0.9249382
35444,MARS_20230901_20230930_32kHz,MARS_20230906_074857_resampled_32kHz.wav,160.0,165.0,orca_call,2.5395985
35459,MARS_20230901_20230930_32kHz,MARS_20230906_074857_resampled_32kHz.wav,235.0,240.0,orca_call,2.3365638
35463,MARS_20230901_20230930_32kHz,MARS_20230906_074857_resampled_32kHz.wav,255.0,260.0,orca_call,1.7630492
35467,MARS_20230901_20230930_32kHz,MARS_20230906_074857_resampled_32kHz.wav,275.0,280.0,orca_call,0.34432614
35519,MARS_20230901_20230930_32kHz,MARS_20230906_074857_resampled_32kHz.wav,535.0,540.0,orca_call,0.50606936
35521,MARS_20230901_20230930_32kHz,MARS_20230906_074857_resampled_32kHz.wav,545.0,550.0,orca_call,0.27226698
35525,MARS_20230901_20230930_32kHz,MARS_20230906_074857_resampled_32kHz.wav,565.0,570.0,orca_call,0.03476025
35528,MARS_20230901_20230930_32kHz,MARS_20230906_074857_resampled_32kHz.wav,580.0,585.0,orca_call,0.45367742
38159,MARS_20230901_20230930_32kHz,MARS_20230924_004317_resampled_32kHz.wav,535.0,540.0,orca_call,0.03449507
39919,MARS_20230901_20230930_32kHz,MARS_20230905_195857_resampled_32kHz.wav,565.0,570.0,orca_call,0.23446761
40793,MARS_20230901_20230930_32kHz,MARS_20230922_194317_resampled_32kHz.wav,135.0,140.0,orca_call,0.7186218
41153,MARS_20230901_20230930_32kHz,MARS_20230930_034615_resampled_32kHz.wav,135.0,140.0,orca_call,0.20512722
41233,MARS_20230901_20230930_32kHz,MARS_20230930_034615_resampled_32kHz.wav,535.0,540.0,orca_call,0.0010629892
41436,MARS_20230901_20230930_32kHz,MARS_20230913_113227_resampled_32kHz.wav,350.0,355.0,orca_call,1.1487724
41672,MARS_20230901_20230930_32kHz,MARS_20230925_083317_resampled_32kHz.wav,330.0,335.0,orca_call,1.0854348
42210,MARS_20230901_20230930_32kHz,MARS_20230906_073857_resampled_32kHz.wav,20.0,25.0,orca_call,0.8626349
42256,MARS_20230901_20230930_32kHz,MARS_20230906_073857_resampled_32kHz.wav,250.0,255.0,orca_call,2.6505187
42263,MARS_20230901_20230930_32kHz,MARS_20230906_073857_resampled_32kHz.wav,285.0,290.0,orca_call,1.389676
42265,MARS_20230901_20230930_32kHz,MARS_20230906_073857_resampled_32kHz.wav,295.0,300.0,orca_call,0.6325779
42276,MARS_20230901_20230930_32kHz,MARS_20230906_073857_resampled_32kHz.wav,350.0,355.0,orca_call,1.19803
42284,MARS_20230901_20230930_32kHz,MARS_20230906_073857_resampled_32kHz.wav,390.0,395.0,orca_call,1.0768049
42295,MARS_20230901_20230930_32kHz,MARS_20230906_073857_resampled_32kHz.wav,445.0,450.0,orca_call,0.9676571
44071,MARS_20230901_20230930_32kHz,MARS_20230922_182317_resampled_32kHz.wav,325.0,330.0,orca_call,0.18499236
44249,MARS_20230901_20230930_32kHz,MARS_20230920_131054_resampled_32kHz.wav,15.0,20.0,orca_call,0.16001914
45758,MARS_20230901_20230930_32kHz,MARS_20230908_134857_resampled_32kHz.wav,360.0,365.0,orca_call,0.61225146
45827,MARS_20230901_20230930_32kHz,MARS_20230914_204227_resampled_32kHz.wav,105.0,110.0,orca_call,1.2338276
45837,MARS_20230901_20230930_32kHz,MARS_20230914_204227_resampled_32kHz.wav,155.0,160.0,orca_call,1.5919294
45850,MARS_20230901_20230930_32kHz,MARS_20230914_204227_resampled_32kHz.wav,220.0,225.0,orca_call,0.4531479
46177,MARS_20230901_20230930_32kHz,MARS_20230902_222041_resampled_32kHz.wav,55.0,60.0,orca_call,0.4697383
46538,MARS_20230901_20230930_32kHz,MARS_20230917_094054_resampled_32kHz.wav,60.0,65.0,orca_call,1.0146229
46539,MARS_20230901_20230930_32kHz,MARS_20230917_094054_resampled_32kHz.wav,65.0,70.0,orca_call,2.3066442
46556,MARS_20230901_20230930_32kHz,MARS_20230917_094054_resampled_32kHz.wav,150.0,155.0,orca_call,1.0759991
46576,MARS_20230901_20230930_32kHz,MARS_20230917_094054_resampled_32kHz.wav,250.0,255.0,orca_call,1.5051131
46585,MARS_20230901_20230930_32kHz,MARS_20230917_094054_resampled_32kHz.wav,295.0,300.0,orca_call,0.77625316
47972,MARS_20230901_20230930_32kHz,MARS_20230930_040615_resampled_32kHz.wav,30.0,35.0,orca_call,0.6849973
52317,MARS_20230901_20230930_32kHz,MARS_20230923_085317_resampled_32kHz.wav,155.0,160.0,orca_call,0.10908918
54433,MARS_20230901_20230930_32kHz,MARS_20230928_200615_resampled_32kHz.wav,535.0,540.0,orca_call,0.0458923
54434,MARS_20230901_20230930_32kHz,MARS_20230928_200615_resampled_32kHz.wav,540.0,545.0,orca_call,0.076110855
54880,MARS_20230901_20230930_32kHz,MARS_20230927_044615_resampled_32kHz.wav,370.0,375.0,orca_call,0.9055158
55650,MARS_20230901_20230930_32kHz,MARS_20230906_075857_resampled_32kHz.wav,20.0,25.0,orca_call,0.5434679
55654,MARS_20230901_20230930_32kHz,MARS_20230906_075857_resampled_32kHz.wav,40.0,45.0,orca_call,0.7186534
55656,MARS_20230901_20230930_32kHz,MARS_20230906_075857_resampled_32kHz.wav,50.0,55.0,orca_call,1.9981282
55708,MARS_20230901_20230930_32kHz,MARS_20230906_075857_resampled_32kHz.wav,310.0,315.0,orca_call,2.6545022
55710,MARS_20230901_20230930_32kHz,MARS_20230906_075857_resampled_32kHz.wav,320.0,325.0,orca_call,0.62162024
55722,MARS_20230901_20230930_32kHz,MARS_20230906_075857_resampled_32kHz.wav,380.0,385.0,orca_call,0.21654718
55729,MARS_20230901_20230930_32kHz,MARS_20230906_075857_resampled_32kHz.wav,415.0,420.0,orca_call,2.7795112
55732,MARS_20230901_20230930_32kHz,MARS_20230906_075857_resampled_32kHz.wav,430.0,435.0,orca_call,2.1934445
55734,MARS_20230901_20230930_32kHz,MARS_20230906_075857_resampled_32kHz.wav,440.0,445.0,orca_call,0.9280164
55735,MARS_20230901_20230930_32kHz,MARS_20230906_075857_resampled_32kHz.wav,445.0,450.0,orca_call,0.50064343
55743,MARS_20230901_20230930_32kHz,MARS_20230906_075857_resampled_32kHz.wav,485.0,490.0,orca_call,0.015813991
56149,MARS_20230901_20230930_32kHz,MARS_20230920_012054_resampled_32kHz.wav,115.0,120.0,orca_call,3.04309
56191,MARS_20230901_20230930_32kHz,MARS_20230920_012054_resampled_32kHz.wav,325.0,330.0,orca_call,0.17742835
58857,MARS_20230901_20230930_32kHz,MARS_20230923_195317_resampled_32kHz.wav,455.0,460.0,orca_call,1.5326955
58882,MARS_20230901_20230930_32kHz,MARS_20230923_195317_resampled_32kHz.wav,580.0,585.0,orca_call,0.43615812
59533,MARS_20230901_20230930_32kHz,MARS_20230920_141054_resampled_32kHz.wav,235.0,240.0,orca_call,0.19161914
59563,MARS_20230901_20230930_32kHz,MARS_20230920_141054_resampled_32kHz.wav,385.0,390.0,orca_call,0.7152606
63158,MARS_20230901_20230930_32kHz,MARS_20230927_171615_resampled_32kHz.wav,360.0,365.0,orca_call,1.2754596
65501,MARS_20230901_20230930_32kHz,MARS_20230922_055317_resampled_32kHz.wav,75.0,80.0,orca_call,1.1525849
65525,MARS_20230901_20230930_32kHz,MARS_20230922_055317_resampled_32kHz.wav,195.0,200.0,orca_call,1.0191891
65580,MARS_20230901_20230930_32kHz,MARS_20230922_055317_resampled_32kHz.wav,470.0,475.0,orca_call,1.9419577
65604,MARS_20230901_20230930_32kHz,MARS_20230922_055317_resampled_32kHz.wav,590.0,595.0,orca_call,0.8880904
66165,MARS_20230901_20230930_32kHz,MARS_20230915_023227_resampled_32kHz.wav,395.0,400.0,orca_call,1.4466988
66774,MARS_20230901_20230930_32kHz,MARS_20230922_183317_resampled_32kHz.wav,440.0,445.0,orca_call,1.1090672
66783,MARS_20230901_20230930_32kHz,MARS_20230922_183317_resampled_32kHz.wav,485.0,490.0,orca_call,0.73761094
67243,MARS_20230901_20230930_32kHz,MARS_20230923_163317_resampled_32kHz.wav,385.0,390.0,orca_call,0.13185193
67247,MARS_20230901_20230930_32kHz,MARS_20230923_163317_resampled_32kHz.wav,405.0,410.0,orca_call,1.2437065
67872,MARS_20230901_20230930_32kHz,MARS_20230927_011615_resampled_32kHz.wav,530.0,535.0,orca_call,0.16803814
69425,MARS_20230901_20230930_32kHz,MARS_20230921_125317_resampled_32kHz.wav,495.0,500.0,orca_call,2.149085
69972,MARS_20230901_20230930_32kHz,MARS_20230901_055041_resampled_32kHz.wav,230.0,235.0,orca_call,0.6921847
69979,MARS_20230901_20230930_32kHz,MARS_20230901_055041_resampled_32kHz.wav,265.0,270.0,orca_call,0.39388627
70088,MARS_20230901_20230930_32kHz,MARS_20230929_022615_resampled_32kHz.wav,210.0,215.0,orca_call,0.78680325
70115,MARS_20230901_20230930_32kHz,MARS_20230929_022615_resampled_32kHz.wav,345.0,350.0,orca_call,0.9421191
70119,MARS_20230901_20230930_32kHz,MARS_20230929_022615_resampled_32kHz.wav,365.0,370.0,orca_call,0.11711164
70151,MARS_20230901_20230930_32kHz,MARS_20230929_022615_resampled_32kHz.wav,525.0,530.0,orca_call,0.1247143
71611,MARS_20230901_20230930_32kHz,MARS_20230916_192054_resampled_32kHz.wav,25.0,30.0,orca_call,0.15688322
71613,MARS_20230901_20230930_32kHz,MARS_20230916_192054_resampled_32kHz.wav,35.0,40.0,orca_call,1.117078
71630,MARS_20230901_20230930_32kHz,MARS_20230916_192054_resampled_32kHz.wav,120.0,125.0,orca_call,0.3911596
71632,MARS_20230901_20230930_32kHz,MARS_20230916_192054_resampled_32kHz.wav,130.0,135.0,orca_call,2.5254571
71633,MARS_20230901_20230930_32kHz,MARS_20230916_192054_resampled_32kHz.wav,135.0,140.0,orca_call,0.6386219
71637,MARS_20230901_20230930_32kHz,MARS_20230916_192054_resampled_32kHz.wav,155.0,160.0,orca_call,0.08661641
71704,MARS_20230901_20230930_32kHz,MARS_20230916_192054_resampled_32kHz.wav,490.0,495.0,orca_call,0.49032027
73959,MARS_20230901_20230930_32kHz,MARS_20230906_094857_resampled_32kHz.wav,365.0,370.0,orca_call,1.0712328
73965,MARS_20230901_20230930_32kHz,MARS_20230906_094857_resampled_32kHz.wav,395.0,400.0,orca_call,0.55302155
73975,MARS_20230901_20230930_32kHz,MARS_20230906_094857_resampled_32kHz.wav,445.0,450.0,orca_call,3.6025896
73977,MARS_20230901_20230930_32kHz,MARS_20230906_094857_resampled_32kHz.wav,455.0,460.0,orca_call,2.4145858
73979,MARS_20230901_20230930_32kHz,MARS_20230906_094857_resampled_32kHz.wav,465.0,470.0,orca_call,1.7127795
73981,MARS_20230901_20230930_32kHz,MARS_20230906_094857_resampled_32kHz.wav,475.0,480.0,orca_call,0.7216787
73990,MARS_20230901_20230930_32kHz,MARS_20230906_094857_resampled_32kHz.wav,520.0,525.0,orca_call,0.6577765
74000,MARS_20230901_20230930_32kHz,MARS_20230906_094857_resampled_32kHz.wav,570.0,575.0,orca_call,0.66764
74251,MARS_20230901_20230930_32kHz,MARS_20230929_183615_resampled_32kHz.wav,25.0,30.0,orca_call,0.9944298
74264,MARS_20230901_20230930_32kHz,MARS_20230929_183615_resampled_32kHz.wav,90.0,95.0,orca_call,0.49412858
74266,MARS_20230901_20230930_32kHz,MARS_20230929_183615_resampled_32kHz.wav,100.0,105.0,orca_call,1.0912132
74302,MARS_20230901_20230930_32kHz,MARS_20230929_183615_resampled_32kHz.wav,280.0,285.0,orca_call,0.75769573
74303,MARS_20230901_20230930_32kHz,MARS_20230929_183615_resampled_32kHz.wav,285.0,290.0,orca_call,1.8092784
74305,MARS_20230901_20230930_32kHz,MARS_20230929_183615_resampled_32kHz.wav,295.0,300.0,orca_call,0.8252063
74310,MARS_20230901_20230930_32kHz,MARS_20230929_183615_resampled_32kHz.wav,320.0,325.0,orca_call,2.6281505
74312,MARS_20230901_20230930_32kHz,MARS_20230929_183615_resampled_32kHz.wav,330.0,335.0,orca_call,1.4082248
74318,MARS_20230901_20230930_32kHz,MARS_20230929_183615_resampled_32kHz.wav,360.0,365.0,orca_call,2.1168013
74332,MARS_20230901_20230930_32kHz,MARS_20230929_183615_resampled_32kHz.wav,430.0,435.0,orca_call,0.6266967
74337,MARS_20230901_20230930_32kHz,MARS_20230929_183615_resampled_32kHz.wav,455.0,460.0,orca_call,0.96509993
74342,MARS_20230901_20230930_32kHz,MARS_20230929_183615_resampled_32kHz.wav,480.0,485.0,orca_call,2.633074
74359,MARS_20230901_20230930_32kHz,MARS_20230929_183615_resampled_32kHz.wav,565.0,570.0,orca_call,1.3034878
74362,MARS_20230901_20230930_32kHz,MARS_20230929_183615_resampled_32kHz.wav,580.0,585.0,orca_call,0.32313746
74364,MARS_20230901_20230930_32kHz,MARS_20230929_183615_resampled_32kHz.wav,590.0,595.0,orca_call,2.7306244
74365,MARS_20230901_20230930_32kHz,MARS_20230929_183615_resampled_32kHz.wav,595.0,600.0,orca_call,1.3194785
82007,MARS_20230901_20230930_32kHz,MARS_20230906_230857_resampled_32kHz.wav,405.0,410.0,orca_call,0.036687747
82222,MARS_20230901_20230930_32kHz,MARS_20230930_033615_resampled_32kHz.wav,280.0,285.0,orca_call,0.07905015
83806,MARS_20230901_20230930_32kHz,MARS_20230916_042807_resampled_32kHz.wav,400.0,405.0,orca_call,0.15320848
83808,MARS_20230901_20230930_32kHz,MARS_20230916_042807_resampled_32kHz.wav,410.0,415.0,orca_call,1.255506
83809,MARS_20230901_20230930_32kHz,MARS_20230916_042807_resampled_32kHz.wav,415.0,420.0,orca_call,0.379265
84263,MARS_20230901_20230930_32kHz,MARS_20230906_005857_resampled_32kHz.wav,285.0,290.0,orca_call,1.059845
84264,MARS_20230901_20230930_32kHz,MARS_20230906_005857_resampled_32kHz.wav,290.0,295.0,orca_call,0.07544288
84266,MARS_20230901_20230930_32kHz,MARS_20230906_005857_resampled_32kHz.wav,300.0,305.0,orca_call,0.5831187
84281,MARS_20230901_20230930_32kHz,MARS_20230906_005857_resampled_32kHz.wav,375.0,380.0,orca_call,0.16240148
84286,MARS_20230901_20230930_32kHz,MARS_20230906_005857_resampled_32kHz.wav,400.0,405.0,orca_call,0.83840305
87251,MARS_20230901_20230930_32kHz,MARS_20230920_045054_resampled_32kHz.wav,225.0,230.0,orca_call,0.12921102
87297,MARS_20230901_20230930_32kHz,MARS_20230920_045054_resampled_32kHz.wav,455.0,460.0,orca_call,1.7515286
87709,MARS_20230901_20230930_32kHz,MARS_20230917_100054_resampled_32kHz.wav,115.0,120.0,orca_call,0.00030502677
87727,MARS_20230901_20230930_32kHz,MARS_20230917_100054_resampled_32kHz.wav,205.0,210.0,orca_call,0.02984105
88668,MARS_20230901_20230930_32kHz,MARS_20230929_055615_resampled_32kHz.wav,110.0,115.0,orca_call,1.3196169
89054,MARS_20230901_20230930_32kHz,MARS_20230920_135054_resampled_32kHz.wav,240.0,245.0,orca_call,0.41099
89593,MARS_20230901_20230930_32kHz,MARS_20230906_105857_resampled_32kHz.wav,535.0,540.0,orca_call,2.2283533
89598,MARS_20230901_20230930_32kHz,MARS_20230906_105857_resampled_32kHz.wav,560.0,565.0,orca_call,0.35354936
89601,MARS_20230901_20230930_32kHz,MARS_20230906_105857_resampled_32kHz.wav,575.0,580.0,orca_call,1.5435127
90164,MARS_20230901_20230930_32kHz,MARS_20230926_085317_resampled_32kHz.wav,390.0,395.0,orca_call,1.0643014
90170,MARS_20230901_20230930_32kHz,MARS_20230926_085317_resampled_32kHz.wav,420.0,425.0,orca_call,0.85552955
90189,MARS_20230901_20230930_32kHz,MARS_20230926_085317_resampled_32kHz.wav,515.0,520.0,orca_call,0.99682176
91575,MARS_20230901_20230930_32kHz,MARS_20230919_061054_resampled_32kHz.wav,245.0,250.0,orca_call,0.09373951
91937,MARS_20230901_20230930_32kHz,MARS_20230901_001041_resampled_32kHz.wav,255.0,260.0,orca_call,0.06084399
93933,MARS_20230901_20230930_32kHz,MARS_20230919_185054_resampled_32kHz.wav,35.0,40.0,orca_call,0.31853956
94276,MARS_20230901_20230930_32kHz,MARS_20230919_232054_resampled_32kHz.wav,550.0,555.0,orca_call,0.11881371
94947,MARS_20230901_20230930_32kHz,MARS_20230927_163615_resampled_32kHz.wav,305.0,310.0,orca_call,0.2536778
95604,MARS_20230901_20230930_32kHz,MARS_20230901_034041_resampled_32kHz.wav,590.0,595.0,orca_call,0.1482984
95909,MARS_20230901_20230930_32kHz,MARS_20230920_091054_resampled_32kHz.wav,315.0,320.0,orca_call,0.016356409
99029,MARS_20230901_20230930_32kHz,MARS_20230921_115317_resampled_32kHz.wav,315.0,320.0,orca_call,0.34245014
99201,MARS_20230901_20230930_32kHz,MARS_20230902_035041_resampled_32kHz.wav,575.0,580.0,orca_call,0.6946206
100091,MARS_20230901_20230930_32kHz,MARS_20230929_122615_resampled_32kHz.wav,225.0,230.0,orca_call,0.060104683
100109,MARS_20230901_20230930_32kHz,MARS_20230929_122615_resampled_32kHz.wav,315.0,320.0,orca_call,1.0391179
100110,MARS_20230901_20230930_32kHz,MARS_20230929_122615_resampled_32kHz.wav,320.0,325.0,orca_call,1.7267118
101451,MARS_20230901_20230930_32kHz,MARS_20230920_040054_resampled_32kHz.wav,425.0,430.0,orca_call,0.14738359
102944,MARS_20230901_20230930_32kHz,MARS_20230901_130041_resampled_32kHz.wav,90.0,95.0,orca_call,0.87013817
103289,MARS_20230901_20230930_32kHz,MARS_20230902_093041_resampled_32kHz.wav,15.0,20.0,orca_call,0.26345593
103646,MARS_20230901_20230930_32kHz,MARS_20230906_103857_resampled_32kHz.wav,0.0,5.0,orca_call,0.56859094
103661,MARS_20230901_20230930_32kHz,MARS_20230906_103857_resampled_32kHz.wav,75.0,80.0,orca_call,0.087078944
103908,MARS_20230901_20230930_32kHz,MARS_20230921_170317_resampled_32kHz.wav,110.0,115.0,orca_call,0.14297046
103945,MARS_20230901_20230930_32kHz,MARS_20230921_170317_resampled_32kHz.wav,295.0,300.0,orca_call,0.9741894
103949,MARS_20230901_20230930_32kHz,MARS_20230921_170317_resampled_32kHz.wav,315.0,320.0,orca_call,0.9568571
103953,MARS_20230901_20230930_32kHz,MARS_20230921_170317_resampled_32kHz.wav,335.0,340.0,orca_call,0.5763116
103956,MARS_20230901_20230930_32kHz,MARS_20230921_170317_resampled_32kHz.wav,350.0,355.0,orca_call,0.360479
103957,MARS_20230901_20230930_32kHz,MARS_20230921_170317_resampled_32kHz.wav,355.0,360.0,orca_call,0.21341746
104000,MARS_20230901_20230930_32kHz,MARS_20230921_170317_resampled_32kHz.wav,570.0,575.0,orca_call,3.35567
104001,MARS_20230901_20230930_32kHz,MARS_20230921_170317_resampled_32kHz.wav,575.0,580.0,orca_call,0.31923765
104002,MARS_20230901_20230930_32kHz,MARS_20230921_170317_resampled_32kHz.wav,580.0,585.0,orca_call,1.4794668
106601,MARS_20230901_20230930_32kHz,MARS_20230905_201857_resampled_32kHz.wav,375.0,380.0,orca_call,0.043905184
106662,MARS_20230901_20230930_32kHz,MARS_20230906_082857_resampled_32kHz.wav,80.0,85.0,orca_call,0.40695208
106664,MARS_20230901_20230930_32kHz,MARS_20230906_082857_resampled_32kHz.wav,90.0,95.0,orca_call,1.1743313
106677,MARS_20230901_20230930_32kHz,MARS_20230906_082857_resampled_32kHz.wav,155.0,160.0,orca_call,0.44427466
106746,MARS_20230901_20230930_32kHz,MARS_20230906_082857_resampled_32kHz.wav,500.0,505.0,orca_call,0.24091505
106751,MARS_20230901_20230930_32kHz,MARS_20230906_082857_resampled_32kHz.wav,525.0,530.0,orca_call,1.3076825
106753,MARS_20230901_20230930_32kHz,MARS_20230906_082857_resampled_32kHz.wav,535.0,540.0,orca_call,1.2278754
106762,MARS_20230901_20230930_32kHz,MARS_20230906_082857_resampled_32kHz.wav,580.0,585.0,orca_call,0.48967153
108290,MARS_20230901_20230930_32kHz,MARS_20230930_183615_resampled_32kHz.wav,420.0,425.0,orca_call,1.0440717
111025,MARS_20230901_20230930_32kHz,MARS_20230915_065807_resampled_32kHz.wav,295.0,300.0,orca_call,0.498892
111218,MARS_20230901_20230930_32kHz,MARS_20230924_070317_resampled_32kHz.wav,60.0,65.0,orca_call,0.8103864
111689,MARS_20230901_20230930_32kHz,MARS_20230905_192857_resampled_32kHz.wav,15.0,20.0,orca_call,1.212978
111954,MARS_20230901_20230930_32kHz,MARS_20230924_204317_resampled_32kHz.wav,140.0,145.0,orca_call,0.14304493
113156,MARS_20230901_20230930_32kHz,MARS_20230927_162615_resampled_32kHz.wav,150.0,155.0,orca_call,0.03326969
114495,MARS_20230901_20230930_32kHz,MARS_20230901_063041_resampled_32kHz.wav,245.0,250.0,orca_call,0.080706656
115982,MARS_20230901_20230930_32kHz,MARS_20230901_194041_resampled_32kHz.wav,480.0,485.0,orca_call,0.0410534
115983,MARS_20230901_20230930_32kHz,MARS_20230901_194041_resampled_32kHz.wav,485.0,490.0,orca_call,0.88450813
118109,MARS_20230901_20230930_32kHz,MARS_20230901_104041_resampled_32kHz.wav,315.0,320.0,orca_call,0.55402505
119969,MARS_20230901_20230930_32kHz,MARS_20230920_035054_resampled_32kHz.wav,15.0,20.0,orca_call,1.2616386
120032,MARS_20230901_20230930_32kHz,MARS_20230920_035054_resampled_32kHz.wav,330.0,335.0,orca_call,0.5183527
120488,MARS_20230901_20230930_32kHz,MARS_20230902_192041_resampled_32kHz.wav,210.0,215.0,orca_call,0.47072536
120489,MARS_20230901_20230930_32kHz,MARS_20230902_192041_resampled_32kHz.wav,215.0,220.0,orca_call,0.62156606
125182,MARS_20230901_20230930_32kHz,MARS_20230902_054041_resampled_32kHz.wav,280.0,285.0,orca_call,0.37921405
125192,MARS_20230901_20230930_32kHz,MARS_20230902_054041_resampled_32kHz.wav,330.0,335.0,orca_call,0.9813218
125206,MARS_20230901_20230930_32kHz,MARS_20230902_054041_resampled_32kHz.wav,400.0,405.0,orca_call,1.5441574
125208,MARS_20230901_20230930_32kHz,MARS_20230902_054041_resampled_32kHz.wav,410.0,415.0,orca_call,2.1669505
125221,MARS_20230901_20230930_32kHz,MARS_20230902_054041_resampled_32kHz.wav,475.0,480.0,orca_call,2.2267094
125222,MARS_20230901_20230930_32kHz,MARS_20230902_054041_resampled_32kHz.wav,480.0,485.0,orca_call,1.9624937
125235,MARS_20230901_20230930_32kHz,MARS_20230902_054041_resampled_32kHz.wav,545.0,550.0,orca_call,1.1993145
125236,MARS_20230901_20230930_32kHz,MARS_20230902_054041_resampled_32kHz.wav,550.0,555.0,orca_call,2.0329933
125237,MARS_20230901_20230930_32kHz,MARS_20230902_054041_resampled_32kHz.wav,555.0,560.0,orca_call,1.1955818
125238,MARS_20230901_20230930_32kHz,MARS_20230902_054041_resampled_32kHz.wav,560.0,565.0,orca_call,0.09852065
125240,MARS_20230901_20230930_32kHz,MARS_20230902_054041_resampled_32kHz.wav,570.0,575.0,orca_call,1.8275999
125241,MARS_20230901_20230930_32kHz,MARS_20230902_054041_resampled_32kHz.wav,575.0,580.0,orca_call,1.1646308
125242,MARS_20230901_20230930_32kHz,MARS_20230902_054041_resampled_32kHz.wav,580.0,585.0,orca_call,0.19443084
125243,MARS_20230901_20230930_32kHz,MARS_20230902_054041_resampled_32kHz.wav,585.0,590.0,orca_call,0.32279545
125244,MARS_20230901_20230930_32kHz,MARS_20230902_054041_resampled_32kHz.wav,590.0,595.0,orca_call,0.6596536
125245,MARS_20230901_20230930_32kHz,MARS_20230902_054041_resampled_32kHz.wav,595.0,600.0,orca_call,3.0215185
125801,MARS_20230901_20230930_32kHz,MARS_20230924_043317_resampled_32kHz.wav,375.0,380.0,orca_call,0.36386096
125803,MARS_20230901_20230930_32kHz,MARS_20230924_043317_resampled_32kHz.wav,385.0,390.0,orca_call,0.0671839
125842,MARS_20230901_20230930_32kHz,MARS_20230924_043317_resampled_32kHz.wav,580.0,585.0,orca_call,0.98325944
126252,MARS_20230901_20230930_32kHz,MARS_20230929_113615_resampled_32kHz.wav,230.0,235.0,orca_call,1.1561207
128557,MARS_20230901_20230930_32kHz,MARS_20230923_170317_resampled_32kHz.wav,355.0,360.0,orca_call,0.35965872
129279,MARS_20230901_20230930_32kHz,MARS_20230929_105615_resampled_32kHz.wav,365.0,370.0,orca_call,3.27511
130562,MARS_20230901_20230930_32kHz,MARS_20230913_152227_resampled_32kHz.wav,180.0,185.0,orca_call,1.8445663
130631,MARS_20230901_20230930_32kHz,MARS_20230913_152227_resampled_32kHz.wav,525.0,530.0,orca_call,0.22906725
130645,MARS_20230901_20230930_32kHz,MARS_20230913_152227_resampled_32kHz.wav,595.0,600.0,orca_call,0.6027017
132589,MARS_20230901_20230930_32kHz,MARS_20230921_123317_resampled_32kHz.wav,115.0,120.0,orca_call,1.0631396
136550,MARS_20230901_20230930_32kHz,MARS_20230929_044615_resampled_32kHz.wav,120.0,125.0,orca_call,0.27198702
136555,MARS_20230901_20230930_32kHz,MARS_20230929_044615_resampled_32kHz.wav,145.0,150.0,orca_call,0.096988186
137382,MARS_20230901_20230930_32kHz,MARS_20230919_073054_resampled_32kHz.wav,80.0,85.0,orca_call,0.83456993
137472,MARS_20230901_20230930_32kHz,MARS_20230919_073054_resampled_32kHz.wav,530.0,535.0,orca_call,0.26318884
138733,MARS_20230901_20230930_32kHz,MARS_20230913_115227_resampled_32kHz.wav,230.0,235.0,orca_call,0.2115439
139043,MARS_20230901_20230930_32kHz,MARS_20230924_185317_resampled_32kHz.wav,580.0,585.0,orca_call,2.56793
140909,MARS_20230901_20230930_32kHz,MARS_20230913_154227_resampled_32kHz.wav,310.0,315.0,orca_call,0.23797913
141456,MARS_20230901_20230930_32kHz,MARS_20230922_204317_resampled_32kHz.wav,45.0,50.0,orca_call,0.104402825
142932,MARS_20230901_20230930_32kHz,MARS_20230919_064054_resampled_32kHz.wav,225.0,230.0,orca_call,0.88364244
142934,MARS_20230901_20230930_32kHz,MARS_20230919_064054_resampled_32kHz.wav,235.0,240.0,orca_call,0.10031396
144567,MARS_20230901_20230930_32kHz,MARS_20230915_005227_resampled_32kHz.wav,0.0,5.0,orca_call,1.7603565
144576,MARS_20230901_20230930_32kHz,MARS_20230915_005227_resampled_32kHz.wav,45.0,50.0,orca_call,0.09368163
144579,MARS_20230901_20230930_32kHz,MARS_20230915_005227_resampled_32kHz.wav,60.0,65.0,orca_call,0.0043370575
144594,MARS_20230901_20230930_32kHz,MARS_20230915_005227_resampled_32kHz.wav,135.0,140.0,orca_call,0.91220415
146929,MARS_20230901_20230930_32kHz,MARS_20230903_125041_resampled_32kHz.wav,410.0,415.0,orca_call,0.9197619
147664,MARS_20230901_20230930_32kHz,MARS_20230919_191054_resampled_32kHz.wav,485.0,490.0,orca_call,1.0833955
148052,MARS_20230901_20230930_32kHz,MARS_20230906_062857_resampled_32kHz.wav,25.0,30.0,orca_call,2.0829105
148055,MARS_20230901_20230930_32kHz,MARS_20230906_062857_resampled_32kHz.wav,40.0,45.0,orca_call,0.7479607
148059,MARS_20230901_20230930_32kHz,MARS_20230906_062857_resampled_32kHz.wav,60.0,65.0,orca_call,0.41526222
148061,MARS_20230901_20230930_32kHz,MARS_20230906_062857_resampled_32kHz.wav,70.0,75.0,orca_call,0.0053221136
148064,MARS_20230901_20230930_32kHz,MARS_20230906_062857_resampled_32kHz.wav,85.0,90.0,orca_call,0.45626605
148072,MARS_20230901_20230930_32kHz,MARS_20230906_062857_resampled_32kHz.wav,125.0,130.0,orca_call,0.10263702
148075,MARS_20230901_20230930_32kHz,MARS_20230906_062857_resampled_32kHz.wav,140.0,145.0,orca_call,1.3872856
148080,MARS_20230901_20230930_32kHz,MARS_20230906_062857_resampled_32kHz.wav,165.0,170.0,orca_call,1.4653738
148083,MARS_20230901_20230930_32kHz,MARS_20230906_062857_resampled_32kHz.wav,180.0,185.0,orca_call,0.3680482
148087,MARS_20230901_20230930_32kHz,MARS_20230906_062857_resampled_32kHz.wav,200.0,205.0,orca_call,1.0389932
148090,MARS_20230901_20230930_32kHz,MARS_20230906_062857_resampled_32kHz.wav,215.0,220.0,orca_call,2.3094578
148093,MARS_20230901_20230930_32kHz,MARS_20230906_062857_resampled_32kHz.wav,230.0,235.0,orca_call,2.1958842
148100,MARS_20230901_20230930_32kHz,MARS_20230906_062857_resampled_32kHz.wav,265.0,270.0,orca_call,0.9616531
148103,MARS_20230901_20230930_32kHz,MARS_20230906_062857_resampled_32kHz.wav,280.0,285.0,orca_call,0.40161073
148106,MARS_20230901_20230930_32kHz,MARS_20230906_062857_resampled_32kHz.wav,295.0,300.0,orca_call,0.7305707
148113,MARS_20230901_20230930_32kHz,MARS_20230906_062857_resampled_32kHz.wav,330.0,335.0,orca_call,1.2042572
150198,MARS_20230901_20230930_32kHz,MARS_20230927_024615_resampled_32kHz.wav,555.0,560.0,orca_call,0.8492539
150450,MARS_20230901_20230930_32kHz,MARS_20230906_091857_resampled_32kHz.wav,15.0,20.0,orca_call,0.54840237
150453,MARS_20230901_20230930_32kHz,MARS_20230906_091857_resampled_32kHz.wav,30.0,35.0,orca_call,1.0488133
150461,MARS_20230901_20230930_32kHz,MARS_20230906_091857_resampled_32kHz.wav,70.0,75.0,orca_call,1.1357152
150462,MARS_20230901_20230930_32kHz,MARS_20230906_091857_resampled_32kHz.wav,75.0,80.0,orca_call,0.2512883
150466,MARS_20230901_20230930_32kHz,MARS_20230906_091857_resampled_32kHz.wav,95.0,100.0,orca_call,0.01565145
150477,MARS_20230901_20230930_32kHz,MARS_20230906_091857_resampled_32kHz.wav,150.0,155.0,orca_call,1.5691382
150479,MARS_20230901_20230930_32kHz,MARS_20230906_091857_resampled_32kHz.wav,160.0,165.0,orca_call,0.47257286
150482,MARS_20230901_20230930_32kHz,MARS_20230906_091857_resampled_32kHz.wav,175.0,180.0,orca_call,3.6167507
150484,MARS_20230901_20230930_32kHz,MARS_20230906_091857_resampled_32kHz.wav,185.0,190.0,orca_call,1.8638853
150531,MARS_20230901_20230930_32kHz,MARS_20230906_091857_resampled_32kHz.wav,420.0,425.0,orca_call,0.310678
150536,MARS_20230901_20230930_32kHz,MARS_20230906_091857_resampled_32kHz.wav,445.0,450.0,orca_call,0.725937
150848,MARS_20230901_20230930_32kHz,MARS_20230917_163054_resampled_32kHz.wav,205.0,210.0,orca_call,0.36117536
150864,MARS_20230901_20230930_32kHz,MARS_20230917_163054_resampled_32kHz.wav,285.0,290.0,orca_call,0.078334495
150868,MARS_20230901_20230930_32kHz,MARS_20230917_163054_resampled_32kHz.wav,305.0,310.0,orca_call,0.26949978
152727,MARS_20230901_20230930_32kHz,MARS_20230928_120615_resampled_32kHz.wav,0.0,5.0,orca_call,0.36850286
152775,MARS_20230901_20230930_32kHz,MARS_20230928_120615_resampled_32kHz.wav,240.0,245.0,orca_call,1.88922
152777,MARS_20230901_20230930_32kHz,MARS_20230928_120615_resampled_32kHz.wav,250.0,255.0,orca_call,1.2961718
152837,MARS_20230901_20230930_32kHz,MARS_20230928_120615_resampled_32kHz.wav,550.0,555.0,orca_call,1.5813118
153050,MARS_20230901_20230930_32kHz,MARS_20230924_233317_resampled_32kHz.wav,415.0,420.0,orca_call,1.225951
155012,MARS_20230901_20230930_32kHz,MARS_20230916_023807_resampled_32kHz.wav,25.0,30.0,orca_call,0.37079018
155043,MARS_20230901_20230930_32kHz,MARS_20230916_023807_resampled_32kHz.wav,180.0,185.0,orca_call,1.388799
155076,MARS_20230901_20230930_32kHz,MARS_20230916_023807_resampled_32kHz.wav,345.0,350.0,orca_call,0.023049146
155104,MARS_20230901_20230930_32kHz,MARS_20230916_023807_resampled_32kHz.wav,485.0,490.0,orca_call,0.092643246
155123,MARS_20230901_20230930_32kHz,MARS_20230916_023807_resampled_32kHz.wav,580.0,585.0,orca_call,0.7271374
160013,MARS_20230901_20230930_32kHz,MARS_20230924_202317_resampled_32kHz.wav,430.0,435.0,orca_call,0.4829057
160045,MARS_20230901_20230930_32kHz,MARS_20230924_202317_resampled_32kHz.wav,590.0,595.0,orca_call,1.6351564
161533,MARS_20230901_20230930_32kHz,MARS_20230916_041807_resampled_32kHz.wav,230.0,235.0,orca_call,0.46550453
161535,MARS_20230901_20230930_32kHz,MARS_20230916_041807_resampled_32kHz.wav,240.0,245.0,orca_call,2.5691235
161537,MARS_20230901_20230930_32kHz,MARS_20230916_041807_resampled_32kHz.wav,250.0,255.0,orca_call,1.1992722
161541,MARS_20230901_20230930_32kHz,MARS_20230916_041807_resampled_32kHz.wav,270.0,275.0,orca_call,2.624404
161548,MARS_20230901_20230930_32kHz,MARS_20230916_041807_resampled_32kHz.wav,305.0,310.0,orca_call,0.52021384
162015,MARS_20230901_20230930_32kHz,MARS_20230926_100317_resampled_32kHz.wav,240.0,245.0,orca_call,0.22994547
162238,MARS_20230901_20230930_32kHz,MARS_20230913_160227_resampled_32kHz.wav,155.0,160.0,orca_call,0.18609123
162244,MARS_20230901_20230930_32kHz,MARS_20230913_160227_resampled_32kHz.wav,185.0,190.0,orca_call,2.2294886
164198,MARS_20230901_20230930_32kHz,MARS_20230905_224857_resampled_32kHz.wav,355.0,360.0,orca_call,0.5056343
164513,MARS_20230901_20230930_32kHz,MARS_20230905_225857_resampled_32kHz.wav,130.0,135.0,orca_call,2.1211095
164514,MARS_20230901_20230930_32kHz,MARS_20230905_225857_resampled_32kHz.wav,135.0,140.0,orca_call,0.6818
164522,MARS_20230901_20230930_32kHz,MARS_20230905_225857_resampled_32kHz.wav,175.0,180.0,orca_call,0.114561126
167501,MARS_20230901_20230930_32kHz,MARS_20230916_183054_resampled_32kHz.wav,70.0,75.0,orca_call,0.24721713
167853,MARS_20230901_20230930_32kHz,MARS_20230917_023054_resampled_32kHz.wav,30.0,35.0,orca_call,0.4400583
170369,MARS_20230901_20230930_32kHz,MARS_20230902_055041_resampled_32kHz.wav,10.0,15.0,orca_call,0.16712432
170370,MARS_20230901_20230930_32kHz,MARS_20230902_055041_resampled_32kHz.wav,15.0,20.0,orca_call,0.26194125
172821,MARS_20230901_20230930_32kHz,MARS_20230924_212317_resampled_32kHz.wav,270.0,275.0,orca_call,0.74631244
172823,MARS_20230901_20230930_32kHz,MARS_20230924_212317_resampled_32kHz.wav,280.0,285.0,orca_call,0.68596137
172824,MARS_20230901_20230930_32kHz,MARS_20230924_212317_resampled_32kHz.wav,285.0,290.0,orca_call,1.815649
172848,MARS_20230901_20230930_32kHz,MARS_20230924_212317_resampled_32kHz.wav,405.0,410.0,orca_call,0.36077482
172859,MARS_20230901_20230930_32kHz,MARS_20230924_212317_resampled_32kHz.wav,460.0,465.0,orca_call,0.69066906
176397,MARS_20230901_20230930_32kHz,MARS_20230919_053054_resampled_32kHz.wav,150.0,155.0,orca_call,1.208019
176400,MARS_20230901_20230930_32kHz,MARS_20230919_053054_resampled_32kHz.wav,165.0,170.0,orca_call,0.6347114
176403,MARS_20230901_20230930_32kHz,MARS_20230919_053054_resampled_32kHz.wav,180.0,185.0,orca_call,0.6649697
176405,MARS_20230901_20230930_32kHz,MARS_20230919_053054_resampled_32kHz.wav,190.0,195.0,orca_call,1.2248913
176407,MARS_20230901_20230930_32kHz,MARS_20230919_053054_resampled_32kHz.wav,200.0,205.0,orca_call,1.2239239
176410,MARS_20230901_20230930_32kHz,MARS_20230919_053054_resampled_32kHz.wav,215.0,220.0,orca_call,0.814883
176413,MARS_20230901_20230930_32kHz,MARS_20230919_053054_resampled_32kHz.wav,230.0,235.0,orca_call,0.31914067
176418,MARS_20230901_20230930_32kHz,MARS_20230919_053054_resampled_32kHz.wav,255.0,260.0,orca_call,0.46591628
176423,MARS_20230901_20230930_32kHz,MARS_20230919_053054_resampled_32kHz.wav,280.0,285.0,orca_call,0.19628297
177239,MARS_20230901_20230930_32kHz,MARS_20230929_045615_resampled_32kHz.wav,160.0,165.0,orca_call,0.7552011
177303,MARS_20230901_20230930_32kHz,MARS_20230929_045615_resampled_32kHz.wav,480.0,485.0,orca_call,0.9012053
177845,MARS_20230901_20230930_32kHz,MARS_20230921_122317_resampled_32kHz.wav,190.0,195.0,orca_call,0.022333533
180978,MARS_20230901_20230930_32kHz,MARS_20230905_204857_resampled_32kHz.wav,255.0,260.0,orca_call,0.87202215
180980,MARS_20230901_20230930_32kHz,MARS_20230905_204857_resampled_32kHz.wav,265.0,270.0,orca_call,1.0720587
181055,MARS_20230901_20230930_32kHz,MARS_20230916_185054_resampled_32kHz.wav,40.0,45.0,orca_call,0.07174899
181069,MARS_20230901_20230930_32kHz,MARS_20230916_185054_resampled_32kHz.wav,110.0,115.0,orca_call,0.7137014
181070,MARS_20230901_20230930_32kHz,MARS_20230916_185054_resampled_32kHz.wav,115.0,120.0,orca_call,1.8320503
183173,MARS_20230901_20230930_32kHz,MARS_20230919_200054_resampled_32kHz.wav,430.0,435.0,orca_call,0.22104315
183178,MARS_20230901_20230930_32kHz,MARS_20230919_200054_resampled_32kHz.wav,455.0,460.0,orca_call,0.31286782
184847,MARS_20230901_20230930_32kHz,MARS_20230914_144227_resampled_32kHz.wav,525.0,530.0,orca_call,0.046908453
185123,MARS_20230901_20230930_32kHz,MARS_20230927_035615_resampled_32kHz.wav,105.0,110.0,orca_call,0.0044012666
187513,MARS_20230901_20230930_32kHz,MARS_20230921_070317_resampled_32kHz.wav,55.0,60.0,orca_call,0.205141
188152,MARS_20230901_20230930_32kHz,MARS_20230915_095807_resampled_32kHz.wav,50.0,55.0,orca_call,0.5953609
188210,MARS_20230901_20230930_32kHz,MARS_20230915_095807_resampled_32kHz.wav,340.0,345.0,orca_call,0.047034264
188223,MARS_20230901_20230930_32kHz,MARS_20230915_095807_resampled_32kHz.wav,405.0,410.0,orca_call,1.2195563
188545,MARS_20230901_20230930_32kHz,MARS_20230925_023317_resampled_32kHz.wav,215.0,220.0,orca_call,1.0830266
189562,MARS_20230901_20230930_32kHz,MARS_20230902_062041_resampled_32kHz.wav,500.0,505.0,orca_call,3.6005666
189966,MARS_20230901_20230930_32kHz,MARS_20230906_071857_resampled_32kHz.wav,120.0,125.0,orca_call,2.2690892
189968,MARS_20230901_20230930_32kHz,MARS_20230906_071857_resampled_32kHz.wav,130.0,135.0,orca_call,2.2927444
189972,MARS_20230901_20230930_32kHz,MARS_20230906_071857_resampled_32kHz.wav,150.0,155.0,orca_call,0.8657678
189981,MARS_20230901_20230930_32kHz,MARS_20230906_071857_resampled_32kHz.wav,195.0,200.0,orca_call,1.6603978
189988,MARS_20230901_20230930_32kHz,MARS_20230906_071857_resampled_32kHz.wav,230.0,235.0,orca_call,0.46991634
190030,MARS_20230901_20230930_32kHz,MARS_20230906_071857_resampled_32kHz.wav,440.0,445.0,orca_call,2.7976077
190972,MARS_20230901_20230930_32kHz,MARS_20230920_054054_resampled_32kHz.wav,350.0,355.0,orca_call,1.7848132
191004,MARS_20230901_20230930_32kHz,MARS_20230920_054054_resampled_32kHz.wav,510.0,515.0,orca_call,0.036003277
191185,MARS_20230901_20230930_32kHz,MARS_20230922_060317_resampled_32kHz.wav,215.0,220.0,orca_call,3.091806
191190,MARS_20230901_20230930_32kHz,MARS_20230922_060317_resampled_32kHz.wav,240.0,245.0,orca_call,0.81479895
191203,MARS_20230901_20230930_32kHz,MARS_20230922_060317_resampled_32kHz.wav,305.0,310.0,orca_call,0.23337997
192143,MARS_20230901_20230930_32kHz,MARS_20230922_003317_resampled_32kHz.wav,205.0,210.0,orca_call,0.25833052
194793,MARS_20230901_20230930_32kHz,MARS_20230923_090317_resampled_32kHz.wav,255.0,260.0,orca_call,1.0481125
196851,MARS_20230901_20230930_32kHz,MARS_20230926_140615_resampled_32kHz.wav,345.0,350.0,orca_call,1.0195395
196917,MARS_20230901_20230930_32kHz,MARS_20230906_061857_resampled_32kHz.wav,75.0,80.0,orca_call,0.5035666
196925,MARS_20230901_20230930_32kHz,MARS_20230906_061857_resampled_32kHz.wav,115.0,120.0,orca_call,0.600772
196939,MARS_20230901_20230930_32kHz,MARS_20230906_061857_resampled_32kHz.wav,185.0,190.0,orca_call,1.3356843
196946,MARS_20230901_20230930_32kHz,MARS_20230906_061857_resampled_32kHz.wav,220.0,225.0,orca_call,1.4589382
196968,MARS_20230901_20230930_32kHz,MARS_20230906_061857_resampled_32kHz.wav,330.0,335.0,orca_call,0.060645983
197277,MARS_20230901_20230930_32kHz,MARS_20230913_151227_resampled_32kHz.wav,75.0,80.0,orca_call,0.5618767
198021,MARS_20230901_20230930_32kHz,MARS_20230927_073615_resampled_32kHz.wav,195.0,200.0,orca_call,0.95977485
198026,MARS_20230901_20230930_32kHz,MARS_20230927_073615_resampled_32kHz.wav,220.0,225.0,orca_call,0.76524264
198029,MARS_20230901_20230930_32kHz,MARS_20230927_073615_resampled_32kHz.wav,235.0,240.0,orca_call,0.18846928
198090,MARS_20230901_20230930_32kHz,MARS_20230927_073615_resampled_32kHz.wav,540.0,545.0,orca_call,0.50824547
198499,MARS_20230901_20230930_32kHz,MARS_20230919_180054_resampled_32kHz.wav,185.0,190.0,orca_call,1.4715705
200035,MARS_20230901_20230930_32kHz,MARS_20230921_104317_resampled_32kHz.wav,65.0,70.0,orca_call,0.3442598
200047,MARS_20230901_20230930_32kHz,MARS_20230921_104317_resampled_32kHz.wav,125.0,130.0,orca_call,0.24410667
200388,MARS_20230901_20230930_32kHz,MARS_20230927_172615_resampled_32kHz.wav,30.0,35.0,orca_call,1.7989408
200570,MARS_20230901_20230930_32kHz,MARS_20230923_102317_resampled_32kHz.wav,340.0,345.0,orca_call,0.48070878
201133,MARS_20230901_20230930_32kHz,MARS_20230928_224615_resampled_32kHz.wav,155.0,160.0,orca_call,1.6503081
201312,MARS_20230901_20230930_32kHz,MARS_20230917_170054_resampled_32kHz.wav,450.0,455.0,orca_call,1.1997001
201316,MARS_20230901_20230930_32kHz,MARS_20230917_170054_resampled_32kHz.wav,470.0,475.0,orca_call,0.40728527
201324,MARS_20230901_20230930_32kHz,MARS_20230917_170054_resampled_32kHz.wav,510.0,515.0,orca_call,0.3588434
203170,MARS_20230901_20230930_32kHz,MARS_20230908_152857_resampled_32kHz.wav,140.0,145.0,orca_call,0.4683212
203529,MARS_20230901_20230930_32kHz,MARS_20230908_164857_resampled_32kHz.wav,135.0,140.0,orca_call,1.0755808
203530,MARS_20230901_20230930_32kHz,MARS_20230908_164857_resampled_32kHz.wav,140.0,145.0,orca_call,0.33944058
204038,MARS_20230901_20230930_32kHz,MARS_20230921_083317_resampled_32kHz.wav,280.0,285.0,orca_call,0.30156708
205138,MARS_20230901_20230930_32kHz,MARS_20230927_061615_resampled_32kHz.wav,380.0,385.0,orca_call,1.116463
205174,MARS_20230901_20230930_32kHz,MARS_20230927_061615_resampled_32kHz.wav,560.0,565.0,orca_call,0.6851999
205944,MARS_20230901_20230930_32kHz,MARS_20230919_015054_resampled_32kHz.wav,210.0,215.0,orca_call,0.35345334
206869,MARS_20230901_20230930_32kHz,MARS_20230903_084041_resampled_32kHz.wav,35.0,40.0,orca_call,1.6702923
207065,MARS_20230901_20230930_32kHz,MARS_20230901_140041_resampled_32kHz.wav,415.0,420.0,orca_call,1.1295643
208365,MARS_20230901_20230930_32kHz,MARS_20230921_100317_resampled_32kHz.wav,315.0,320.0,orca_call,0.6179668
210845,MARS_20230901_20230930_32kHz,MARS_20230926_011317_resampled_32kHz.wav,115.0,120.0,orca_call,0.9680066
212598,MARS_20230901_20230930_32kHz,MARS_20230917_172054_resampled_32kHz.wav,480.0,485.0,orca_call,2.9596899
212599,MARS_20230901_20230930_32kHz,MARS_20230917_172054_resampled_32kHz.wav,485.0,490.0,orca_call,2.0125897
213606,MARS_20230901_20230930_32kHz,MARS_20230922_111317_resampled_32kHz.wav,120.0,125.0,orca_call,0.2456718
213612,MARS_20230901_20230930_32kHz,MARS_20230922_111317_resampled_32kHz.wav,150.0,155.0,orca_call,1.9300921
213614,MARS_20230901_20230930_32kHz,MARS_20230922_111317_resampled_32kHz.wav,160.0,165.0,orca_call,1.0339142
214708,MARS_20230901_20230930_32kHz,MARS_20230929_180615_resampled_32kHz.wav,230.0,235.0,orca_call,1.6804336
216537,MARS_20230901_20230930_32kHz,MARS_20230928_122615_resampled_32kHz.wav,375.0,380.0,orca_call,1.0421423
217208,MARS_20230901_20230930_32kHz,MARS_20230915_072807_resampled_32kHz.wav,130.0,135.0,orca_call,0.6102652
219152,MARS_20230901_20230930_32kHz,MARS_20230903_083041_resampled_32kHz.wav,250.0,255.0,orca_call,0.38035172
219225,MARS_20230901_20230930_32kHz,MARS_20230916_022807_resampled_32kHz.wav,15.0,20.0,orca_call,0.081795305
219228,MARS_20230901_20230930_32kHz,MARS_20230916_022807_resampled_32kHz.wav,30.0,35.0,orca_call,0.81174695
219259,MARS_20230901_20230930_32kHz,MARS_20230916_022807_resampled_32kHz.wav,185.0,190.0,orca_call,0.5206786
219344,MARS_20230901_20230930_32kHz,MARS_20230925_142317_resampled_32kHz.wav,10.0,15.0,orca_call,0.56312996
219368,MARS_20230901_20230930_32kHz,MARS_20230925_142317_resampled_32kHz.wav,130.0,135.0,orca_call,0.82267606
219376,MARS_20230901_20230930_32kHz,MARS_20230925_142317_resampled_32kHz.wav,170.0,175.0,orca_call,1.134639
219390,MARS_20230901_20230930_32kHz,MARS_20230925_142317_resampled_32kHz.wav,240.0,245.0,orca_call,0.59898514
219392,MARS_20230901_20230930_32kHz,MARS_20230925_142317_resampled_32kHz.wav,250.0,255.0,orca_call,0.39679372
219403,MARS_20230901_20230930_32kHz,MARS_20230925_142317_resampled_32kHz.wav,305.0,310.0,orca_call,0.35997254
219514,MARS_20230901_20230930_32kHz,MARS_20230923_051317_resampled_32kHz.wav,260.0,265.0,orca_call,0.32870638
219552,MARS_20230901_20230930_32kHz,MARS_20230923_051317_resampled_32kHz.wav,450.0,455.0,orca_call,0.73197794
221049,MARS_20230901_20230930_32kHz,MARS_20230917_171054_resampled_32kHz.wav,135.0,140.0,orca_call,0.0011699796
221073,MARS_20230901_20230930_32kHz,MARS_20230917_171054_resampled_32kHz.wav,255.0,260.0,orca_call,0.86906135
221463,MARS_20230901_20230930_32kHz,MARS_20230906_102857_resampled_32kHz.wav,405.0,410.0,orca_call,1.0777249
221465,MARS_20230901_20230930_32kHz,MARS_20230906_102857_resampled_32kHz.wav,415.0,420.0,orca_call,0.9179963
221466,MARS_20230901_20230930_32kHz,MARS_20230906_102857_resampled_32kHz.wav,420.0,425.0,orca_call,2.1209133
221469,MARS_20230901_20230930_32kHz,MARS_20230906_102857_resampled_32kHz.wav,435.0,440.0,orca_call,1.1358854
221470,MARS_20230901_20230930_32kHz,MARS_20230906_102857_resampled_32kHz.wav,440.0,445.0,orca_call,1.3554668
221477,MARS_20230901_20230930_32kHz,MARS_20230906_102857_resampled_32kHz.wav,475.0,480.0,orca_call,1.1096773
221478,MARS_20230901_20230930_32kHz,MARS_20230906_102857_resampled_32kHz.wav,480.0,485.0,orca_call,0.97853875
221480,MARS_20230901_20230930_32kHz,MARS_20230906_102857_resampled_32kHz.wav,490.0,495.0,orca_call,0.63013357
221482,MARS_20230901_20230930_32kHz,MARS_20230906_102857_resampled_32kHz.wav,500.0,505.0,orca_call,0.21443085
221487,MARS_20230901_20230930_32kHz,MARS_20230906_102857_resampled_32kHz.wav,525.0,530.0,orca_call,1.4033414
224325,MARS_20230901_20230930_32kHz,MARS_20230916_075807_resampled_32kHz.wav,315.0,320.0,orca_call,1.105269
226037,MARS_20230901_20230930_32kHz,MARS_20230903_053041_resampled_32kHz.wav,475.0,480.0,orca_call,0.395427
226453,MARS_20230901_20230930_32kHz,MARS_20230922_142317_resampled_32kHz.wav,155.0,160.0,orca_call,0.20967256
227937,MARS_20230901_20230930_32kHz,MARS_20230915_101807_resampled_32kHz.wav,375.0,380.0,orca_call,0.3719806
227938,MARS_20230901_20230930_32kHz,MARS_20230915_101807_resampled_32kHz.wav,380.0,385.0,orca_call,0.24457873
229721,MARS_20230901_20230930_32kHz,MARS_20230929_043615_resampled_32kHz.wav,295.0,300.0,orca_call,0.2293532
229734,MARS_20230901_20230930_32kHz,MARS_20230929_043615_resampled_32kHz.wav,360.0,365.0,orca_call,0.69876355
230492,MARS_20230901_20230930_32kHz,MARS_20230930_190615_resampled_32kHz.wav,550.0,555.0,orca_call,2.1935925
231358,MARS_20230901_20230930_32kHz,MARS_20230905_183857_resampled_32kHz.wav,80.0,85.0,orca_call,0.23466502
231653,MARS_20230901_20230930_32kHz,MARS_20230926_081317_resampled_32kHz.wav,355.0,360.0,orca_call,0.09363352
231655,MARS_20230901_20230930_32kHz,MARS_20230926_081317_resampled_32kHz.wav,365.0,370.0,orca_call,0.012931392
231701,MARS_20230901_20230930_32kHz,MARS_20230926_081317_resampled_32kHz.wav,595.0,600.0,orca_call,2.0099356
232027,MARS_20230901_20230930_32kHz,MARS_20230928_234615_resampled_32kHz.wav,425.0,430.0,orca_call,0.100921914
232526,MARS_20230901_20230930_32kHz,MARS_20230925_004317_resampled_32kHz.wav,520.0,525.0,orca_call,0.9565542
233212,MARS_20230901_20230930_32kHz,MARS_20230920_030054_resampled_32kHz.wav,350.0,355.0,orca_call,0.30118924
236759,MARS_20230901_20230930_32kHz,MARS_20230927_014615_resampled_32kHz.wav,85.0,90.0,orca_call,0.2654894
237231,MARS_20230901_20230930_32kHz,MARS_20230915_091807_resampled_32kHz.wav,45.0,50.0,orca_call,0.38836116
237274,MARS_20230901_20230930_32kHz,MARS_20230915_091807_resampled_32kHz.wav,260.0,265.0,orca_call,1.6300417
237292,MARS_20230901_20230930_32kHz,MARS_20230915_091807_resampled_32kHz.wav,350.0,355.0,orca_call,0.24545859
240262,MARS_20230901_20230930_32kHz,MARS_20230924_042317_resampled_32kHz.wav,200.0,205.0,orca_call,1.5330236
240264,MARS_20230901_20230930_32kHz,MARS_20230924_042317_resampled_32kHz.wav,210.0,215.0,orca_call,0.11643402
240267,MARS_20230901_20230930_32kHz,MARS_20230924_042317_resampled_32kHz.wav,225.0,230.0,orca_call,1.4130921
240480,MARS_20230901_20230930_32kHz,MARS_20230923_022317_resampled_32kHz.wav,90.0,95.0,orca_call,0.23418863
240952,MARS_20230901_20230930_32kHz,MARS_20230915_074807_resampled_32kHz.wav,50.0,55.0,orca_call,0.19218026
241319,MARS_20230901_20230930_32kHz,MARS_20230926_010317_resampled_32kHz.wav,85.0,90.0,orca_call,0.0022127777
242846,MARS_20230901_20230930_32kHz,MARS_20230928_012615_resampled_32kHz.wav,520.0,525.0,orca_call,0.41908133
242851,MARS_20230901_20230930_32kHz,MARS_20230928_012615_resampled_32kHz.wav,545.0,550.0,orca_call,0.3933817
243644,MARS_20230901_20230930_32kHz,MARS_20230929_025615_resampled_32kHz.wav,310.0,315.0,orca_call,0.2951089
244096,MARS_20230901_20230930_32kHz,MARS_20230917_124054_resampled_32kHz.wav,170.0,175.0,orca_call,0.3915972
245909,MARS_20230901_20230930_32kHz,MARS_20230920_101054_resampled_32kHz.wav,235.0,240.0,orca_call,1.0201614
245910,MARS_20230901_20230930_32kHz,MARS_20230920_101054_resampled_32kHz.wav,240.0,245.0,orca_call,0.5503545
245942,MARS_20230901_20230930_32kHz,MARS_20230920_101054_resampled_32kHz.wav,400.0,405.0,orca_call,1.2596316
246417,MARS_20230901_20230930_32kHz,MARS_20230916_232054_resampled_32kHz.wav,375.0,380.0,orca_call,0.66536593
251441,MARS_20230901_20230930_32kHz,MARS_20230916_011807_resampled_32kHz.wav,295.0,300.0,orca_call,0.37679356
253729,MARS_20230901_20230930_32kHz,MARS_20230913_161227_resampled_32kHz.wav,335.0,340.0,orca_call,1.4791456
253761,MARS_20230901_20230930_32kHz,MARS_20230913_161227_resampled_32kHz.wav,495.0,500.0,orca_call,1.4113425
253778,MARS_20230901_20230930_32kHz,MARS_20230913_161227_resampled_32kHz.wav,580.0,585.0,orca_call,0.49474907
253798,MARS_20230901_20230930_32kHz,MARS_20230925_141317_resampled_32kHz.wav,80.0,85.0,orca_call,0.59335804
253804,MARS_20230901_20230930_32kHz,MARS_20230925_141317_resampled_32kHz.wav,110.0,115.0,orca_call,1.4234165
254410,MARS_20230901_20230930_32kHz,MARS_20230922_062317_resampled_32kHz.wav,140.0,145.0,orca_call,1.6971328
254413,MARS_20230901_20230930_32kHz,MARS_20230922_062317_resampled_32kHz.wav,155.0,160.0,orca_call,1.8765488
254415,MARS_20230901_20230930_32kHz,MARS_20230922_062317_resampled_32kHz.wav,165.0,170.0,orca_call,1.2278152
254425,MARS_20230901_20230930_32kHz,MARS_20230922_062317_resampled_32kHz.wav,215.0,220.0,orca_call,0.33483142
254427,MARS_20230901_20230930_32kHz,MARS_20230922_062317_resampled_32kHz.wav,225.0,230.0,orca_call,0.83582467
254431,MARS_20230901_20230930_32kHz,MARS_20230922_062317_resampled_32kHz.wav,245.0,250.0,orca_call,0.12707745
254443,MARS_20230901_20230930_32kHz,MARS_20230922_062317_resampled_32kHz.wav,305.0,310.0,orca_call,1.6661239
255140,MARS_20230901_20230930_32kHz,MARS_20230923_082317_resampled_32kHz.wav,190.0,195.0,orca_call,0.09302664
257216,MARS_20230901_20230930_32kHz,MARS_20230930_091615_resampled_32kHz.wav,370.0,375.0,orca_call,0.12335582
260192,MARS_20230901_20230930_32kHz,MARS_20230905_202857_resampled_32kHz.wav,250.0,255.0,orca_call,0.17682974
260630,MARS_20230901_20230930_32kHz,MARS_20230919_065054_resampled_32kHz.wav,40.0,45.0,orca_call,0.5176292
260631,MARS_20230901_20230930_32kHz,MARS_20230919_065054_resampled_32kHz.wav,45.0,50.0,orca_call,0.8300363
262181,MARS_20230901_20230930_32kHz,MARS_20230924_040317_resampled_32kHz.wav,595.0,600.0,orca_call,0.80226016
262307,MARS_20230901_20230930_32kHz,MARS_20230923_075317_resampled_32kHz.wav,25.0,30.0,orca_call,0.11599974
263339,MARS_20230901_20230930_32kHz,MARS_20230921_174317_resampled_32kHz.wav,385.0,390.0,orca_call,0.29246646
265383,MARS_20230901_20230930_32kHz,MARS_20230921_165317_resampled_32kHz.wav,405.0,410.0,orca_call,0.061251417
266090,MARS_20230901_20230930_32kHz,MARS_20230922_104317_resampled_32kHz.wav,340.0,345.0,orca_call,2.4465032
266095,MARS_20230901_20230930_32kHz,MARS_20230922_104317_resampled_32kHz.wav,365.0,370.0,orca_call,0.38690025
266101,MARS_20230901_20230930_32kHz,MARS_20230922_104317_resampled_32kHz.wav,395.0,400.0,orca_call,0.12150793
266103,MARS_20230901_20230930_32kHz,MARS_20230922_104317_resampled_32kHz.wav,405.0,410.0,orca_call,0.30075705
266104,MARS_20230901_20230930_32kHz,MARS_20230922_104317_resampled_32kHz.wav,410.0,415.0,orca_call,0.71544397
266105,MARS_20230901_20230930_32kHz,MARS_20230922_104317_resampled_32kHz.wav,415.0,420.0,orca_call,0.31940925
266399,MARS_20230901_20230930_32kHz,MARS_20230903_131041_resampled_32kHz.wav,85.0,90.0,orca_call,0.5889356
266407,MARS_20230901_20230930_32kHz,MARS_20230903_131041_resampled_32kHz.wav,125.0,130.0,orca_call,1.3579448
266614,MARS_20230901_20230930_32kHz,MARS_20230922_112317_resampled_32kHz.wav,560.0,565.0,orca_call,1.3693061
267080,MARS_20230901_20230930_32kHz,MARS_20230902_214041_resampled_32kHz.wav,490.0,495.0,orca_call,0.24462397
267295,MARS_20230901_20230930_32kHz,MARS_20230922_105317_resampled_32kHz.wav,365.0,370.0,orca_call,0.18657397
269634,MARS_20230901_20230930_32kHz,MARS_20230924_190317_resampled_32kHz.wav,60.0,65.0,orca_call,0.08747296
270137,MARS_20230901_20230930_32kHz,MARS_20230917_020054_resampled_32kHz.wav,175.0,180.0,orca_call,0.18495221
270260,MARS_20230901_20230930_32kHz,MARS_20230901_120041_resampled_32kHz.wav,190.0,195.0,orca_call,1.3582579
271564,MARS_20230901_20230930_32kHz,MARS_20230922_233317_resampled_32kHz.wav,110.0,115.0,orca_call,0.22552662
272367,MARS_20230901_20230930_32kHz,MARS_20230930_174615_resampled_32kHz.wav,525.0,530.0,orca_call,0.37500668
272387,MARS_20230901_20230930_32kHz,MARS_20230901_204041_resampled_32kHz.wav,25.0,30.0,orca_call,0.34519553
272443,MARS_20230901_20230930_32kHz,MARS_20230901_204041_resampled_32kHz.wav,305.0,310.0,orca_call,0.0705791
272768,MARS_20230901_20230930_32kHz,MARS_20230923_192317_resampled_32kHz.wav,130.0,135.0,orca_call,0.5841844
275675,MARS_20230901_20230930_32kHz,MARS_20230906_083857_resampled_32kHz.wav,265.0,270.0,orca_call,3.6879756
275685,MARS_20230901_20230930_32kHz,MARS_20230906_083857_resampled_32kHz.wav,315.0,320.0,orca_call,1.8650725
275688,MARS_20230901_20230930_32kHz,MARS_20230906_083857_resampled_32kHz.wav,330.0,335.0,orca_call,0.58861595
275690,MARS_20230901_20230930_32kHz,MARS_20230906_083857_resampled_32kHz.wav,340.0,345.0,orca_call,1.2223195
275710,MARS_20230901_20230930_32kHz,MARS_20230906_083857_resampled_32kHz.wav,440.0,445.0,orca_call,0.19554703
275729,MARS_20230901_20230930_32kHz,MARS_20230906_083857_resampled_32kHz.wav,535.0,540.0,orca_call,1.6132251
275731,MARS_20230901_20230930_32kHz,MARS_20230906_083857_resampled_32kHz.wav,545.0,550.0,orca_call,1.5160749
275737,MARS_20230901_20230930_32kHz,MARS_20230906_083857_resampled_32kHz.wav,575.0,580.0,orca_call,0.07368271
275738,MARS_20230901_20230930_32kHz,MARS_20230906_083857_resampled_32kHz.wav,580.0,585.0,orca_call,0.52797335
275741,MARS_20230901_20230930_32kHz,MARS_20230906_083857_resampled_32kHz.wav,595.0,600.0,orca_call,0.9678817
276962,MARS_20230901_20230930_32kHz,MARS_20230906_080857_resampled_32kHz.wav,100.0,105.0,orca_call,0.08684589
276972,MARS_20230901_20230930_32kHz,MARS_20230906_080857_resampled_32kHz.wav,150.0,155.0,orca_call,0.2935487
276979,MARS_20230901_20230930_32kHz,MARS_20230906_080857_resampled_32kHz.wav,185.0,190.0,orca_call,0.0053289533
277049,MARS_20230901_20230930_32kHz,MARS_20230906_080857_resampled_32kHz.wav,535.0,540.0,orca_call,0.37826717
278651,MARS_20230901_20230930_32kHz,MARS_20230901_031041_resampled_32kHz.wav,145.0,150.0,orca_call,0.5707731
278653,MARS_20230901_20230930_32kHz,MARS_20230901_031041_resampled_32kHz.wav,155.0,160.0,orca_call,1.5666832
278654,MARS_20230901_20230930_32kHz,MARS_20230901_031041_resampled_32kHz.wav,160.0,165.0,orca_call,1.2607889
280033,MARS_20230901_20230930_32kHz,MARS_20230922_191317_resampled_32kHz.wav,455.0,460.0,orca_call,0.8035991
281730,MARS_20230901_20230930_32kHz,MARS_20230921_124317_resampled_32kHz.wav,540.0,545.0,orca_call,0.94298756
282146,MARS_20230901_20230930_32kHz,MARS_20230924_205317_resampled_32kHz.wav,220.0,225.0,orca_call,0.46130222
282203,MARS_20230901_20230930_32kHz,MARS_20230924_205317_resampled_32kHz.wav,505.0,510.0,orca_call,0.1631274
283991,MARS_20230901_20230930_32kHz,MARS_20230906_090857_resampled_32kHz.wav,445.0,450.0,orca_call,0.27893293
284003,MARS_20230901_20230930_32kHz,MARS_20230906_090857_resampled_32kHz.wav,505.0,510.0,orca_call,1.971422
284009,MARS_20230901_20230930_32kHz,MARS_20230906_090857_resampled_32kHz.wav,535.0,540.0,orca_call,0.30989295
284012,MARS_20230901_20230930_32kHz,MARS_20230906_090857_resampled_32kHz.wav,550.0,555.0,orca_call,0.42872941
284014,MARS_20230901_20230930_32kHz,MARS_20230906_090857_resampled_32kHz.wav,560.0,565.0,orca_call,0.4321187
284018,MARS_20230901_20230930_32kHz,MARS_20230906_090857_resampled_32kHz.wav,580.0,585.0,orca_call,1.4014641
284020,MARS_20230901_20230930_32kHz,MARS_20230906_090857_resampled_32kHz.wav,590.0,595.0,orca_call,1.0781269
284763,MARS_20230901_20230930_32kHz,MARS_20230906_032857_resampled_32kHz.wav,105.0,110.0,orca_call,0.32356197
284776,MARS_20230901_20230930_32kHz,MARS_20230906_032857_resampled_32kHz.wav,170.0,175.0,orca_call,0.95497024
284778,MARS_20230901_20230930_32kHz,MARS_20230906_032857_resampled_32kHz.wav,180.0,185.0,orca_call,0.6099563
284781,MARS_20230901_20230930_32kHz,MARS_20230906_032857_resampled_32kHz.wav,195.0,200.0,orca_call,1.0096285
284784,MARS_20230901_20230930_32kHz,MARS_20230906_032857_resampled_32kHz.wav,210.0,215.0,orca_call,1.6524515
284788,MARS_20230901_20230930_32kHz,MARS_20230906_032857_resampled_32kHz.wav,230.0,235.0,orca_call,1.1132506
284792,MARS_20230901_20230930_32kHz,MARS_20230906_032857_resampled_32kHz.wav,250.0,255.0,orca_call,1.6280026
285504,MARS_20230901_20230930_32kHz,MARS_20230922_140317_resampled_32kHz.wav,210.0,215.0,orca_call,0.9572325
285710,MARS_20230901_20230930_32kHz,MARS_20230916_025807_resampled_32kHz.wav,40.0,45.0,orca_call,0.78161556
285715,MARS_20230901_20230930_32kHz,MARS_20230916_025807_resampled_32kHz.wav,65.0,70.0,orca_call,1.0395885
285716,MARS_20230901_20230930_32kHz,MARS_20230916_025807_resampled_32kHz.wav,70.0,75.0,orca_call,0.07965155
285720,MARS_20230901_20230930_32kHz,MARS_20230916_025807_resampled_32kHz.wav,90.0,95.0,orca_call,0.7686086
285743,MARS_20230901_20230930_32kHz,MARS_20230916_025807_resampled_32kHz.wav,205.0,210.0,orca_call,0.66587996
285744,MARS_20230901_20230930_32kHz,MARS_20230916_025807_resampled_32kHz.wav,210.0,215.0,orca_call,0.16439582
287132,MARS_20230901_20230930_32kHz,MARS_20230922_075317_resampled_32kHz.wav,545.0,550.0,orca_call,0.2300338
287133,MARS_20230901_20230930_32kHz,MARS_20230922_075317_resampled_32kHz.wav,550.0,555.0,orca_call,0.9492706
288312,MARS_20230901_20230930_32kHz,MARS_20230922_102317_resampled_32kHz.wav,445.0,450.0,orca_call,0.42515153
288337,MARS_20230901_20230930_32kHz,MARS_20230922_102317_resampled_32kHz.wav,570.0,575.0,orca_call,0.34459293
291390,MARS_20230901_20230930_32kHz,MARS_20230926_063317_resampled_32kHz.wav,235.0,240.0,orca_call,0.01780349
295400,MARS_20230901_20230930_32kHz,MARS_20230919_183054_resampled_32kHz.wav,485.0,490.0,orca_call,0.657808
296178,MARS_20230901_20230930_32kHz,MARS_20230914_211227_resampled_32kHz.wav,175.0,180.0,orca_call,0.075991824
296180,MARS_20230901_20230930_32kHz,MARS_20230914_211227_resampled_32kHz.wav,185.0,190.0,orca_call,0.61476946
296226,MARS_20230901_20230930_32kHz,MARS_20230914_211227_resampled_32kHz.wav,415.0,420.0,orca_call,0.090416566
296247,MARS_20230901_20230930_32kHz,MARS_20230914_211227_resampled_32kHz.wav,520.0,525.0,orca_call,0.8918313
297249,MARS_20230901_20230930_32kHz,MARS_20230913_155227_resampled_32kHz.wav,130.0,135.0,orca_call,0.52172923
297720,MARS_20230901_20230930_32kHz,MARS_20230924_041317_resampled_32kHz.wav,85.0,90.0,orca_call,0.362911
298086,MARS_20230901_20230930_32kHz,MARS_20230901_103041_resampled_32kHz.wav,115.0,120.0,orca_call,0.29612207
298192,MARS_20230901_20230930_32kHz,MARS_20230916_040807_resampled_32kHz.wav,45.0,50.0,orca_call,0.17603563
298211,MARS_20230901_20230930_32kHz,MARS_20230916_040807_resampled_32kHz.wav,140.0,145.0,orca_call,0.48508894
299022,MARS_20230901_20230930_32kHz,MARS_20230916_053807_resampled_32kHz.wav,595.0,600.0,orca_call,0.29960084
299430,MARS_20230901_20230930_32kHz,MARS_20230927_072615_resampled_32kHz.wav,235.0,240.0,orca_call,0.3655219
300452,MARS_20230901_20230930_32kHz,MARS_20230901_111041_resampled_32kHz.wav,545.0,550.0,orca_call,0.48190606
300713,MARS_20230901_20230930_32kHz,MARS_20230922_235317_resampled_32kHz.wav,50.0,55.0,orca_call,1.1573523
300846,MARS_20230901_20230930_32kHz,MARS_20230916_031807_resampled_32kHz.wav,115.0,120.0,orca_call,0.3090487
301839,MARS_20230901_20230930_32kHz,MARS_20230929_091615_resampled_32kHz.wav,280.0,285.0,orca_call,0.25755298
302650,MARS_20230901_20230930_32kHz,MARS_20230918_052054_resampled_32kHz.wav,135.0,140.0,orca_call,0.6424407
306467,MARS_20230901_20230930_32kHz,MARS_20230901_210041_resampled_32kHz.wav,20.0,25.0,orca_call,1.4466734
306469,MARS_20230901_20230930_32kHz,MARS_20230901_210041_resampled_32kHz.wav,30.0,35.0,orca_call,0.49104702
308659,MARS_20230901_20230930_32kHz,MARS_20230923_095317_resampled_32kHz.wav,180.0,185.0,orca_call,0.56841695
308684,MARS_20230901_20230930_32kHz,MARS_20230923_095317_resampled_32kHz.wav,305.0,310.0,orca_call,0.4889983
310027,MARS_20230901_20230930_32kHz,MARS_20230922_054317_resampled_32kHz.wav,420.0,425.0,orca_call,1.2910622
310316,MARS_20230901_20230930_32kHz,MARS_20230930_111615_resampled_32kHz.wav,65.0,70.0,orca_call,0.797269
310678,MARS_20230901_20230930_32kHz,MARS_20230919_184054_resampled_32kHz.wav,75.0,80.0,orca_call,1.3999503
310796,MARS_20230901_20230930_32kHz,MARS_20230901_195041_resampled_32kHz.wav,65.0,70.0,orca_call,2.6410303
310859,MARS_20230901_20230930_32kHz,MARS_20230901_195041_resampled_32kHz.wav,380.0,385.0,orca_call,1.5036107
310866,MARS_20230901_20230930_32kHz,MARS_20230901_195041_resampled_32kHz.wav,415.0,420.0,orca_call,0.89106345
311461,MARS_20230901_20230930_32kHz,MARS_20230924_203317_resampled_32kHz.wav,390.0,395.0,orca_call,1.4234825
312900,MARS_20230901_20230930_32kHz,MARS_20230922_130317_resampled_32kHz.wav,385.0,390.0,orca_call,0.0025945455
313946,MARS_20230901_20230930_32kHz,MARS_20230915_085807_resampled_32kHz.wav,215.0,220.0,orca_call,0.026156753
313961,MARS_20230901_20230930_32kHz,MARS_20230915_085807_resampled_32kHz.wav,290.0,295.0,orca_call,1.8537903
314011,MARS_20230901_20230930_32kHz,MARS_20230915_085807_resampled_32kHz.wav,540.0,545.0,orca_call,0.08712022
316329,MARS_20230901_20230930_32kHz,MARS_20230918_150054_resampled_32kHz.wav,125.0,130.0,orca_call,0.57079375
316334,MARS_20230901_20230930_32kHz,MARS_20230918_150054_resampled_32kHz.wav,150.0,155.0,orca_call,0.03781198
316422,MARS_20230901_20230930_32kHz,MARS_20230918_150054_resampled_32kHz.wav,590.0,595.0,orca_call,0.19598411
317191,MARS_20230901_20230930_32kHz,MARS_20230923_023317_resampled_32kHz.wav,235.0,240.0,orca_call,0.06899664
317284,MARS_20230901_20230930_32kHz,MARS_20230919_221054_resampled_32kHz.wav,100.0,105.0,orca_call,0.6350588
317295,MARS_20230901_20230930_32kHz,MARS_20230919_221054_resampled_32kHz.wav,155.0,160.0,orca_call,0.361439
317300,MARS_20230901_20230930_32kHz,MARS_20230919_221054_resampled_32kHz.wav,180.0,185.0,orca_call,0.099682346
317352,MARS_20230901_20230930_32kHz,MARS_20230919_221054_resampled_32kHz.wav,440.0,445.0,orca_call,0.66995406
319548,MARS_20230901_20230930_32kHz,MARS_20230922_064317_resampled_32kHz.wav,20.0,25.0,orca_call,1.1965871
319551,MARS_20230901_20230930_32kHz,MARS_20230922_064317_resampled_32kHz.wav,35.0,40.0,orca_call,0.19234525
319553,MARS_20230901_20230930_32kHz,MARS_20230922_064317_resampled_32kHz.wav,45.0,50.0,orca_call,2.6259499
320110,MARS_20230901_20230930_32kHz,MARS_20230929_111615_resampled_32kHz.wav,430.0,435.0,orca_call,0.20126514
320315,MARS_20230901_20230930_32kHz,MARS_20230924_194317_resampled_32kHz.wav,255.0,260.0,orca_call,0.048683003
320318,MARS_20230901_20230930_32kHz,MARS_20230924_194317_resampled_32kHz.wav,270.0,275.0,orca_call,1.8449647
320339,MARS_20230901_20230930_32kHz,MARS_20230924_194317_resampled_32kHz.wav,375.0,380.0,orca_call,0.6476813
320341,MARS_20230901_20230930_32kHz,MARS_20230924_194317_resampled_32kHz.wav,385.0,390.0,orca_call,0.49238336
321100,MARS_20230901_20230930_32kHz,MARS_20230920_034054_resampled_32kHz.wav,580.0,585.0,orca_call,1.0285724
323153,MARS_20230901_20230930_32kHz,MARS_20230924_210317_resampled_32kHz.wav,45.0,50.0,orca_call,0.045945168
323227,MARS_20230901_20230930_32kHz,MARS_20230924_210317_resampled_32kHz.wav,415.0,420.0,orca_call,0.85480905
323239,MARS_20230901_20230930_32kHz,MARS_20230924_210317_resampled_32kHz.wav,475.0,480.0,orca_call,1.2526909
324413,MARS_20230901_20230930_32kHz,MARS_20230913_131227_resampled_32kHz.wav,345.0,350.0,orca_call,0.38088906
326527,MARS_20230901_20230930_32kHz,MARS_20230914_070227_resampled_32kHz.wav,115.0,120.0,orca_call,0.35610062
326868,MARS_20230901_20230930_32kHz,MARS_20230903_191041_resampled_32kHz.wav,20.0,25.0,orca_call,0.08073841
327043,MARS_20230901_20230930_32kHz,MARS_20230920_114054_resampled_32kHz.wav,295.0,300.0,orca_call,0.09685439
328986,MARS_20230901_20230930_32kHz,MARS_20230927_164615_resampled_32kHz.wav,410.0,415.0,orca_call,0.5131189
328988,MARS_20230901_20230930_32kHz,MARS_20230927_164615_resampled_32kHz.wav,420.0,425.0,orca_call,0.88566446
328990,MARS_20230901_20230930_32kHz,MARS_20230927_164615_resampled_32kHz.wav,430.0,435.0,orca_call,0.6334202
329332,MARS_20230901_20230930_32kHz,MARS_20230930_092615_resampled_32kHz.wav,340.0,345.0,orca_call,2.661431
329761,MARS_20230901_20230930_32kHz,MARS_20230917_022054_resampled_32kHz.wav,85.0,90.0,orca_call,1.2920827
333714,MARS_20230901_20230930_32kHz,MARS_20230916_211054_resampled_32kHz.wav,50.0,55.0,orca_call,1.4607964
334873,MARS_20230901_20230930_32kHz,MARS_20230917_162054_resampled_32kHz.wav,445.0,450.0,orca_call,0.92908204
334875,MARS_20230901_20230930_32kHz,MARS_20230917_162054_resampled_32kHz.wav,455.0,460.0,orca_call,0.5338523
334897,MARS_20230901_20230930_32kHz,MARS_20230917_162054_resampled_32kHz.wav,565.0,570.0,orca_call,1.7539368
337036,MARS_20230901_20230930_32kHz,MARS_20230926_083317_resampled_32kHz.wav,460.0,465.0,orca_call,2.615781
337050,MARS_20230901_20230930_32kHz,MARS_20230926_083317_resampled_32kHz.wav,530.0,535.0,orca_call,0.54370856
340170,MARS_20230901_20230930_32kHz,MARS_20230929_050615_resampled_32kHz.wav,325.0,330.0,orca_call,0.15906014
340410,MARS_20230901_20230930_32kHz,MARS_20230917_181054_resampled_32kHz.wav,325.0,330.0,orca_call,1.2291367
340419,MARS_20230901_20230930_32kHz,MARS_20230917_181054_resampled_32kHz.wav,370.0,375.0,orca_call,0.59184027
340445,MARS_20230901_20230930_32kHz,MARS_20230917_181054_resampled_32kHz.wav,500.0,505.0,orca_call,1.4559741
340699,MARS_20230901_20230930_32kHz,MARS_20230920_093054_resampled_32kHz.wav,570.0,575.0,orca_call,0.5251066
341024,MARS_20230901_20230930_32kHz,MARS_20230901_200041_resampled_32kHz.wav,395.0,400.0,orca_call,0.16374575
342338,MARS_20230901_20230930_32kHz,MARS_20230928_214615_resampled_32kHz.wav,365.0,370.0,orca_call,0.23822777
342999,MARS_20230901_20230930_32kHz,MARS_20230901_191041_resampled_32kHz.wav,70.0,75.0,orca_call,0.6194292
343245,MARS_20230901_20230930_32kHz,MARS_20230902_085041_resampled_32kHz.wav,100.0,105.0,orca_call,1.9181111
345259,MARS_20230901_20230930_32kHz,MARS_20230924_020317_resampled_32kHz.wav,570.0,575.0,orca_call,1.1175059
346918,MARS_20230901_20230930_32kHz,MARS_20230903_163041_resampled_32kHz.wav,465.0,470.0,orca_call,0.49431002
347318,MARS_20230901_20230930_32kHz,MARS_20230913_200227_resampled_32kHz.wav,65.0,70.0,orca_call,0.17681639
347399,MARS_20230901_20230930_32kHz,MARS_20230913_200227_resampled_32kHz.wav,470.0,475.0,orca_call,0.6887911
349182,MARS_20230901_20230930_32kHz,MARS_20230927_041615_resampled_32kHz.wav,385.0,390.0,orca_call,2.190768
349384,MARS_20230901_20230930_32kHz,MARS_20230921_160317_resampled_32kHz.wav,195.0,200.0,orca_call,0.82669824
349534,MARS_20230901_20230930_32kHz,MARS_20230926_041317_resampled_32kHz.wav,345.0,350.0,orca_call,0.20847933
349649,MARS_20230901_20230930_32kHz,MARS_20230921_114317_resampled_32kHz.wav,320.0,325.0,orca_call,1.520103
353322,MARS_20230901_20230930_32kHz,MARS_20230917_174054_resampled_32kHz.wav,85.0,90.0,orca_call,0.087145045
353344,MARS_20230901_20230930_32kHz,MARS_20230917_174054_resampled_32kHz.wav,195.0,200.0,orca_call,0.31506693
353707,MARS_20230901_20230930_32kHz,MARS_20230930_203615_resampled_32kHz.wav,210.0,215.0,orca_call,0.55013937
353779,MARS_20230901_20230930_32kHz,MARS_20230930_203615_resampled_32kHz.wav,570.0,575.0,orca_call,0.2614327
354511,MARS_20230901_20230930_32kHz,MARS_20230906_183857_resampled_32kHz.wav,415.0,420.0,orca_call,0.01560618
355003,MARS_20230901_20230930_32kHz,MARS_20230923_162317_resampled_32kHz.wav,475.0,480.0,orca_call,0.12368284
355986,MARS_20230901_20230930_32kHz,MARS_20230916_032807_resampled_32kHz.wav,590.0,595.0,orca_call,0.5750024
359365,MARS_20230901_20230930_32kHz,MARS_20230922_090317_resampled_32kHz.wav,85.0,90.0,orca_call,0.3654762
359469,MARS_20230901_20230930_32kHz,MARS_20230926_125317_resampled_32kHz.wav,5.0,10.0,orca_call,0.088956624
359857,MARS_20230901_20230930_32kHz,MARS_20230922_063317_resampled_32kHz.wav,145.0,150.0,orca_call,0.7291895
359858,MARS_20230901_20230930_32kHz,MARS_20230922_063317_resampled_32kHz.wav,150.0,155.0,orca_call,1.2746992
359862,MARS_20230901_20230930_32kHz,MARS_20230922_063317_resampled_32kHz.wav,170.0,175.0,orca_call,0.63434887
363496,MARS_20230901_20230930_32kHz,MARS_20230916_184054_resampled_32kHz.wav,340.0,345.0,orca_call,0.42443585
363544,MARS_20230901_20230930_32kHz,MARS_20230916_184054_resampled_32kHz.wav,580.0,585.0,orca_call,0.6954533
363545,MARS_20230901_20230930_32kHz,MARS_20230916_184054_resampled_32kHz.wav,585.0,590.0,orca_call,2.5007622
364032,MARS_20230901_20230930_32kHz,MARS_20230906_084857_resampled_32kHz.wav,20.0,25.0,orca_call,1.704565
364033,MARS_20230901_20230930_32kHz,MARS_20230906_084857_resampled_32kHz.wav,25.0,30.0,orca_call,0.35946316
364037,MARS_20230901_20230930_32kHz,MARS_20230906_084857_resampled_32kHz.wav,45.0,50.0,orca_call,1.3289338
364040,MARS_20230901_20230930_32kHz,MARS_20230906_084857_resampled_32kHz.wav,60.0,65.0,orca_call,0.099503174
364041,MARS_20230901_20230930_32kHz,MARS_20230906_084857_resampled_32kHz.wav,65.0,70.0,orca_call,1.2556899
364046,MARS_20230901_20230930_32kHz,MARS_20230906_084857_resampled_32kHz.wav,90.0,95.0,orca_call,1.7797163
364047,MARS_20230901_20230930_32kHz,MARS_20230906_084857_resampled_32kHz.wav,95.0,100.0,orca_call,1.4547837
364048,MARS_20230901_20230930_32kHz,MARS_20230906_084857_resampled_32kHz.wav,100.0,105.0,orca_call,1.9733212
364053,MARS_20230901_20230930_32kHz,MARS_20230906_084857_resampled_32kHz.wav,125.0,130.0,orca_call,0.13764842
364098,MARS_20230901_20230930_32kHz,MARS_20230906_084857_resampled_32kHz.wav,350.0,355.0,orca_call,0.12081529
364116,MARS_20230901_20230930_32kHz,MARS_20230906_084857_resampled_32kHz.wav,440.0,445.0,orca_call,0.14593486
364123,MARS_20230901_20230930_32kHz,MARS_20230906_084857_resampled_32kHz.wav,475.0,480.0,orca_call,0.4919523
364125,MARS_20230901_20230930_32kHz,MARS_20230906_084857_resampled_32kHz.wav,485.0,490.0,orca_call,2.5965457
364126,MARS_20230901_20230930_32kHz,MARS_20230906_084857_resampled_32kHz.wav,490.0,495.0,orca_call,2.397776
364136,MARS_20230901_20230930_32kHz,MARS_20230906_084857_resampled_32kHz.wav,540.0,545.0,orca_call,0.4581921
366415,MARS_20230901_20230930_32kHz,MARS_20230923_101317_resampled_32kHz.wav,535.0,540.0,orca_call,0.013595134
367034,MARS_20230901_20230930_32kHz,MARS_20230901_110041_resampled_32kHz.wav,30.0,35.0,orca_call,0.052150175
369289,MARS_20230901_20230930_32kHz,MARS_20230906_023857_resampled_32kHz.wav,505.0,510.0,orca_call,0.12784715
369290,MARS_20230901_20230930_32kHz,MARS_20230906_023857_resampled_32kHz.wav,510.0,515.0,orca_call,1.2093589
373531,MARS_20230901_20230930_32kHz,MARS_20230916_182054_resampled_32kHz.wav,115.0,120.0,orca_call,0.30275333
373532,MARS_20230901_20230930_32kHz,MARS_20230916_182054_resampled_32kHz.wav,120.0,125.0,orca_call,0.83967364
373598,MARS_20230901_20230930_32kHz,MARS_20230916_182054_resampled_32kHz.wav,450.0,455.0,orca_call,0.36460912
373607,MARS_20230901_20230930_32kHz,MARS_20230916_182054_resampled_32kHz.wav,495.0,500.0,orca_call,1.2029495
373931,MARS_20230901_20230930_32kHz,MARS_20230906_060857_resampled_32kHz.wav,315.0,320.0,orca_call,0.56717956
374947,MARS_20230901_20230930_32kHz,MARS_20230922_234317_resampled_32kHz.wav,595.0,600.0,orca_call,0.0076711625
376151,MARS_20230901_20230930_32kHz,MARS_20230922_095317_resampled_32kHz.wav,15.0,20.0,orca_call,0.111556634
376586,MARS_20230901_20230930_32kHz,MARS_20230906_063857_resampled_32kHz.wav,390.0,395.0,orca_call,3.1916642
376615,MARS_20230901_20230930_32kHz,MARS_20230906_063857_resampled_32kHz.wav,535.0,540.0,orca_call,0.98616135
378669,MARS_20230901_20230930_32kHz,MARS_20230906_095857_resampled_32kHz.wav,5.0,10.0,orca_call,0.11174871
378676,MARS_20230901_20230930_32kHz,MARS_20230906_095857_resampled_32kHz.wav,40.0,45.0,orca_call,0.19085674
378678,MARS_20230901_20230930_32kHz,MARS_20230906_095857_resampled_32kHz.wav,50.0,55.0,orca_call,1.3797508
378680,MARS_20230901_20230930_32kHz,MARS_20230906_095857_resampled_32kHz.wav,60.0,65.0,orca_call,2.837613
378685,MARS_20230901_20230930_32kHz,MARS_20230906_095857_resampled_32kHz.wav,85.0,90.0,orca_call,1.4410512
379722,MARS_20230901_20230930_32kHz,MARS_20230925_111317_resampled_32kHz.wav,470.0,475.0,orca_call,0.77135694
381417,MARS_20230901_20230930_32kHz,MARS_20230921_112317_resampled_32kHz.wav,545.0,550.0,orca_call,0.047383025
382237,MARS_20230901_20230930_32kHz,MARS_20230915_053227_resampled_32kHz.wav,445.0,450.0,orca_call,0.16393001
382239,MARS_20230901_20230930_32kHz,MARS_20230915_053227_resampled_32kHz.wav,455.0,460.0,orca_call,0.99154854
382931,MARS_20230901_20230930_32kHz,MARS_20230913_172227_resampled_32kHz.wav,315.0,320.0,orca_call,0.058569655
382934,MARS_20230901_20230930_32kHz,MARS_20230913_172227_resampled_32kHz.wav,330.0,335.0,orca_call,0.92003417
384786,MARS_20230901_20230930_32kHz,MARS_20230922_113317_resampled_32kHz.wav,590.0,595.0,orca_call,1.0577528
386353,MARS_20230901_20230930_32kHz,MARS_20230929_182615_resampled_32kHz.wav,25.0,30.0,orca_call,0.108905315
386366,MARS_20230901_20230930_32kHz,MARS_20230929_182615_resampled_32kHz.wav,90.0,95.0,orca_call,0.04102327
386450,MARS_20230901_20230930_32kHz,MARS_20230929_182615_resampled_32kHz.wav,510.0,515.0,orca_call,1.2929559
388102,MARS_20230901_20230930_32kHz,MARS_20230917_050054_resampled_32kHz.wav,370.0,375.0,orca_call,1.0926814
388106,MARS_20230901_20230930_32kHz,MARS_20230917_050054_resampled_32kHz.wav,390.0,395.0,orca_call,0.42594945
389359,MARS_20230901_20230930_32kHz,MARS_20230913_130227_resampled_32kHz.wav,55.0,60.0,orca_call,0.17865996
389429,MARS_20230901_20230930_32kHz,MARS_20230913_130227_resampled_32kHz.wav,405.0,410.0,orca_call,0.32127053
389460,MARS_20230901_20230930_32kHz,MARS_20230913_130227_resampled_32kHz.wav,560.0,565.0,orca_call,0.505769
389461,MARS_20230901_20230930_32kHz,MARS_20230913_130227_resampled_32kHz.wav,565.0,570.0,orca_call,2.3748982
389462,MARS_20230901_20230930_32kHz,MARS_20230913_130227_resampled_32kHz.wav,570.0,575.0,orca_call,2.0085504
390135,MARS_20230901_20230930_32kHz,MARS_20230913_133227_resampled_32kHz.wav,335.0,340.0,orca_call,1.6295757
390146,MARS_20230901_20230930_32kHz,MARS_20230913_133227_resampled_32kHz.wav,390.0,395.0,orca_call,0.00012205541
391987,MARS_20230901_20230930_32kHz,MARS_20230913_141227_resampled_32kHz.wav,595.0,600.0,orca_call,0.3834682
392188,MARS_20230901_20230930_32kHz,MARS_20230902_105041_resampled_32kHz.wav,400.0,405.0,orca_call,0.7956071
394778,MARS_20230901_20230930_32kHz,MARS_20230920_021054_resampled_32kHz.wav,150.0,155.0,orca_call,0.4235332
394840,MARS_20230901_20230930_32kHz,MARS_20230920_021054_resampled_32kHz.wav,460.0,465.0,orca_call,1.6429331
395577,MARS_20230901_20230930_32kHz,MARS_20230902_041041_resampled_32kHz.wav,545.0,550.0,orca_call,0.13046272
395595,MARS_20230901_20230930_32kHz,MARS_20230930_192615_resampled_32kHz.wav,35.0,40.0,orca_call,1.1181784
395607,MARS_20230901_20230930_32kHz,MARS_20230930_192615_resampled_32kHz.wav,95.0,100.0,orca_call,0.6050488
397202,MARS_20230901_20230930_32kHz,MARS_20230923_190317_resampled_32kHz.wav,270.0,275.0,orca_call,0.88942647
397282,MARS_20230901_20230930_32kHz,MARS_20230921_003317_resampled_32kHz.wav,70.0,75.0,orca_call,0.4244207
398291,MARS_20230901_20230930_32kHz,MARS_20230905_190857_resampled_32kHz.wav,315.0,320.0,orca_call,0.074516416
399142,MARS_20230901_20230930_32kHz,MARS_20230920_092054_resampled_32kHz.wav,370.0,375.0,orca_call,0.32219863
399144,MARS_20230901_20230930_32kHz,MARS_20230920_092054_resampled_32kHz.wav,380.0,385.0,orca_call,0.5751155
399146,MARS_20230901_20230930_32kHz,MARS_20230920_092054_resampled_32kHz.wav,390.0,395.0,orca_call,0.5164312
399178,MARS_20230901_20230930_32kHz,MARS_20230920_092054_resampled_32kHz.wav,550.0,555.0,orca_call,0.028244302
399449,MARS_20230901_20230930_32kHz,MARS_20230928_201615_resampled_32kHz.wav,105.0,110.0,orca_call,1.2979975
400588,MARS_20230901_20230930_32kHz,MARS_20230927_025615_resampled_32kHz.wav,400.0,405.0,orca_call,0.104767725
401255,MARS_20230901_20230930_32kHz,MARS_20230929_090615_resampled_32kHz.wav,135.0,140.0,orca_call,0.07534878
401322,MARS_20230901_20230930_32kHz,MARS_20230929_090615_resampled_32kHz.wav,470.0,475.0,orca_call,0.9341891
401324,MARS_20230901_20230930_32kHz,MARS_20230929_090615_resampled_32kHz.wav,480.0,485.0,orca_call,0.0037288517
401371,MARS_20230901_20230930_32kHz,MARS_20230915_075807_resampled_32kHz.wav,115.0,120.0,orca_call,0.53157556
401424,MARS_20230901_20230930_32kHz,MARS_20230915_075807_resampled_32kHz.wav,380.0,385.0,orca_call,0.21394502
402337,MARS_20230901_20230930_32kHz,MARS_20230901_124041_resampled_32kHz.wav,145.0,150.0,orca_call,0.0341226
402840,MARS_20230901_20230930_32kHz,MARS_20230928_061615_resampled_32kHz.wav,260.0,265.0,orca_call,0.15471102
405457,MARS_20230901_20230930_32kHz,MARS_20230917_165054_resampled_32kHz.wav,145.0,150.0,orca_call,3.2596648
405471,MARS_20230901_20230930_32kHz,MARS_20230917_165054_resampled_32kHz.wav,215.0,220.0,orca_call,0.14330415
405480,MARS_20230901_20230930_32kHz,MARS_20230917_165054_resampled_32kHz.wav,260.0,265.0,orca_call,0.35718775
407551,MARS_20230901_20230930_32kHz,MARS_20230921_120317_resampled_32kHz.wav,415.0,420.0,orca_call,0.17895032
409774,MARS_20230901_20230930_32kHz,MARS_20230920_150054_resampled_32kHz.wav,130.0,135.0,orca_call,0.2423849
410686,MARS_20230901_20230930_32kHz,MARS_20230925_211317_resampled_32kHz.wav,490.0,495.0,orca_call,0.39973664
412190,MARS_20230901_20230930_32kHz,MARS_20230919_074054_resampled_32kHz.wav,210.0,215.0,orca_call,0.066412255
413755,MARS_20230901_20230930_32kHz,MARS_20230920_022054_resampled_32kHz.wav,235.0,240.0,orca_call,0.36236835
413756,MARS_20230901_20230930_32kHz,MARS_20230920_022054_resampled_32kHz.wav,240.0,245.0,orca_call,0.21762796
414685,MARS_20230901_20230930_32kHz,MARS_20230925_010317_resampled_32kHz.wav,85.0,90.0,orca_call,0.25156927
416361,MARS_20230901_20230930_32kHz,MARS_20230913_153227_resampled_32kHz.wav,65.0,70.0,orca_call,0.47245586
416728,MARS_20230901_20230930_32kHz,MARS_20230929_120615_resampled_32kHz.wav,100.0,105.0,orca_call,0.02828835
417095,MARS_20230901_20230930_32kHz,MARS_20230901_122041_resampled_32kHz.wav,15.0,20.0,orca_call,0.44832575
417096,MARS_20230901_20230930_32kHz,MARS_20230901_122041_resampled_32kHz.wav,20.0,25.0,orca_call,0.79092735
417098,MARS_20230901_20230930_32kHz,MARS_20230901_122041_resampled_32kHz.wav,30.0,35.0,orca_call,0.94004357
417973,MARS_20230901_20230930_32kHz,MARS_20230925_180317_resampled_32kHz.wav,205.0,210.0,orca_call,0.2022038
419570,MARS_20230901_20230930_32kHz,MARS_20230915_120807_resampled_32kHz.wav,390.0,395.0,orca_call,0.22548147
419571,MARS_20230901_20230930_32kHz,MARS_20230915_120807_resampled_32kHz.wav,395.0,400.0,orca_call,0.39309037
419573,MARS_20230901_20230930_32kHz,MARS_20230915_120807_resampled_32kHz.wav,405.0,410.0,orca_call,1.1125382
419574,MARS_20230901_20230930_32kHz,MARS_20230915_120807_resampled_32kHz.wav,410.0,415.0,orca_call,0.52892256
419576,MARS_20230901_20230930_32kHz,MARS_20230915_120807_resampled_32kHz.wav,420.0,425.0,orca_call,0.9417875
420163,MARS_20230901_20230930_32kHz,MARS_20230922_080317_resampled_32kHz.wav,355.0,360.0,orca_call,0.13300739
420207,MARS_20230901_20230930_32kHz,MARS_20230922_080317_resampled_32kHz.wav,575.0,580.0,orca_call,0.043611526
420780,MARS_20230901_20230930_32kHz,MARS_20230917_182054_resampled_32kHz.wav,440.0,445.0,orca_call,1.0750026
420781,MARS_20230901_20230930_32kHz,MARS_20230917_182054_resampled_32kHz.wav,445.0,450.0,orca_call,0.28354025
421392,MARS_20230901_20230930_32kHz,MARS_20230927_012615_resampled_32kHz.wav,500.0,505.0,orca_call,1.3930483
421394,MARS_20230901_20230930_32kHz,MARS_20230927_012615_resampled_32kHz.wav,510.0,515.0,orca_call,1.1087016
421397,MARS_20230901_20230930_32kHz,MARS_20230927_012615_resampled_32kHz.wav,525.0,530.0,orca_call,0.06899655
421401,MARS_20230901_20230930_32kHz,MARS_20230927_012615_resampled_32kHz.wav,545.0,550.0,orca_call,0.23301624
421658,MARS_20230901_20230930_32kHz,MARS_20230901_152041_resampled_32kHz.wav,30.0,35.0,orca_call,0.1695882
421679,MARS_20230901_20230930_32kHz,MARS_20230901_152041_resampled_32kHz.wav,135.0,140.0,orca_call,0.09284152
425169,MARS_20230901_20230930_32kHz,MARS_20230906_055857_resampled_32kHz.wav,185.0,190.0,orca_call,0.14237674
425186,MARS_20230901_20230930_32kHz,MARS_20230906_055857_resampled_32kHz.wav,270.0,275.0,orca_call,1.1202061
425193,MARS_20230901_20230930_32kHz,MARS_20230906_055857_resampled_32kHz.wav,305.0,310.0,orca_call,0.7291734
425196,MARS_20230901_20230930_32kHz,MARS_20230906_055857_resampled_32kHz.wav,320.0,325.0,orca_call,1.0185581
425198,MARS_20230901_20230930_32kHz,MARS_20230906_055857_resampled_32kHz.wav,330.0,335.0,orca_call,0.3744613
425200,MARS_20230901_20230930_32kHz,MARS_20230906_055857_resampled_32kHz.wav,340.0,345.0,orca_call,0.2845381
425204,MARS_20230901_20230930_32kHz,MARS_20230906_055857_resampled_32kHz.wav,360.0,365.0,orca_call,0.47183162
425210,MARS_20230901_20230930_32kHz,MARS_20230906_055857_resampled_32kHz.wav,390.0,395.0,orca_call,0.9580933
425212,MARS_20230901_20230930_32kHz,MARS_20230906_055857_resampled_32kHz.wav,400.0,405.0,orca_call,0.15472938
425215,MARS_20230901_20230930_32kHz,MARS_20230906_055857_resampled_32kHz.wav,415.0,420.0,orca_call,0.8030275
425219,MARS_20230901_20230930_32kHz,MARS_20230906_055857_resampled_32kHz.wav,435.0,440.0,orca_call,0.8923279
425221,MARS_20230901_20230930_32kHz,MARS_20230906_055857_resampled_32kHz.wav,445.0,450.0,orca_call,0.5947191
425224,MARS_20230901_20230930_32kHz,MARS_20230906_055857_resampled_32kHz.wav,460.0,465.0,orca_call,1.0473979
425227,MARS_20230901_20230930_32kHz,MARS_20230906_055857_resampled_32kHz.wav,475.0,480.0,orca_call,1.6339878
427465,MARS_20230901_20230930_32kHz,MARS_20230929_054615_resampled_32kHz.wav,265.0,270.0,orca_call,0.45499277
427654,MARS_20230901_20230930_32kHz,MARS_20230915_073807_resampled_32kHz.wav,10.0,15.0,orca_call,0.105667025
432054,MARS_20230901_20230930_32kHz,MARS_20230928_114615_resampled_32kHz.wav,410.0,415.0,orca_call,2.3956587
432905,MARS_20230901_20230930_32kHz,MARS_20230925_045317_resampled_32kHz.wav,465.0,470.0,orca_call,0.11509274
432966,MARS_20230901_20230930_32kHz,MARS_20230927_141615_resampled_32kHz.wav,170.0,175.0,orca_call,0.45628518
433022,MARS_20230901_20230930_32kHz,MARS_20230927_141615_resampled_32kHz.wav,450.0,455.0,orca_call,0.107963294
433375,MARS_20230901_20230930_32kHz,MARS_20230918_200054_resampled_32kHz.wav,415.0,420.0,orca_call,0.00051786005
433655,MARS_20230901_20230930_32kHz,MARS_20230917_080054_resampled_32kHz.wav,15.0,20.0,orca_call,0.49833453
434497,MARS_20230901_20230930_32kHz,MARS_20230902_113041_resampled_32kHz.wav,25.0,30.0,orca_call,0.04407476
435611,MARS_20230901_20230930_32kHz,MARS_20230922_092317_resampled_32kHz.wav,195.0,200.0,orca_call,1.5945235
435678,MARS_20230901_20230930_32kHz,MARS_20230922_092317_resampled_32kHz.wav,530.0,535.0,orca_call,0.8440981
436073,MARS_20230901_20230930_32kHz,MARS_20230916_080807_resampled_32kHz.wav,105.0,110.0,orca_call,0.009286389
436904,MARS_20230901_20230930_32kHz,MARS_20230922_093317_resampled_32kHz.wav,60.0,65.0,orca_call,0.25990272
436910,MARS_20230901_20230930_32kHz,MARS_20230922_093317_resampled_32kHz.wav,90.0,95.0,orca_call,0.70227253
438392,MARS_20230901_20230930_32kHz,MARS_20230915_180807_resampled_32kHz.wav,300.0,305.0,orca_call,0.5185526
438622,MARS_20230901_20230930_32kHz,MARS_20230901_181041_resampled_32kHz.wav,250.0,255.0,orca_call,1.3429576
441139,MARS_20230901_20230930_32kHz,MARS_20230922_012317_resampled_32kHz.wav,235.0,240.0,orca_call,0.3781234
441420,MARS_20230901_20230930_32kHz,MARS_20230916_024807_resampled_32kHz.wav,440.0,445.0,orca_call,0.46263677
441647,MARS_20230901_20230930_32kHz,MARS_20230905_182857_resampled_32kHz.wav,375.0,380.0,orca_call,0.3683262
443146,MARS_20230901_20230930_32kHz,MARS_20230921_210317_resampled_32kHz.wav,70.0,75.0,orca_call,1.5926166
443814,MARS_20230901_20230930_32kHz,MARS_20230929_084615_resampled_32kHz.wav,410.0,415.0,orca_call,2.211623
444174,MARS_20230901_20230930_32kHz,MARS_20230918_152054_resampled_32kHz.wav,410.0,415.0,orca_call,1.0079311
445064,MARS_20230901_20230930_32kHz,MARS_20230918_094054_resampled_32kHz.wav,60.0,65.0,orca_call,0.67337155
446322,MARS_20230901_20230930_32kHz,MARS_20230921_072317_resampled_32kHz.wav,350.0,355.0,orca_call,0.37252915
447067,MARS_20230901_20230930_32kHz,MARS_20230926_095317_resampled_32kHz.wav,380.0,385.0,orca_call,0.3582092
447281,MARS_20230901_20230930_32kHz,MARS_20230916_120054_resampled_32kHz.wav,250.0,255.0,orca_call,0.086110696
449174,MARS_20230901_20230930_32kHz,MARS_20230901_121041_resampled_32kHz.wav,115.0,120.0,orca_call,0.449619
451494,MARS_20230901_20230930_32kHz,MARS_20230909_212857_resampled_32kHz.wav,315.0,320.0,orca_call,0.7090732
452684,MARS_20230901_20230930_32kHz,MARS_20230918_143054_resampled_32kHz.wav,265.0,270.0,orca_call,0.07229869
452692,MARS_20230901_20230930_32kHz,MARS_20230918_143054_resampled_32kHz.wav,305.0,310.0,orca_call,0.21335535
452912,MARS_20230901_20230930_32kHz,MARS_20230926_093317_resampled_32kHz.wav,205.0,210.0,orca_call,0.25697672
454253,MARS_20230901_20230930_32kHz,MARS_20230914_030227_resampled_32kHz.wav,310.0,315.0,orca_call,0.11987765
454353,MARS_20230901_20230930_32kHz,MARS_20230909_202857_resampled_32kHz.wav,210.0,215.0,orca_call,0.15890162
454355,MARS_20230901_20230930_32kHz,MARS_20230909_202857_resampled_32kHz.wav,220.0,225.0,orca_call,0.7255018
454718,MARS_20230901_20230930_32kHz,MARS_20230903_123041_resampled_32kHz.wav,235.0,240.0,orca_call,0.12245329
454868,MARS_20230901_20230930_32kHz,MARS_20230902_111041_resampled_32kHz.wav,385.0,390.0,orca_call,0.54840714
455502,MARS_20230901_20230930_32kHz,MARS_20230930_201615_resampled_32kHz.wav,555.0,560.0,orca_call,1.0697608
455726,MARS_20230901_20230930_32kHz,MARS_20230927_140615_resampled_32kHz.wav,475.0,480.0,orca_call,0.5140055
457045,MARS_20230901_20230930_32kHz,MARS_20230917_053054_resampled_32kHz.wav,470.0,475.0,orca_call,0.6401879
457299,MARS_20230901_20230930_32kHz,MARS_20230919_222054_resampled_32kHz.wav,540.0,545.0,orca_call,0.31876308
457310,MARS_20230901_20230930_32kHz,MARS_20230919_222054_resampled_32kHz.wav,595.0,600.0,orca_call,0.5788562
458053,MARS_20230901_20230930_32kHz,MARS_20230924_044317_resampled_32kHz.wav,110.0,115.0,orca_call,0.36922324
460051,MARS_20230901_20230930_32kHz,MARS_20230906_031857_resampled_32kHz.wav,500.0,505.0,orca_call,0.07736391
460848,MARS_20230901_20230930_32kHz,MARS_20230928_014615_resampled_32kHz.wav,285.0,290.0,orca_call,0.12372689
461876,MARS_20230901_20230930_32kHz,MARS_20230916_021807_resampled_32kHz.wav,25.0,30.0,orca_call,0.2910635
461940,MARS_20230901_20230930_32kHz,MARS_20230916_021807_resampled_32kHz.wav,345.0,350.0,orca_call,0.8843945
461948,MARS_20230901_20230930_32kHz,MARS_20230916_021807_resampled_32kHz.wav,385.0,390.0,orca_call,0.96455693
462436,MARS_20230901_20230930_32kHz,MARS_20230920_033054_resampled_32kHz.wav,425.0,430.0,orca_call,1.3136282
462539,MARS_20230901_20230930_32kHz,MARS_20230919_202054_resampled_32kHz.wav,340.0,345.0,orca_call,0.05510561
462565,MARS_20230901_20230930_32kHz,MARS_20230919_202054_resampled_32kHz.wav,470.0,475.0,orca_call,2.2519886
462586,MARS_20230901_20230930_32kHz,MARS_20230919_202054_resampled_32kHz.wav,575.0,580.0,orca_call,0.21767507
464314,MARS_20230901_20230930_32kHz,MARS_20230927_065615_resampled_32kHz.wav,215.0,220.0,orca_call,0.58465195
464567,MARS_20230901_20230930_32kHz,MARS_20230916_072807_resampled_32kHz.wav,280.0,285.0,orca_call,1.991651
464568,MARS_20230901_20230930_32kHz,MARS_20230916_072807_resampled_32kHz.wav,285.0,290.0,orca_call,1.1447536
464569,MARS_20230901_20230930_32kHz,MARS_20230916_072807_resampled_32kHz.wav,290.0,295.0,orca_call,1.9336662
464571,MARS_20230901_20230930_32kHz,MARS_20230916_072807_resampled_32kHz.wav,300.0,305.0,orca_call,0.68268216
464574,MARS_20230901_20230930_32kHz,MARS_20230916_072807_resampled_32kHz.wav,315.0,320.0,orca_call,1.5811442
464581,MARS_20230901_20230930_32kHz,MARS_20230916_072807_resampled_32kHz.wav,350.0,355.0,orca_call,0.7467899
464592,MARS_20230901_20230930_32kHz,MARS_20230916_072807_resampled_32kHz.wav,405.0,410.0,orca_call,0.3609841
464593,MARS_20230901_20230930_32kHz,MARS_20230916_072807_resampled_32kHz.wav,410.0,415.0,orca_call,1.0476218
468956,MARS_20230901_20230930_32kHz,MARS_20230917_173054_resampled_32kHz.wav,25.0,30.0,orca_call,0.95372367
468957,MARS_20230901_20230930_32kHz,MARS_20230917_173054_resampled_32kHz.wav,30.0,35.0,orca_call,0.70269847
468958,MARS_20230901_20230930_32kHz,MARS_20230917_173054_resampled_32kHz.wav,35.0,40.0,orca_call,0.9871732
468959,MARS_20230901_20230930_32kHz,MARS_20230917_173054_resampled_32kHz.wav,40.0,45.0,orca_call,0.9824846
468962,MARS_20230901_20230930_32kHz,MARS_20230917_173054_resampled_32kHz.wav,55.0,60.0,orca_call,4.079574
468963,MARS_20230901_20230930_32kHz,MARS_20230917_173054_resampled_32kHz.wav,60.0,65.0,orca_call,1.2283337
468972,MARS_20230901_20230930_32kHz,MARS_20230917_173054_resampled_32kHz.wav,105.0,110.0,orca_call,0.35243183
468976,MARS_20230901_20230930_32kHz,MARS_20230917_173054_resampled_32kHz.wav,125.0,130.0,orca_call,0.124737695
468977,MARS_20230901_20230930_32kHz,MARS_20230917_173054_resampled_32kHz.wav,130.0,135.0,orca_call,0.5591556
468978,MARS_20230901_20230930_32kHz,MARS_20230917_173054_resampled_32kHz.wav,135.0,140.0,orca_call,0.053015247
469040,MARS_20230901_20230930_32kHz,MARS_20230917_173054_resampled_32kHz.wav,445.0,450.0,orca_call,0.9993613
469059,MARS_20230901_20230930_32kHz,MARS_20230917_173054_resampled_32kHz.wav,540.0,545.0,orca_call,0.08331649
469119,MARS_20230901_20230930_32kHz,MARS_20230920_044054_resampled_32kHz.wav,240.0,245.0,orca_call,0.36607122
472187,MARS_20230901_20230930_32kHz,MARS_20230917_021054_resampled_32kHz.wav,580.0,585.0,orca_call,0.6013496
475315,MARS_20230901_20230930_32kHz,MARS_20230917_152054_resampled_32kHz.wav,20.0,25.0,orca_call,0.23377301
476272,MARS_20230901_20230930_32kHz,MARS_20230929_184615_resampled_32kHz.wav,5.0,10.0,orca_call,0.05876513
476274,MARS_20230901_20230930_32kHz,MARS_20230929_184615_resampled_32kHz.wav,15.0,20.0,orca_call,1.5342298
476275,MARS_20230901_20230930_32kHz,MARS_20230929_184615_resampled_32kHz.wav,20.0,25.0,orca_call,1.6117153
476310,MARS_20230901_20230930_32kHz,MARS_20230929_184615_resampled_32kHz.wav,195.0,200.0,orca_call,2.8198378
476313,MARS_20230901_20230930_32kHz,MARS_20230929_184615_resampled_32kHz.wav,210.0,215.0,orca_call,2.208189
476319,MARS_20230901_20230930_32kHz,MARS_20230929_184615_resampled_32kHz.wav,240.0,245.0,orca_call,0.3618036
476328,MARS_20230901_20230930_32kHz,MARS_20230929_184615_resampled_32kHz.wav,285.0,290.0,orca_call,2.0449486
476332,MARS_20230901_20230930_32kHz,MARS_20230929_184615_resampled_32kHz.wav,305.0,310.0,orca_call,0.30694908
477560,MARS_20230901_20230930_32kHz,MARS_20230902_001041_resampled_32kHz.wav,445.0,450.0,orca_call,0.4024408
477583,MARS_20230901_20230930_32kHz,MARS_20230902_001041_resampled_32kHz.wav,560.0,565.0,orca_call,0.36205262
477585,MARS_20230901_20230930_32kHz,MARS_20230902_001041_resampled_32kHz.wav,570.0,575.0,orca_call,0.12134628
479149,MARS_20230901_20230930_32kHz,MARS_20230920_122054_resampled_32kHz.wav,590.0,595.0,orca_call,0.6047101
479174,MARS_20230901_20230930_32kHz,MARS_20230924_193317_resampled_32kHz.wav,115.0,120.0,orca_call,0.3264373
479190,MARS_20230901_20230930_32kHz,MARS_20230924_193317_resampled_32kHz.wav,195.0,200.0,orca_call,1.353795
479217,MARS_20230901_20230930_32kHz,MARS_20230924_193317_resampled_32kHz.wav,330.0,335.0,orca_call,0.76913553
479570,MARS_20230901_20230930_32kHz,MARS_20230929_023615_resampled_32kHz.wav,295.0,300.0,orca_call,1.4124207
479592,MARS_20230901_20230930_32kHz,MARS_20230929_023615_resampled_32kHz.wav,405.0,410.0,orca_call,1.055959
480232,MARS_20230901_20230930_32kHz,MARS_20230927_010615_resampled_32kHz.wav,5.0,10.0,orca_call,1.5822837
480235,MARS_20230901_20230930_32kHz,MARS_20230927_010615_resampled_32kHz.wav,20.0,25.0,orca_call,2.951043
480240,MARS_20230901_20230930_32kHz,MARS_20230927_010615_resampled_32kHz.wav,45.0,50.0,orca_call,0.5957708
480243,MARS_20230901_20230930_32kHz,MARS_20230927_010615_resampled_32kHz.wav,60.0,65.0,orca_call,0.907596
480248,MARS_20230901_20230930_32kHz,MARS_20230927_010615_resampled_32kHz.wav,85.0,90.0,orca_call,1.2988913
480296,MARS_20230901_20230930_32kHz,MARS_20230927_010615_resampled_32kHz.wav,325.0,330.0,orca_call,0.035790876
480341,MARS_20230901_20230930_32kHz,MARS_20230927_010615_resampled_32kHz.wav,550.0,555.0,orca_call,0.46645218
480568,MARS_20230901_20230930_32kHz,MARS_20230916_050807_resampled_32kHz.wav,485.0,490.0,orca_call,0.5488771
482233,MARS_20230901_20230930_32kHz,MARS_20230901_125041_resampled_32kHz.wav,410.0,415.0,orca_call,0.9264878
485625,MARS_20230901_20230930_32kHz,MARS_20230906_201857_resampled_32kHz.wav,570.0,575.0,orca_call,0.25115973
487038,MARS_20230901_20230930_32kHz,MARS_20230924_234317_resampled_32kHz.wav,435.0,440.0,orca_call,1.3631481
487383,MARS_20230901_20230930_32kHz,MARS_20230901_184041_resampled_32kHz.wav,360.0,365.0,orca_call,0.085967675
487407,MARS_20230901_20230930_32kHz,MARS_20230901_184041_resampled_32kHz.wav,480.0,485.0,orca_call,0.38406616
487575,MARS_20230901_20230930_32kHz,MARS_20230902_203041_resampled_32kHz.wav,120.0,125.0,orca_call,2.6497061
488888,MARS_20230901_20230930_32kHz,MARS_20230922_010317_resampled_32kHz.wav,85.0,90.0,orca_call,0.12411319
488891,MARS_20230901_20230930_32kHz,MARS_20230922_010317_resampled_32kHz.wav,100.0,105.0,orca_call,0.6195831
488911,MARS_20230901_20230930_32kHz,MARS_20230922_010317_resampled_32kHz.wav,200.0,205.0,orca_call,1.5186317
488912,MARS_20230901_20230930_32kHz,MARS_20230922_010317_resampled_32kHz.wav,205.0,210.0,orca_call,0.2647047
489749,MARS_20230901_20230930_32kHz,MARS_20230923_103317_resampled_32kHz.wav,190.0,195.0,orca_call,0.33846116
490958,MARS_20230901_20230930_32kHz,MARS_20230922_180317_resampled_32kHz.wav,235.0,240.0,orca_call,0.14686932
492666,MARS_20230901_20230930_32kHz,MARS_20230929_101615_resampled_32kHz.wav,375.0,380.0,orca_call,1.1569254
493476,MARS_20230901_20230930_32kHz,MARS_20230920_103054_resampled_32kHz.wav,225.0,230.0,orca_call,1.9107854
494194,MARS_20230901_20230930_32kHz,MARS_20230917_132054_resampled_32kHz.wav,215.0,220.0,orca_call,0.21087132
497444,MARS_20230901_20230930_32kHz,MARS_20230927_005615_resampled_32kHz.wav,265.0,270.0,orca_call,0.4735527
497461,MARS_20230901_20230930_32kHz,MARS_20230927_005615_resampled_32kHz.wav,350.0,355.0,orca_call,0.00085558
497496,MARS_20230901_20230930_32kHz,MARS_20230927_005615_resampled_32kHz.wav,525.0,530.0,orca_call,0.46274137
497497,MARS_20230901_20230930_32kHz,MARS_20230927_005615_resampled_32kHz.wav,530.0,535.0,orca_call,1.1018678
497510,MARS_20230901_20230930_32kHz,MARS_20230927_005615_resampled_32kHz.wav,595.0,600.0,orca_call,2.1751702
497665,MARS_20230901_20230930_32kHz,MARS_20230906_054857_resampled_32kHz.wav,170.0,175.0,orca_call,0.19964306
497709,MARS_20230901_20230930_32kHz,MARS_20230906_054857_resampled_32kHz.wav,390.0,395.0,orca_call,0.4866649
497745,MARS_20230901_20230930_32kHz,MARS_20230906_054857_resampled_32kHz.wav,570.0,575.0,orca_call,0.43364984
497748,MARS_20230901_20230930_32kHz,MARS_20230906_054857_resampled_32kHz.wav,585.0,590.0,orca_call,0.03644885
498867,MARS_20230901_20230930_32kHz,MARS_20230930_204615_resampled_32kHz.wav,115.0,120.0,orca_call,1.0041008
498870,MARS_20230901_20230930_32kHz,MARS_20230930_204615_resampled_32kHz.wav,130.0,135.0,orca_call,1.0887105
499189,MARS_20230901_20230930_32kHz,MARS_20230925_085317_resampled_32kHz.wav,525.0,530.0,orca_call,1.5039451
499240,MARS_20230901_20230930_32kHz,MARS_20230920_050054_resampled_32kHz.wav,180.0,185.0,orca_call,0.5445053
499243,MARS_20230901_20230930_32kHz,MARS_20230920_050054_resampled_32kHz.wav,195.0,200.0,orca_call,0.05351709
501162,MARS_20230901_20230930_32kHz,MARS_20230916_181054_resampled_32kHz.wav,190.0,195.0,orca_call,1.2451425
501843,MARS_20230901_20230930_32kHz,MARS_20230921_110317_resampled_32kHz.wav,595.0,600.0,orca_call,0.113992244
502547,MARS_20230901_20230930_32kHz,MARS_20230901_112041_resampled_32kHz.wav,515.0,520.0,orca_call,1.2079873
503311,MARS_20230901_20230930_32kHz,MARS_20230928_115615_resampled_32kHz.wav,135.0,140.0,orca_call,0.6019161
503332,MARS_20230901_20230930_32kHz,MARS_20230928_115615_resampled_32kHz.wav,240.0,245.0,orca_call,0.45047998
503333,MARS_20230901_20230930_32kHz,MARS_20230928_115615_resampled_32kHz.wav,245.0,250.0,orca_call,0.6596472
503368,MARS_20230901_20230930_32kHz,MARS_20230928_115615_resampled_32kHz.wav,420.0,425.0,orca_call,0.78586197
503369,MARS_20230901_20230930_32kHz,MARS_20230928_115615_resampled_32kHz.wav,425.0,430.0,orca_call,0.97602284
503370,MARS_20230901_20230930_32kHz,MARS_20230928_115615_resampled_32kHz.wav,430.0,435.0,orca_call,3.610738
503372,MARS_20230901_20230930_32kHz,MARS_20230928_115615_resampled_32kHz.wav,440.0,445.0,orca_call,3.6555774
504379,MARS_20230901_20230930_32kHz,MARS_20230919_181054_resampled_32kHz.wav,75.0,80.0,orca_call,0.5194104
507144,MARS_20230901_20230930_32kHz,MARS_20230901_151041_resampled_32kHz.wav,100.0,105.0,orca_call,0.4663037
507145,MARS_20230901_20230930_32kHz,MARS_20230901_151041_resampled_32kHz.wav,105.0,110.0,orca_call,1.1485399
507146,MARS_20230901_20230930_32kHz,MARS_20230901_151041_resampled_32kHz.wav,110.0,115.0,orca_call,1.6412808
507147,MARS_20230901_20230930_32kHz,MARS_20230901_151041_resampled_32kHz.wav,115.0,120.0,orca_call,0.63528943
507158,MARS_20230901_20230930_32kHz,MARS_20230901_151041_resampled_32kHz.wav,170.0,175.0,orca_call,0.48303854
507159,MARS_20230901_20230930_32kHz,MARS_20230901_151041_resampled_32kHz.wav,175.0,180.0,orca_call,2.5070944
507165,MARS_20230901_20230930_32kHz,MARS_20230901_151041_resampled_32kHz.wav,205.0,210.0,orca_call,0.116137
507230,MARS_20230901_20230930_32kHz,MARS_20230901_151041_resampled_32kHz.wav,530.0,535.0,orca_call,0.4015308
507241,MARS_20230901_20230930_32kHz,MARS_20230901_151041_resampled_32kHz.wav,585.0,590.0,orca_call,0.5376145
507857,MARS_20230901_20230930_32kHz,MARS_20230906_072857_resampled_32kHz.wav,65.0,70.0,orca_call,0.23432384
507867,MARS_20230901_20230930_32kHz,MARS_20230906_072857_resampled_32kHz.wav,115.0,120.0,orca_call,0.25799692
507868,MARS_20230901_20230930_32kHz,MARS_20230906_072857_resampled_32kHz.wav,120.0,125.0,orca_call,1.8953671
507939,MARS_20230901_20230930_32kHz,MARS_20230906_072857_resampled_32kHz.wav,475.0,480.0,orca_call,1.8533027
507941,MARS_20230901_20230930_32kHz,MARS_20230906_072857_resampled_32kHz.wav,485.0,490.0,orca_call,0.5322325
507943,MARS_20230901_20230930_32kHz,MARS_20230906_072857_resampled_32kHz.wav,495.0,500.0,orca_call,0.25161493
507945,MARS_20230901_20230930_32kHz,MARS_20230906_072857_resampled_32kHz.wav,505.0,510.0,orca_call,0.6014128
507956,MARS_20230901_20230930_32kHz,MARS_20230906_072857_resampled_32kHz.wav,560.0,565.0,orca_call,1.5111234
507960,MARS_20230901_20230930_32kHz,MARS_20230906_072857_resampled_32kHz.wav,580.0,585.0,orca_call,1.3527882
508078,MARS_20230901_20230930_32kHz,MARS_20230921_130317_resampled_32kHz.wav,570.0,575.0,orca_call,0.032219023
