idx,project,filename,window_start,window_end,label,logits
5153,MARS_20160401_20160430_32kHz,MARS_20160404_094039_resampled_32kHz.wav,180.0,185.0,orca_call,1.1735156
5167,MARS_20160401_20160430_32kHz,MARS_20160404_094039_resampled_32kHz.wav,250.0,255.0,orca_call,1.1917577
5179,MARS_20160401_20160430_32kHz,MARS_20160404_094039_resampled_32kHz.wav,310.0,315.0,orca_call,0.12763423
5231,MARS_20160401_20160430_32kHz,MARS_20160404_094039_resampled_32kHz.wav,570.0,575.0,orca_call,0.18691504
5235,MARS_20160401_20160430_32kHz,MARS_20160404_094039_resampled_32kHz.wav,590.0,595.0,orca_call,1.2016078
5236,MARS_20160401_20160430_32kHz,MARS_20160404_094039_resampled_32kHz.wav,595.0,600.0,orca_call,0.6502254
6367,MARS_20160401_20160430_32kHz,MARS_20160417_202015_resampled_32kHz.wav,250.0,255.0,orca_call,1.1479685
7133,MARS_20160401_20160430_32kHz,MARS_20160427_161417_resampled_32kHz.wav,480.0,485.0,orca_call,0.16589037
7401,MARS_20160401_20160430_32kHz,MARS_20160410_072028_resampled_32kHz.wav,20.0,25.0,orca_call,0.2005929
7404,MARS_20160401_20160430_32kHz,MARS_20160410_072028_resampled_32kHz.wav,35.0,40.0,orca_call,0.25787276
7889,MARS_20160401_20160430_32kHz,MARS_20160417_002016_resampled_32kHz.wav,60.0,65.0,orca_call,0.9775728
7894,MARS_20160401_20160430_32kHz,MARS_20160417_002016_resampled_32kHz.wav,85.0,90.0,orca_call,0.68586594
7895,MARS_20160401_20160430_32kHz,MARS_20160417_002016_resampled_32kHz.wav,90.0,95.0,orca_call,0.9812925
7896,MARS_20160401_20160430_32kHz,MARS_20160417_002016_resampled_32kHz.wav,95.0,100.0,orca_call,0.38846275
7899,MARS_20160401_20160430_32kHz,MARS_20160417_002016_resampled_32kHz.wav,110.0,115.0,orca_call,0.8741989
7900,MARS_20160401_20160430_32kHz,MARS_20160417_002016_resampled_32kHz.wav,115.0,120.0,orca_call,1.5727232
7903,MARS_20160401_20160430_32kHz,MARS_20160417_002016_resampled_32kHz.wav,130.0,135.0,orca_call,0.77335197
7904,MARS_20160401_20160430_32kHz,MARS_20160417_002016_resampled_32kHz.wav,135.0,140.0,orca_call,1.9454869
7922,MARS_20160401_20160430_32kHz,MARS_20160417_002016_resampled_32kHz.wav,225.0,230.0,orca_call,0.5733486
7923,MARS_20160401_20160430_32kHz,MARS_20160417_002016_resampled_32kHz.wav,230.0,235.0,orca_call,0.290936
7962,MARS_20160401_20160430_32kHz,MARS_20160417_002016_resampled_32kHz.wav,425.0,430.0,orca_call,0.26018307
12510,MARS_20160401_20160430_32kHz,MARS_20160427_155418_resampled_32kHz.wav,365.0,370.0,orca_call,0.22478479
12812,MARS_20160401_20160430_32kHz,MARS_20160411_185027_resampled_32kHz.wav,75.0,80.0,orca_call,0.12105694
18771,MARS_20160401_20160430_32kHz,MARS_20160419_112716_resampled_32kHz.wav,470.0,475.0,orca_call,0.3905707
18774,MARS_20160401_20160430_32kHz,MARS_20160419_112716_resampled_32kHz.wav,485.0,490.0,orca_call,0.94666016
18775,MARS_20160401_20160430_32kHz,MARS_20160419_112716_resampled_32kHz.wav,490.0,495.0,orca_call,0.6710267
21567,MARS_20160401_20160430_32kHz,MARS_20160421_025645_resampled_32kHz.wav,50.0,55.0,orca_call,0.047474064
25292,MARS_20160401_20160430_32kHz,MARS_20160420_102712_resampled_32kHz.wav,75.0,80.0,orca_call,2.5175018
25293,MARS_20160401_20160430_32kHz,MARS_20160420_102712_resampled_32kHz.wav,80.0,85.0,orca_call,0.73148316
25294,MARS_20160401_20160430_32kHz,MARS_20160420_102712_resampled_32kHz.wav,85.0,90.0,orca_call,1.8236091
25295,MARS_20160401_20160430_32kHz,MARS_20160420_102712_resampled_32kHz.wav,90.0,95.0,orca_call,1.2055677
25343,MARS_20160401_20160430_32kHz,MARS_20160420_102712_resampled_32kHz.wav,330.0,335.0,orca_call,0.35792574
25352,MARS_20160401_20160430_32kHz,MARS_20160420_102712_resampled_32kHz.wav,375.0,380.0,orca_call,1.4910359
25360,MARS_20160401_20160430_32kHz,MARS_20160420_102712_resampled_32kHz.wav,415.0,420.0,orca_call,0.09161163
25362,MARS_20160401_20160430_32kHz,MARS_20160420_102712_resampled_32kHz.wav,425.0,430.0,orca_call,0.7768675
25365,MARS_20160401_20160430_32kHz,MARS_20160420_102712_resampled_32kHz.wav,440.0,445.0,orca_call,1.6779003
25366,MARS_20160401_20160430_32kHz,MARS_20160420_102712_resampled_32kHz.wav,445.0,450.0,orca_call,2.4989338
25367,MARS_20160401_20160430_32kHz,MARS_20160420_102712_resampled_32kHz.wav,450.0,455.0,orca_call,0.058179237
25372,MARS_20160401_20160430_32kHz,MARS_20160420_102712_resampled_32kHz.wav,475.0,480.0,orca_call,1.1359614
25373,MARS_20160401_20160430_32kHz,MARS_20160420_102712_resampled_32kHz.wav,480.0,485.0,orca_call,0.7354686
25374,MARS_20160401_20160430_32kHz,MARS_20160420_102712_resampled_32kHz.wav,485.0,490.0,orca_call,1.3911561
25375,MARS_20160401_20160430_32kHz,MARS_20160420_102712_resampled_32kHz.wav,490.0,495.0,orca_call,0.043855198
25377,MARS_20160401_20160430_32kHz,MARS_20160420_102712_resampled_32kHz.wav,500.0,505.0,orca_call,2.0961423
25379,MARS_20160401_20160430_32kHz,MARS_20160420_102712_resampled_32kHz.wav,510.0,515.0,orca_call,2.209833
25380,MARS_20160401_20160430_32kHz,MARS_20160420_102712_resampled_32kHz.wav,515.0,520.0,orca_call,1.709049
25381,MARS_20160401_20160430_32kHz,MARS_20160420_102712_resampled_32kHz.wav,520.0,525.0,orca_call,1.1751434
25385,MARS_20160401_20160430_32kHz,MARS_20160420_102712_resampled_32kHz.wav,540.0,545.0,orca_call,1.0323001
25388,MARS_20160401_20160430_32kHz,MARS_20160420_102712_resampled_32kHz.wav,555.0,560.0,orca_call,1.886846
25390,MARS_20160401_20160430_32kHz,MARS_20160420_102712_resampled_32kHz.wav,565.0,570.0,orca_call,0.753188
25395,MARS_20160401_20160430_32kHz,MARS_20160420_102712_resampled_32kHz.wav,590.0,595.0,orca_call,0.99132705
30697,MARS_20160401_20160430_32kHz,MARS_20160421_032913_resampled_32kHz.wav,100.0,105.0,orca_call,1.0006207
32438,MARS_20160401_20160430_32kHz,MARS_20160416_102017_resampled_32kHz.wav,405.0,410.0,orca_call,1.5459911
32440,MARS_20160401_20160430_32kHz,MARS_20160416_102017_resampled_32kHz.wav,415.0,420.0,orca_call,0.4113471
32441,MARS_20160401_20160430_32kHz,MARS_20160416_102017_resampled_32kHz.wav,420.0,425.0,orca_call,0.27563846
32442,MARS_20160401_20160430_32kHz,MARS_20160416_102017_resampled_32kHz.wav,425.0,430.0,orca_call,1.2233055
32443,MARS_20160401_20160430_32kHz,MARS_20160416_102017_resampled_32kHz.wav,430.0,435.0,orca_call,1.8644562
32444,MARS_20160401_20160430_32kHz,MARS_20160416_102017_resampled_32kHz.wav,435.0,440.0,orca_call,1.2047396
32445,MARS_20160401_20160430_32kHz,MARS_20160416_102017_resampled_32kHz.wav,440.0,445.0,orca_call,0.8890337
32447,MARS_20160401_20160430_32kHz,MARS_20160416_102017_resampled_32kHz.wav,450.0,455.0,orca_call,1.2384524
32449,MARS_20160401_20160430_32kHz,MARS_20160416_102017_resampled_32kHz.wav,460.0,465.0,orca_call,1.623164
32452,MARS_20160401_20160430_32kHz,MARS_20160416_102017_resampled_32kHz.wav,475.0,480.0,orca_call,1.819079
32453,MARS_20160401_20160430_32kHz,MARS_20160416_102017_resampled_32kHz.wav,480.0,485.0,orca_call,1.4875709
32455,MARS_20160401_20160430_32kHz,MARS_20160416_102017_resampled_32kHz.wav,490.0,495.0,orca_call,0.77079374
32457,MARS_20160401_20160430_32kHz,MARS_20160416_102017_resampled_32kHz.wav,500.0,505.0,orca_call,0.63275623
32459,MARS_20160401_20160430_32kHz,MARS_20160416_102017_resampled_32kHz.wav,510.0,515.0,orca_call,0.83122045
32461,MARS_20160401_20160430_32kHz,MARS_20160416_102017_resampled_32kHz.wav,520.0,525.0,orca_call,0.757963
32463,MARS_20160401_20160430_32kHz,MARS_20160416_102017_resampled_32kHz.wav,530.0,535.0,orca_call,0.70358664
32464,MARS_20160401_20160430_32kHz,MARS_20160416_102017_resampled_32kHz.wav,535.0,540.0,orca_call,0.81097746
32468,MARS_20160401_20160430_32kHz,MARS_20160416_102017_resampled_32kHz.wav,555.0,560.0,orca_call,0.26384982
32470,MARS_20160401_20160430_32kHz,MARS_20160416_102017_resampled_32kHz.wav,565.0,570.0,orca_call,1.6878132
32471,MARS_20160401_20160430_32kHz,MARS_20160416_102017_resampled_32kHz.wav,570.0,575.0,orca_call,0.3362054
32473,MARS_20160401_20160430_32kHz,MARS_20160416_102017_resampled_32kHz.wav,580.0,585.0,orca_call,0.83217573
33697,MARS_20160401_20160430_32kHz,MARS_20160423_093024_resampled_32kHz.wav,100.0,105.0,orca_call,0.054640107
34039,MARS_20160401_20160430_32kHz,MARS_20160404_151039_resampled_32kHz.wav,10.0,15.0,orca_call,2.209207
34042,MARS_20160401_20160430_32kHz,MARS_20160404_151039_resampled_32kHz.wav,25.0,30.0,orca_call,0.4673106
34045,MARS_20160401_20160430_32kHz,MARS_20160404_151039_resampled_32kHz.wav,40.0,45.0,orca_call,1.8310568
34047,MARS_20160401_20160430_32kHz,MARS_20160404_151039_resampled_32kHz.wav,50.0,55.0,orca_call,0.8826825
34050,MARS_20160401_20160430_32kHz,MARS_20160404_151039_resampled_32kHz.wav,65.0,70.0,orca_call,0.63331425
34060,MARS_20160401_20160430_32kHz,MARS_20160404_151039_resampled_32kHz.wav,115.0,120.0,orca_call,3.1759713
34061,MARS_20160401_20160430_32kHz,MARS_20160404_151039_resampled_32kHz.wav,120.0,125.0,orca_call,1.7930241
34063,MARS_20160401_20160430_32kHz,MARS_20160404_151039_resampled_32kHz.wav,130.0,135.0,orca_call,1.2593656
34064,MARS_20160401_20160430_32kHz,MARS_20160404_151039_resampled_32kHz.wav,135.0,140.0,orca_call,0.72222704
34071,MARS_20160401_20160430_32kHz,MARS_20160404_151039_resampled_32kHz.wav,170.0,175.0,orca_call,2.0688412
34076,MARS_20160401_20160430_32kHz,MARS_20160404_151039_resampled_32kHz.wav,195.0,200.0,orca_call,1.1541815
34077,MARS_20160401_20160430_32kHz,MARS_20160404_151039_resampled_32kHz.wav,200.0,205.0,orca_call,0.76548064
34083,MARS_20160401_20160430_32kHz,MARS_20160404_151039_resampled_32kHz.wav,230.0,235.0,orca_call,1.9061991
34084,MARS_20160401_20160430_32kHz,MARS_20160404_151039_resampled_32kHz.wav,235.0,240.0,orca_call,2.3956
34085,MARS_20160401_20160430_32kHz,MARS_20160404_151039_resampled_32kHz.wav,240.0,245.0,orca_call,1.5676447
34086,MARS_20160401_20160430_32kHz,MARS_20160404_151039_resampled_32kHz.wav,245.0,250.0,orca_call,0.8046387
34088,MARS_20160401_20160430_32kHz,MARS_20160404_151039_resampled_32kHz.wav,255.0,260.0,orca_call,1.4637544
34091,MARS_20160401_20160430_32kHz,MARS_20160404_151039_resampled_32kHz.wav,270.0,275.0,orca_call,1.4365019
34096,MARS_20160401_20160430_32kHz,MARS_20160404_151039_resampled_32kHz.wav,295.0,300.0,orca_call,1.6533508
34097,MARS_20160401_20160430_32kHz,MARS_20160404_151039_resampled_32kHz.wav,300.0,305.0,orca_call,2.1244974
34110,MARS_20160401_20160430_32kHz,MARS_20160404_151039_resampled_32kHz.wav,365.0,370.0,orca_call,0.18317348
34114,MARS_20160401_20160430_32kHz,MARS_20160404_151039_resampled_32kHz.wav,385.0,390.0,orca_call,0.09249122
34947,MARS_20160401_20160430_32kHz,MARS_20160412_170026_resampled_32kHz.wav,350.0,355.0,orca_call,0.21982896
36179,MARS_20160401_20160430_32kHz,MARS_20160421_012645_resampled_32kHz.wav,25.0,30.0,orca_call,0.4068966
39654,MARS_20160401_20160430_32kHz,MARS_20160414_064019_resampled_32kHz.wav,0.0,5.0,orca_call,1.2036974
40378,MARS_20160401_20160430_32kHz,MARS_20160410_073028_resampled_32kHz.wav,20.0,25.0,orca_call,0.35750493
41584,MARS_20160401_20160430_32kHz,MARS_20160405_192038_resampled_32kHz.wav,50.0,55.0,orca_call,0.19315672
41587,MARS_20160401_20160430_32kHz,MARS_20160405_192038_resampled_32kHz.wav,65.0,70.0,orca_call,0.008437194
41588,MARS_20160401_20160430_32kHz,MARS_20160405_192038_resampled_32kHz.wav,70.0,75.0,orca_call,0.44914496
41590,MARS_20160401_20160430_32kHz,MARS_20160405_192038_resampled_32kHz.wav,80.0,85.0,orca_call,0.77145934
41596,MARS_20160401_20160430_32kHz,MARS_20160405_192038_resampled_32kHz.wav,110.0,115.0,orca_call,1.713431
41597,MARS_20160401_20160430_32kHz,MARS_20160405_192038_resampled_32kHz.wav,115.0,120.0,orca_call,1.1027042
41598,MARS_20160401_20160430_32kHz,MARS_20160405_192038_resampled_32kHz.wav,120.0,125.0,orca_call,0.16926515
41604,MARS_20160401_20160430_32kHz,MARS_20160405_192038_resampled_32kHz.wav,150.0,155.0,orca_call,1.6381478
41606,MARS_20160401_20160430_32kHz,MARS_20160405_192038_resampled_32kHz.wav,160.0,165.0,orca_call,0.44978726
41607,MARS_20160401_20160430_32kHz,MARS_20160405_192038_resampled_32kHz.wav,165.0,170.0,orca_call,0.53721774
41632,MARS_20160401_20160430_32kHz,MARS_20160405_192038_resampled_32kHz.wav,290.0,295.0,orca_call,0.2973048
43854,MARS_20160401_20160430_32kHz,MARS_20160416_103017_resampled_32kHz.wav,0.0,5.0,orca_call,0.34842676
43859,MARS_20160401_20160430_32kHz,MARS_20160416_103017_resampled_32kHz.wav,25.0,30.0,orca_call,1.9493386
43860,MARS_20160401_20160430_32kHz,MARS_20160416_103017_resampled_32kHz.wav,30.0,35.0,orca_call,1.7579918
43864,MARS_20160401_20160430_32kHz,MARS_20160416_103017_resampled_32kHz.wav,50.0,55.0,orca_call,1.3355322
43867,MARS_20160401_20160430_32kHz,MARS_20160416_103017_resampled_32kHz.wav,65.0,70.0,orca_call,1.4604666
43868,MARS_20160401_20160430_32kHz,MARS_20160416_103017_resampled_32kHz.wav,70.0,75.0,orca_call,0.88227546
43869,MARS_20160401_20160430_32kHz,MARS_20160416_103017_resampled_32kHz.wav,75.0,80.0,orca_call,0.7560115
43871,MARS_20160401_20160430_32kHz,MARS_20160416_103017_resampled_32kHz.wav,85.0,90.0,orca_call,1.0183951
43873,MARS_20160401_20160430_32kHz,MARS_20160416_103017_resampled_32kHz.wav,95.0,100.0,orca_call,0.93298817
43877,MARS_20160401_20160430_32kHz,MARS_20160416_103017_resampled_32kHz.wav,115.0,120.0,orca_call,2.186958
43882,MARS_20160401_20160430_32kHz,MARS_20160416_103017_resampled_32kHz.wav,140.0,145.0,orca_call,0.7116144
43885,MARS_20160401_20160430_32kHz,MARS_20160416_103017_resampled_32kHz.wav,155.0,160.0,orca_call,1.0324744
43886,MARS_20160401_20160430_32kHz,MARS_20160416_103017_resampled_32kHz.wav,160.0,165.0,orca_call,0.122986026
43888,MARS_20160401_20160430_32kHz,MARS_20160416_103017_resampled_32kHz.wav,170.0,175.0,orca_call,1.0287011
43890,MARS_20160401_20160430_32kHz,MARS_20160416_103017_resampled_32kHz.wav,180.0,185.0,orca_call,1.1391732
43892,MARS_20160401_20160430_32kHz,MARS_20160416_103017_resampled_32kHz.wav,190.0,195.0,orca_call,0.49031806
43900,MARS_20160401_20160430_32kHz,MARS_20160416_103017_resampled_32kHz.wav,230.0,235.0,orca_call,0.30266845
44234,MARS_20160401_20160430_32kHz,MARS_20160410_090028_resampled_32kHz.wav,100.0,105.0,orca_call,0.19263583
45268,MARS_20160401_20160430_32kHz,MARS_20160421_054016_resampled_32kHz.wav,470.0,475.0,orca_call,0.28480247
45861,MARS_20160401_20160430_32kHz,MARS_20160414_052019_resampled_32kHz.wav,435.0,440.0,orca_call,0.98754525
47472,MARS_20160401_20160430_32kHz,MARS_20160420_131711_resampled_32kHz.wav,90.0,95.0,orca_call,0.47661602
47698,MARS_20160401_20160430_32kHz,MARS_20160416_115017_resampled_32kHz.wav,20.0,25.0,orca_call,0.20147592
59625,MARS_20160401_20160430_32kHz,MARS_20160419_035716_resampled_32kHz.wav,230.0,235.0,orca_call,0.12290267
59628,MARS_20160401_20160430_32kHz,MARS_20160419_035716_resampled_32kHz.wav,245.0,250.0,orca_call,0.17994994
59635,MARS_20160401_20160430_32kHz,MARS_20160419_035716_resampled_32kHz.wav,280.0,285.0,orca_call,0.03519295
59636,MARS_20160401_20160430_32kHz,MARS_20160419_035716_resampled_32kHz.wav,285.0,290.0,orca_call,1.2241956
59637,MARS_20160401_20160430_32kHz,MARS_20160419_035716_resampled_32kHz.wav,290.0,295.0,orca_call,1.7387766
59639,MARS_20160401_20160430_32kHz,MARS_20160419_035716_resampled_32kHz.wav,300.0,305.0,orca_call,0.6144894
59641,MARS_20160401_20160430_32kHz,MARS_20160419_035716_resampled_32kHz.wav,310.0,315.0,orca_call,0.05622118
59642,MARS_20160401_20160430_32kHz,MARS_20160419_035716_resampled_32kHz.wav,315.0,320.0,orca_call,1.4867352
60363,MARS_20160401_20160430_32kHz,MARS_20160420_232652_resampled_32kHz.wav,320.0,325.0,orca_call,0.07749874
60415,MARS_20160401_20160430_32kHz,MARS_20160420_232652_resampled_32kHz.wav,580.0,585.0,orca_call,0.14430347
64996,MARS_20160401_20160430_32kHz,MARS_20160430_020635_resampled_32kHz.wav,85.0,90.0,orca_call,0.35658646
65097,MARS_20160401_20160430_32kHz,MARS_20160430_020635_resampled_32kHz.wav,590.0,595.0,orca_call,0.06803656
65227,MARS_20160401_20160430_32kHz,MARS_20160420_082713_resampled_32kHz.wav,40.0,45.0,orca_call,0.21919483
65239,MARS_20160401_20160430_32kHz,MARS_20160420_082713_resampled_32kHz.wav,100.0,105.0,orca_call,0.05167424
65257,MARS_20160401_20160430_32kHz,MARS_20160420_082713_resampled_32kHz.wav,190.0,195.0,orca_call,0.6632341
65262,MARS_20160401_20160430_32kHz,MARS_20160420_082713_resampled_32kHz.wav,215.0,220.0,orca_call,0.8955784
65263,MARS_20160401_20160430_32kHz,MARS_20160420_082713_resampled_32kHz.wav,220.0,225.0,orca_call,0.7877012
65269,MARS_20160401_20160430_32kHz,MARS_20160420_082713_resampled_32kHz.wav,250.0,255.0,orca_call,0.49701637
65278,MARS_20160401_20160430_32kHz,MARS_20160420_082713_resampled_32kHz.wav,295.0,300.0,orca_call,1.0929182
65283,MARS_20160401_20160430_32kHz,MARS_20160420_082713_resampled_32kHz.wav,320.0,325.0,orca_call,1.3594395
65284,MARS_20160401_20160430_32kHz,MARS_20160420_082713_resampled_32kHz.wav,325.0,330.0,orca_call,0.40896925
65288,MARS_20160401_20160430_32kHz,MARS_20160420_082713_resampled_32kHz.wav,345.0,350.0,orca_call,1.3310689
65291,MARS_20160401_20160430_32kHz,MARS_20160420_082713_resampled_32kHz.wav,360.0,365.0,orca_call,0.45241547
65300,MARS_20160401_20160430_32kHz,MARS_20160420_082713_resampled_32kHz.wav,405.0,410.0,orca_call,1.6952294
65302,MARS_20160401_20160430_32kHz,MARS_20160420_082713_resampled_32kHz.wav,415.0,420.0,orca_call,0.88396245
65308,MARS_20160401_20160430_32kHz,MARS_20160420_082713_resampled_32kHz.wav,445.0,450.0,orca_call,0.93000984
65311,MARS_20160401_20160430_32kHz,MARS_20160420_082713_resampled_32kHz.wav,460.0,465.0,orca_call,0.13705981
65329,MARS_20160401_20160430_32kHz,MARS_20160420_082713_resampled_32kHz.wav,550.0,555.0,orca_call,0.20492852
65337,MARS_20160401_20160430_32kHz,MARS_20160420_082713_resampled_32kHz.wav,590.0,595.0,orca_call,0.7404206
73894,MARS_20160401_20160430_32kHz,MARS_20160408_054030_resampled_32kHz.wav,175.0,180.0,orca_call,1.3922945
73917,MARS_20160401_20160430_32kHz,MARS_20160408_054030_resampled_32kHz.wav,290.0,295.0,orca_call,0.10176974
73927,MARS_20160401_20160430_32kHz,MARS_20160408_054030_resampled_32kHz.wav,340.0,345.0,orca_call,0.6635339
73934,MARS_20160401_20160430_32kHz,MARS_20160408_054030_resampled_32kHz.wav,375.0,380.0,orca_call,0.46785855
73941,MARS_20160401_20160430_32kHz,MARS_20160408_054030_resampled_32kHz.wav,410.0,415.0,orca_call,0.57582885
73942,MARS_20160401_20160430_32kHz,MARS_20160408_054030_resampled_32kHz.wav,415.0,420.0,orca_call,0.035867475
73947,MARS_20160401_20160430_32kHz,MARS_20160408_054030_resampled_32kHz.wav,440.0,445.0,orca_call,1.4625037
73958,MARS_20160401_20160430_32kHz,MARS_20160408_054030_resampled_32kHz.wav,495.0,500.0,orca_call,0.1353485
74517,MARS_20160401_20160430_32kHz,MARS_20160419_081716_resampled_32kHz.wav,290.0,295.0,orca_call,0.22207978
74518,MARS_20160401_20160430_32kHz,MARS_20160419_081716_resampled_32kHz.wav,295.0,300.0,orca_call,1.582863
74524,MARS_20160401_20160430_32kHz,MARS_20160419_081716_resampled_32kHz.wav,325.0,330.0,orca_call,0.55707294
74527,MARS_20160401_20160430_32kHz,MARS_20160419_081716_resampled_32kHz.wav,340.0,345.0,orca_call,2.255439
74528,MARS_20160401_20160430_32kHz,MARS_20160419_081716_resampled_32kHz.wav,345.0,350.0,orca_call,2.6592872
74529,MARS_20160401_20160430_32kHz,MARS_20160419_081716_resampled_32kHz.wav,350.0,355.0,orca_call,1.7802618
74530,MARS_20160401_20160430_32kHz,MARS_20160419_081716_resampled_32kHz.wav,355.0,360.0,orca_call,0.2710672
74531,MARS_20160401_20160430_32kHz,MARS_20160419_081716_resampled_32kHz.wav,360.0,365.0,orca_call,1.4238926
74532,MARS_20160401_20160430_32kHz,MARS_20160419_081716_resampled_32kHz.wav,365.0,370.0,orca_call,0.59285474
74533,MARS_20160401_20160430_32kHz,MARS_20160419_081716_resampled_32kHz.wav,370.0,375.0,orca_call,0.8272179
74537,MARS_20160401_20160430_32kHz,MARS_20160419_081716_resampled_32kHz.wav,390.0,395.0,orca_call,1.3776002
74538,MARS_20160401_20160430_32kHz,MARS_20160419_081716_resampled_32kHz.wav,395.0,400.0,orca_call,0.9305011
74542,MARS_20160401_20160430_32kHz,MARS_20160419_081716_resampled_32kHz.wav,415.0,420.0,orca_call,0.4509681
74543,MARS_20160401_20160430_32kHz,MARS_20160419_081716_resampled_32kHz.wav,420.0,425.0,orca_call,0.10034443
74544,MARS_20160401_20160430_32kHz,MARS_20160419_081716_resampled_32kHz.wav,425.0,430.0,orca_call,0.7111488
74552,MARS_20160401_20160430_32kHz,MARS_20160419_081716_resampled_32kHz.wav,465.0,470.0,orca_call,1.1993773
74553,MARS_20160401_20160430_32kHz,MARS_20160419_081716_resampled_32kHz.wav,470.0,475.0,orca_call,0.15465781
74555,MARS_20160401_20160430_32kHz,MARS_20160419_081716_resampled_32kHz.wav,480.0,485.0,orca_call,0.2928195
74557,MARS_20160401_20160430_32kHz,MARS_20160419_081716_resampled_32kHz.wav,490.0,495.0,orca_call,0.4180398
74558,MARS_20160401_20160430_32kHz,MARS_20160419_081716_resampled_32kHz.wav,495.0,500.0,orca_call,0.09629207
74575,MARS_20160401_20160430_32kHz,MARS_20160419_081716_resampled_32kHz.wav,580.0,585.0,orca_call,0.49514914
74576,MARS_20160401_20160430_32kHz,MARS_20160419_081716_resampled_32kHz.wav,585.0,590.0,orca_call,0.1336008
75324,MARS_20160401_20160430_32kHz,MARS_20160419_070716_resampled_32kHz.wav,125.0,130.0,orca_call,0.4167621
75408,MARS_20160401_20160430_32kHz,MARS_20160419_070716_resampled_32kHz.wav,545.0,550.0,orca_call,0.10977853
75410,MARS_20160401_20160430_32kHz,MARS_20160419_070716_resampled_32kHz.wav,555.0,560.0,orca_call,0.24585697
75411,MARS_20160401_20160430_32kHz,MARS_20160419_070716_resampled_32kHz.wav,560.0,565.0,orca_call,2.4388416
75413,MARS_20160401_20160430_32kHz,MARS_20160419_070716_resampled_32kHz.wav,570.0,575.0,orca_call,1.3301395
75414,MARS_20160401_20160430_32kHz,MARS_20160419_070716_resampled_32kHz.wav,575.0,580.0,orca_call,0.03713639
75415,MARS_20160401_20160430_32kHz,MARS_20160419_070716_resampled_32kHz.wav,580.0,585.0,orca_call,0.9521487
75416,MARS_20160401_20160430_32kHz,MARS_20160419_070716_resampled_32kHz.wav,585.0,590.0,orca_call,1.1948838
75417,MARS_20160401_20160430_32kHz,MARS_20160419_070716_resampled_32kHz.wav,590.0,595.0,orca_call,0.51667655
75418,MARS_20160401_20160430_32kHz,MARS_20160419_070716_resampled_32kHz.wav,595.0,600.0,orca_call,2.6634219
79893,MARS_20160401_20160430_32kHz,MARS_20160420_070713_resampled_32kHz.wav,170.0,175.0,orca_call,0.5075991
79894,MARS_20160401_20160430_32kHz,MARS_20160420_070713_resampled_32kHz.wav,175.0,180.0,orca_call,0.39587402
79913,MARS_20160401_20160430_32kHz,MARS_20160420_070713_resampled_32kHz.wav,270.0,275.0,orca_call,0.32635045
81998,MARS_20160401_20160430_32kHz,MARS_20160413_214020_resampled_32kHz.wav,495.0,500.0,orca_call,2.055687
82122,MARS_20160401_20160430_32kHz,MARS_20160412_220025_resampled_32kHz.wav,515.0,520.0,orca_call,0.4687878
82140,MARS_20160401_20160430_32kHz,MARS_20160420_083713_resampled_32kHz.wav,5.0,10.0,orca_call,1.1851856
82154,MARS_20160401_20160430_32kHz,MARS_20160420_083713_resampled_32kHz.wav,75.0,80.0,orca_call,1.4093498
82155,MARS_20160401_20160430_32kHz,MARS_20160420_083713_resampled_32kHz.wav,80.0,85.0,orca_call,1.2200884
82160,MARS_20160401_20160430_32kHz,MARS_20160420_083713_resampled_32kHz.wav,105.0,110.0,orca_call,1.5305728
82161,MARS_20160401_20160430_32kHz,MARS_20160420_083713_resampled_32kHz.wav,110.0,115.0,orca_call,1.198551
82181,MARS_20160401_20160430_32kHz,MARS_20160420_083713_resampled_32kHz.wav,210.0,215.0,orca_call,0.9094742
82201,MARS_20160401_20160430_32kHz,MARS_20160420_083713_resampled_32kHz.wav,310.0,315.0,orca_call,0.33060628
82211,MARS_20160401_20160430_32kHz,MARS_20160420_083713_resampled_32kHz.wav,360.0,365.0,orca_call,0.46748626
82213,MARS_20160401_20160430_32kHz,MARS_20160420_083713_resampled_32kHz.wav,370.0,375.0,orca_call,2.0716472
82216,MARS_20160401_20160430_32kHz,MARS_20160420_083713_resampled_32kHz.wav,385.0,390.0,orca_call,0.73800504
82219,MARS_20160401_20160430_32kHz,MARS_20160420_083713_resampled_32kHz.wav,400.0,405.0,orca_call,1.7395692
82220,MARS_20160401_20160430_32kHz,MARS_20160420_083713_resampled_32kHz.wav,405.0,410.0,orca_call,0.5962167
82222,MARS_20160401_20160430_32kHz,MARS_20160420_083713_resampled_32kHz.wav,415.0,420.0,orca_call,1.0954796
82225,MARS_20160401_20160430_32kHz,MARS_20160420_083713_resampled_32kHz.wav,430.0,435.0,orca_call,0.81738955
82229,MARS_20160401_20160430_32kHz,MARS_20160420_083713_resampled_32kHz.wav,450.0,455.0,orca_call,0.6401356
82233,MARS_20160401_20160430_32kHz,MARS_20160420_083713_resampled_32kHz.wav,470.0,475.0,orca_call,0.5968757
82237,MARS_20160401_20160430_32kHz,MARS_20160420_083713_resampled_32kHz.wav,490.0,495.0,orca_call,0.9302168
82249,MARS_20160401_20160430_32kHz,MARS_20160420_083713_resampled_32kHz.wav,550.0,555.0,orca_call,1.7449322
82251,MARS_20160401_20160430_32kHz,MARS_20160420_083713_resampled_32kHz.wav,560.0,565.0,orca_call,1.8315505
82252,MARS_20160401_20160430_32kHz,MARS_20160420_083713_resampled_32kHz.wav,565.0,570.0,orca_call,1.7288331
83436,MARS_20160401_20160430_32kHz,MARS_20160417_001016_resampled_32kHz.wav,485.0,490.0,orca_call,0.31700534
85127,MARS_20160401_20160430_32kHz,MARS_20160420_192710_resampled_32kHz.wav,540.0,545.0,orca_call,0.6142547
90063,MARS_20160401_20160430_32kHz,MARS_20160421_002645_resampled_32kHz.wav,20.0,25.0,orca_call,0.23788524
91558,MARS_20160401_20160430_32kHz,MARS_20160408_053030_resampled_32kHz.wav,295.0,300.0,orca_call,0.3322125
91559,MARS_20160401_20160430_32kHz,MARS_20160408_053030_resampled_32kHz.wav,300.0,305.0,orca_call,0.2735935
91561,MARS_20160401_20160430_32kHz,MARS_20160408_053030_resampled_32kHz.wav,310.0,315.0,orca_call,0.69663215
91562,MARS_20160401_20160430_32kHz,MARS_20160408_053030_resampled_32kHz.wav,315.0,320.0,orca_call,0.12831673
91858,MARS_20160401_20160430_32kHz,MARS_20160405_183038_resampled_32kHz.wav,595.0,600.0,orca_call,0.46830416
97380,MARS_20160401_20160430_32kHz,MARS_20160421_190119_resampled_32kHz.wav,5.0,10.0,orca_call,1.8756553
97382,MARS_20160401_20160430_32kHz,MARS_20160421_190119_resampled_32kHz.wav,15.0,20.0,orca_call,1.6848419
97384,MARS_20160401_20160430_32kHz,MARS_20160421_190119_resampled_32kHz.wav,25.0,30.0,orca_call,2.6761832
97403,MARS_20160401_20160430_32kHz,MARS_20160421_190119_resampled_32kHz.wav,120.0,125.0,orca_call,1.010697
97410,MARS_20160401_20160430_32kHz,MARS_20160421_190119_resampled_32kHz.wav,155.0,160.0,orca_call,0.6243156
97468,MARS_20160401_20160430_32kHz,MARS_20160421_190119_resampled_32kHz.wav,445.0,450.0,orca_call,0.28182083
104147,MARS_20160401_20160430_32kHz,MARS_20160418_010015_resampled_32kHz.wav,240.0,245.0,orca_call,0.21185109
104148,MARS_20160401_20160430_32kHz,MARS_20160418_010015_resampled_32kHz.wav,245.0,250.0,orca_call,0.76242197
104809,MARS_20160401_20160430_32kHz,MARS_20160419_052716_resampled_32kHz.wav,550.0,555.0,orca_call,0.3977962
104816,MARS_20160401_20160430_32kHz,MARS_20160419_052716_resampled_32kHz.wav,585.0,590.0,orca_call,0.9479023
111665,MARS_20160401_20160430_32kHz,MARS_20160419_091716_resampled_32kHz.wav,30.0,35.0,orca_call,0.17922488
111672,MARS_20160401_20160430_32kHz,MARS_20160419_091716_resampled_32kHz.wav,65.0,70.0,orca_call,0.32246536
111675,MARS_20160401_20160430_32kHz,MARS_20160419_091716_resampled_32kHz.wav,80.0,85.0,orca_call,0.7294102
111676,MARS_20160401_20160430_32kHz,MARS_20160419_091716_resampled_32kHz.wav,85.0,90.0,orca_call,0.18207791
111677,MARS_20160401_20160430_32kHz,MARS_20160419_091716_resampled_32kHz.wav,90.0,95.0,orca_call,2.2255857
111687,MARS_20160401_20160430_32kHz,MARS_20160419_091716_resampled_32kHz.wav,140.0,145.0,orca_call,0.43376046
111689,MARS_20160401_20160430_32kHz,MARS_20160419_091716_resampled_32kHz.wav,150.0,155.0,orca_call,0.70774436
111690,MARS_20160401_20160430_32kHz,MARS_20160419_091716_resampled_32kHz.wav,155.0,160.0,orca_call,1.9543282
111692,MARS_20160401_20160430_32kHz,MARS_20160419_091716_resampled_32kHz.wav,165.0,170.0,orca_call,1.5101122
111694,MARS_20160401_20160430_32kHz,MARS_20160419_091716_resampled_32kHz.wav,175.0,180.0,orca_call,0.3516339
111697,MARS_20160401_20160430_32kHz,MARS_20160419_091716_resampled_32kHz.wav,190.0,195.0,orca_call,1.6427965
113569,MARS_20160401_20160430_32kHz,MARS_20160418_085015_resampled_32kHz.wav,550.0,555.0,orca_call,0.6371894
116789,MARS_20160401_20160430_32kHz,MARS_20160416_162017_resampled_32kHz.wav,450.0,455.0,orca_call,0.75152177
116988,MARS_20160401_20160430_32kHz,MARS_20160419_103716_resampled_32kHz.wav,245.0,250.0,orca_call,0.15935162
116989,MARS_20160401_20160430_32kHz,MARS_20160419_103716_resampled_32kHz.wav,250.0,255.0,orca_call,0.16545218
116995,MARS_20160401_20160430_32kHz,MARS_20160419_103716_resampled_32kHz.wav,280.0,285.0,orca_call,1.3017337
117001,MARS_20160401_20160430_32kHz,MARS_20160419_103716_resampled_32kHz.wav,310.0,315.0,orca_call,0.21234554
117002,MARS_20160401_20160430_32kHz,MARS_20160419_103716_resampled_32kHz.wav,315.0,320.0,orca_call,1.1186582
117003,MARS_20160401_20160430_32kHz,MARS_20160419_103716_resampled_32kHz.wav,320.0,325.0,orca_call,0.9856889
117006,MARS_20160401_20160430_32kHz,MARS_20160419_103716_resampled_32kHz.wav,335.0,340.0,orca_call,0.7906853
117007,MARS_20160401_20160430_32kHz,MARS_20160419_103716_resampled_32kHz.wav,340.0,345.0,orca_call,0.9165251
117008,MARS_20160401_20160430_32kHz,MARS_20160419_103716_resampled_32kHz.wav,345.0,350.0,orca_call,1.777228
117025,MARS_20160401_20160430_32kHz,MARS_20160419_103716_resampled_32kHz.wav,430.0,435.0,orca_call,0.06986139
117026,MARS_20160401_20160430_32kHz,MARS_20160419_103716_resampled_32kHz.wav,435.0,440.0,orca_call,0.3331962
118256,MARS_20160401_20160430_32kHz,MARS_20160412_122026_resampled_32kHz.wav,540.0,545.0,orca_call,1.3224045
122844,MARS_20160401_20160430_32kHz,MARS_20160416_085017_resampled_32kHz.wav,415.0,420.0,orca_call,1.0994629
122857,MARS_20160401_20160430_32kHz,MARS_20160416_085017_resampled_32kHz.wav,480.0,485.0,orca_call,1.0925077
122861,MARS_20160401_20160430_32kHz,MARS_20160416_085017_resampled_32kHz.wav,500.0,505.0,orca_call,0.74297255
123123,MARS_20160401_20160430_32kHz,MARS_20160416_112017_resampled_32kHz.wav,10.0,15.0,orca_call,0.44857377
123145,MARS_20160401_20160430_32kHz,MARS_20160416_112017_resampled_32kHz.wav,120.0,125.0,orca_call,1.1235813
123150,MARS_20160401_20160430_32kHz,MARS_20160416_112017_resampled_32kHz.wav,145.0,150.0,orca_call,0.030882485
123152,MARS_20160401_20160430_32kHz,MARS_20160416_112017_resampled_32kHz.wav,155.0,160.0,orca_call,0.8815883
123154,MARS_20160401_20160430_32kHz,MARS_20160416_112017_resampled_32kHz.wav,165.0,170.0,orca_call,0.08477946
123158,MARS_20160401_20160430_32kHz,MARS_20160416_112017_resampled_32kHz.wav,185.0,190.0,orca_call,1.7503568
123160,MARS_20160401_20160430_32kHz,MARS_20160416_112017_resampled_32kHz.wav,195.0,200.0,orca_call,1.0810441
123161,MARS_20160401_20160430_32kHz,MARS_20160416_112017_resampled_32kHz.wav,200.0,205.0,orca_call,0.25334704
123162,MARS_20160401_20160430_32kHz,MARS_20160416_112017_resampled_32kHz.wav,205.0,210.0,orca_call,0.24747455
123171,MARS_20160401_20160430_32kHz,MARS_20160416_112017_resampled_32kHz.wav,250.0,255.0,orca_call,0.74161845
126889,MARS_20160401_20160430_32kHz,MARS_20160414_062019_resampled_32kHz.wav,240.0,245.0,orca_call,1.9802068
126902,MARS_20160401_20160430_32kHz,MARS_20160414_062019_resampled_32kHz.wav,305.0,310.0,orca_call,0.057145216
126906,MARS_20160401_20160430_32kHz,MARS_20160414_062019_resampled_32kHz.wav,325.0,330.0,orca_call,0.60653436
126937,MARS_20160401_20160430_32kHz,MARS_20160414_062019_resampled_32kHz.wav,480.0,485.0,orca_call,1.1729409
126938,MARS_20160401_20160430_32kHz,MARS_20160414_062019_resampled_32kHz.wav,485.0,490.0,orca_call,0.20102817
126944,MARS_20160401_20160430_32kHz,MARS_20160414_062019_resampled_32kHz.wav,515.0,520.0,orca_call,0.6432301
126945,MARS_20160401_20160430_32kHz,MARS_20160414_062019_resampled_32kHz.wav,520.0,525.0,orca_call,2.1946309
126949,MARS_20160401_20160430_32kHz,MARS_20160414_062019_resampled_32kHz.wav,540.0,545.0,orca_call,0.6330952
126950,MARS_20160401_20160430_32kHz,MARS_20160414_062019_resampled_32kHz.wav,545.0,550.0,orca_call,0.46682632
126951,MARS_20160401_20160430_32kHz,MARS_20160414_062019_resampled_32kHz.wav,550.0,555.0,orca_call,0.41817242
126952,MARS_20160401_20160430_32kHz,MARS_20160414_062019_resampled_32kHz.wav,555.0,560.0,orca_call,0.6009876
126957,MARS_20160401_20160430_32kHz,MARS_20160414_062019_resampled_32kHz.wav,580.0,585.0,orca_call,2.3097126
130739,MARS_20160401_20160430_32kHz,MARS_20160420_002715_resampled_32kHz.wav,290.0,295.0,orca_call,1.0481308
131867,MARS_20160401_20160430_32kHz,MARS_20160421_041913_resampled_32kHz.wav,530.0,535.0,orca_call,0.76093924
134076,MARS_20160401_20160430_32kHz,MARS_20160420_224710_resampled_32kHz.wav,175.0,180.0,orca_call,0.8083699
134077,MARS_20160401_20160430_32kHz,MARS_20160420_224710_resampled_32kHz.wav,180.0,185.0,orca_call,0.8393321
134094,MARS_20160401_20160430_32kHz,MARS_20160420_224710_resampled_32kHz.wav,265.0,270.0,orca_call,0.09720261
134952,MARS_20160401_20160430_32kHz,MARS_20160414_065019_resampled_32kHz.wav,355.0,360.0,orca_call,0.28497463
136237,MARS_20160401_20160430_32kHz,MARS_20160416_234016_resampled_32kHz.wav,180.0,185.0,orca_call,0.80693007
136239,MARS_20160401_20160430_32kHz,MARS_20160416_234016_resampled_32kHz.wav,190.0,195.0,orca_call,0.7007539
136370,MARS_20160401_20160430_32kHz,MARS_20160421_171119_resampled_32kHz.wav,245.0,250.0,orca_call,0.03889429
138148,MARS_20160401_20160430_32kHz,MARS_20160430_021635_resampled_32kHz.wav,135.0,140.0,orca_call,1.06343
138155,MARS_20160401_20160430_32kHz,MARS_20160430_021635_resampled_32kHz.wav,170.0,175.0,orca_call,0.3545285
138192,MARS_20160401_20160430_32kHz,MARS_20160430_021635_resampled_32kHz.wav,355.0,360.0,orca_call,0.22837663
138194,MARS_20160401_20160430_32kHz,MARS_20160430_021635_resampled_32kHz.wav,365.0,370.0,orca_call,1.3418642
138195,MARS_20160401_20160430_32kHz,MARS_20160430_021635_resampled_32kHz.wav,370.0,375.0,orca_call,0.49488997
138199,MARS_20160401_20160430_32kHz,MARS_20160430_021635_resampled_32kHz.wav,390.0,395.0,orca_call,1.5625354
138201,MARS_20160401_20160430_32kHz,MARS_20160430_021635_resampled_32kHz.wav,400.0,405.0,orca_call,1.0405942
138202,MARS_20160401_20160430_32kHz,MARS_20160430_021635_resampled_32kHz.wav,405.0,410.0,orca_call,0.8453962
138205,MARS_20160401_20160430_32kHz,MARS_20160430_021635_resampled_32kHz.wav,420.0,425.0,orca_call,0.16256696
138207,MARS_20160401_20160430_32kHz,MARS_20160430_021635_resampled_32kHz.wav,430.0,435.0,orca_call,0.078532435
138212,MARS_20160401_20160430_32kHz,MARS_20160430_021635_resampled_32kHz.wav,455.0,460.0,orca_call,1.9723755
138216,MARS_20160401_20160430_32kHz,MARS_20160430_021635_resampled_32kHz.wav,475.0,480.0,orca_call,0.3609352
139027,MARS_20160401_20160430_32kHz,MARS_20160421_021645_resampled_32kHz.wav,330.0,335.0,orca_call,0.033389933
139062,MARS_20160401_20160430_32kHz,MARS_20160421_021645_resampled_32kHz.wav,505.0,510.0,orca_call,0.5408917
145187,MARS_20160401_20160430_32kHz,MARS_20160422_001119_resampled_32kHz.wav,530.0,535.0,orca_call,0.56192255
147105,MARS_20160401_20160430_32kHz,MARS_20160408_060030_resampled_32kHz.wav,520.0,525.0,orca_call,0.57967734
148201,MARS_20160401_20160430_32kHz,MARS_20160414_063019_resampled_32kHz.wav,0.0,5.0,orca_call,1.2440478
148202,MARS_20160401_20160430_32kHz,MARS_20160414_063019_resampled_32kHz.wav,5.0,10.0,orca_call,1.8828439
148203,MARS_20160401_20160430_32kHz,MARS_20160414_063019_resampled_32kHz.wav,10.0,15.0,orca_call,1.8353772
148208,MARS_20160401_20160430_32kHz,MARS_20160414_063019_resampled_32kHz.wav,35.0,40.0,orca_call,0.037774526
148209,MARS_20160401_20160430_32kHz,MARS_20160414_063019_resampled_32kHz.wav,40.0,45.0,orca_call,0.31430188
148212,MARS_20160401_20160430_32kHz,MARS_20160414_063019_resampled_32kHz.wav,55.0,60.0,orca_call,0.2674498
148226,MARS_20160401_20160430_32kHz,MARS_20160414_063019_resampled_32kHz.wav,125.0,130.0,orca_call,0.28497908
148228,MARS_20160401_20160430_32kHz,MARS_20160414_063019_resampled_32kHz.wav,135.0,140.0,orca_call,0.5999499
148292,MARS_20160401_20160430_32kHz,MARS_20160414_063019_resampled_32kHz.wav,455.0,460.0,orca_call,0.088118784
148297,MARS_20160401_20160430_32kHz,MARS_20160414_063019_resampled_32kHz.wav,480.0,485.0,orca_call,0.76119685
148302,MARS_20160401_20160430_32kHz,MARS_20160414_063019_resampled_32kHz.wav,505.0,510.0,orca_call,0.6275001
148314,MARS_20160401_20160430_32kHz,MARS_20160414_063019_resampled_32kHz.wav,565.0,570.0,orca_call,0.3125826
148317,MARS_20160401_20160430_32kHz,MARS_20160414_063019_resampled_32kHz.wav,580.0,585.0,orca_call,0.6542102
148318,MARS_20160401_20160430_32kHz,MARS_20160414_063019_resampled_32kHz.wav,585.0,590.0,orca_call,0.71937
151268,MARS_20160401_20160430_32kHz,MARS_20160420_205710_resampled_32kHz.wav,335.0,340.0,orca_call,0.1610212
154655,MARS_20160401_20160430_32kHz,MARS_20160422_005119_resampled_32kHz.wav,470.0,475.0,orca_call,0.6808696
154665,MARS_20160401_20160430_32kHz,MARS_20160422_005119_resampled_32kHz.wav,520.0,525.0,orca_call,0.6518401
156010,MARS_20160401_20160430_32kHz,MARS_20160427_182417_resampled_32kHz.wav,45.0,50.0,orca_call,0.9196037
156147,MARS_20160401_20160430_32kHz,MARS_20160427_113418_resampled_32kHz.wav,130.0,135.0,orca_call,0.39300695
156154,MARS_20160401_20160430_32kHz,MARS_20160427_113418_resampled_32kHz.wav,165.0,170.0,orca_call,0.48989105
156155,MARS_20160401_20160430_32kHz,MARS_20160427_113418_resampled_32kHz.wav,170.0,175.0,orca_call,0.31365973
156161,MARS_20160401_20160430_32kHz,MARS_20160427_113418_resampled_32kHz.wav,200.0,205.0,orca_call,1.8085899
156179,MARS_20160401_20160430_32kHz,MARS_20160427_113418_resampled_32kHz.wav,290.0,295.0,orca_call,1.2191491
156185,MARS_20160401_20160430_32kHz,MARS_20160427_113418_resampled_32kHz.wav,320.0,325.0,orca_call,0.00062391907
156187,MARS_20160401_20160430_32kHz,MARS_20160427_113418_resampled_32kHz.wav,330.0,335.0,orca_call,0.5935563
156188,MARS_20160401_20160430_32kHz,MARS_20160427_113418_resampled_32kHz.wav,335.0,340.0,orca_call,0.6537108
156192,MARS_20160401_20160430_32kHz,MARS_20160427_113418_resampled_32kHz.wav,355.0,360.0,orca_call,2.1607077
156193,MARS_20160401_20160430_32kHz,MARS_20160427_113418_resampled_32kHz.wav,360.0,365.0,orca_call,0.92366755
156194,MARS_20160401_20160430_32kHz,MARS_20160427_113418_resampled_32kHz.wav,365.0,370.0,orca_call,1.478537
156195,MARS_20160401_20160430_32kHz,MARS_20160427_113418_resampled_32kHz.wav,370.0,375.0,orca_call,1.3329046
156196,MARS_20160401_20160430_32kHz,MARS_20160427_113418_resampled_32kHz.wav,375.0,380.0,orca_call,0.85747564
156198,MARS_20160401_20160430_32kHz,MARS_20160427_113418_resampled_32kHz.wav,385.0,390.0,orca_call,1.4355963
156203,MARS_20160401_20160430_32kHz,MARS_20160427_113418_resampled_32kHz.wav,410.0,415.0,orca_call,1.0430651
158881,MARS_20160401_20160430_32kHz,MARS_20160420_103712_resampled_32kHz.wav,0.0,5.0,orca_call,1.530059
158885,MARS_20160401_20160430_32kHz,MARS_20160420_103712_resampled_32kHz.wav,20.0,25.0,orca_call,1.4586723
158893,MARS_20160401_20160430_32kHz,MARS_20160420_103712_resampled_32kHz.wav,60.0,65.0,orca_call,0.16322494
158899,MARS_20160401_20160430_32kHz,MARS_20160420_103712_resampled_32kHz.wav,90.0,95.0,orca_call,0.48002315
158902,MARS_20160401_20160430_32kHz,MARS_20160420_103712_resampled_32kHz.wav,105.0,110.0,orca_call,1.1820292
158904,MARS_20160401_20160430_32kHz,MARS_20160420_103712_resampled_32kHz.wav,115.0,120.0,orca_call,0.839833
158908,MARS_20160401_20160430_32kHz,MARS_20160420_103712_resampled_32kHz.wav,135.0,140.0,orca_call,0.43452322
158909,MARS_20160401_20160430_32kHz,MARS_20160420_103712_resampled_32kHz.wav,140.0,145.0,orca_call,0.7098138
158921,MARS_20160401_20160430_32kHz,MARS_20160420_103712_resampled_32kHz.wav,200.0,205.0,orca_call,0.17566645
158941,MARS_20160401_20160430_32kHz,MARS_20160420_103712_resampled_32kHz.wav,300.0,305.0,orca_call,1.2633358
161216,MARS_20160401_20160430_32kHz,MARS_20160416_084017_resampled_32kHz.wav,275.0,280.0,orca_call,0.49363256
161228,MARS_20160401_20160430_32kHz,MARS_20160416_084017_resampled_32kHz.wav,335.0,340.0,orca_call,1.069997
167260,MARS_20160401_20160430_32kHz,MARS_20160419_114716_resampled_32kHz.wav,495.0,500.0,orca_call,0.299416
167269,MARS_20160401_20160430_32kHz,MARS_20160419_114716_resampled_32kHz.wav,540.0,545.0,orca_call,1.3901676
167270,MARS_20160401_20160430_32kHz,MARS_20160419_114716_resampled_32kHz.wav,545.0,550.0,orca_call,0.050006367
167935,MARS_20160401_20160430_32kHz,MARS_20160420_193710_resampled_32kHz.wav,270.0,275.0,orca_call,0.14664727
170528,MARS_20160401_20160430_32kHz,MARS_20160419_074716_resampled_32kHz.wav,35.0,40.0,orca_call,0.6973454
170531,MARS_20160401_20160430_32kHz,MARS_20160419_074716_resampled_32kHz.wav,50.0,55.0,orca_call,1.3536923
170532,MARS_20160401_20160430_32kHz,MARS_20160419_074716_resampled_32kHz.wav,55.0,60.0,orca_call,1.0643809
170534,MARS_20160401_20160430_32kHz,MARS_20160419_074716_resampled_32kHz.wav,65.0,70.0,orca_call,0.11544754
170536,MARS_20160401_20160430_32kHz,MARS_20160419_074716_resampled_32kHz.wav,75.0,80.0,orca_call,0.253556
170537,MARS_20160401_20160430_32kHz,MARS_20160419_074716_resampled_32kHz.wav,80.0,85.0,orca_call,1.3952086
170554,MARS_20160401_20160430_32kHz,MARS_20160419_074716_resampled_32kHz.wav,165.0,170.0,orca_call,1.8610722
170555,MARS_20160401_20160430_32kHz,MARS_20160419_074716_resampled_32kHz.wav,170.0,175.0,orca_call,1.803131
170556,MARS_20160401_20160430_32kHz,MARS_20160419_074716_resampled_32kHz.wav,175.0,180.0,orca_call,0.939077
170557,MARS_20160401_20160430_32kHz,MARS_20160419_074716_resampled_32kHz.wav,180.0,185.0,orca_call,0.3294892
170562,MARS_20160401_20160430_32kHz,MARS_20160419_074716_resampled_32kHz.wav,205.0,210.0,orca_call,0.89925957
170566,MARS_20160401_20160430_32kHz,MARS_20160419_074716_resampled_32kHz.wav,225.0,230.0,orca_call,0.16046295
170568,MARS_20160401_20160430_32kHz,MARS_20160419_074716_resampled_32kHz.wav,235.0,240.0,orca_call,1.3453581
170569,MARS_20160401_20160430_32kHz,MARS_20160419_074716_resampled_32kHz.wav,240.0,245.0,orca_call,0.023957297
170570,MARS_20160401_20160430_32kHz,MARS_20160419_074716_resampled_32kHz.wav,245.0,250.0,orca_call,0.8447055
170571,MARS_20160401_20160430_32kHz,MARS_20160419_074716_resampled_32kHz.wav,250.0,255.0,orca_call,1.807861
170576,MARS_20160401_20160430_32kHz,MARS_20160419_074716_resampled_32kHz.wav,275.0,280.0,orca_call,0.28077993
170580,MARS_20160401_20160430_32kHz,MARS_20160419_074716_resampled_32kHz.wav,295.0,300.0,orca_call,1.099653
170581,MARS_20160401_20160430_32kHz,MARS_20160419_074716_resampled_32kHz.wav,300.0,305.0,orca_call,0.1257877
170588,MARS_20160401_20160430_32kHz,MARS_20160419_074716_resampled_32kHz.wav,335.0,340.0,orca_call,0.14510912
170589,MARS_20160401_20160430_32kHz,MARS_20160419_074716_resampled_32kHz.wav,340.0,345.0,orca_call,0.44499415
170590,MARS_20160401_20160430_32kHz,MARS_20160419_074716_resampled_32kHz.wav,345.0,350.0,orca_call,1.492364
170591,MARS_20160401_20160430_32kHz,MARS_20160419_074716_resampled_32kHz.wav,350.0,355.0,orca_call,0.9742969
170597,MARS_20160401_20160430_32kHz,MARS_20160419_074716_resampled_32kHz.wav,380.0,385.0,orca_call,1.0689069
170601,MARS_20160401_20160430_32kHz,MARS_20160419_074716_resampled_32kHz.wav,400.0,405.0,orca_call,0.49908662
170602,MARS_20160401_20160430_32kHz,MARS_20160419_074716_resampled_32kHz.wav,405.0,410.0,orca_call,0.07017485
170603,MARS_20160401_20160430_32kHz,MARS_20160419_074716_resampled_32kHz.wav,410.0,415.0,orca_call,0.6035074
170605,MARS_20160401_20160430_32kHz,MARS_20160419_074716_resampled_32kHz.wav,420.0,425.0,orca_call,1.6556181
170610,MARS_20160401_20160430_32kHz,MARS_20160419_074716_resampled_32kHz.wav,445.0,450.0,orca_call,0.1435728
170611,MARS_20160401_20160430_32kHz,MARS_20160419_074716_resampled_32kHz.wav,450.0,455.0,orca_call,0.4270087
170612,MARS_20160401_20160430_32kHz,MARS_20160419_074716_resampled_32kHz.wav,455.0,460.0,orca_call,0.64550453
170613,MARS_20160401_20160430_32kHz,MARS_20160419_074716_resampled_32kHz.wav,460.0,465.0,orca_call,1.6339474
170628,MARS_20160401_20160430_32kHz,MARS_20160419_074716_resampled_32kHz.wav,535.0,540.0,orca_call,2.3889484
170634,MARS_20160401_20160430_32kHz,MARS_20160419_074716_resampled_32kHz.wav,565.0,570.0,orca_call,1.1532094
170635,MARS_20160401_20160430_32kHz,MARS_20160419_074716_resampled_32kHz.wav,570.0,575.0,orca_call,1.4876283
170636,MARS_20160401_20160430_32kHz,MARS_20160419_074716_resampled_32kHz.wav,575.0,580.0,orca_call,1.7090743
170638,MARS_20160401_20160430_32kHz,MARS_20160419_074716_resampled_32kHz.wav,585.0,590.0,orca_call,2.039938
170640,MARS_20160401_20160430_32kHz,MARS_20160419_074716_resampled_32kHz.wav,595.0,600.0,orca_call,1.6537036
171626,MARS_20160401_20160430_32kHz,MARS_20160408_101030_resampled_32kHz.wav,125.0,130.0,orca_call,0.09104762
172325,MARS_20160401_20160430_32kHz,MARS_20160419_071716_resampled_32kHz.wav,20.0,25.0,orca_call,2.0487335
172326,MARS_20160401_20160430_32kHz,MARS_20160419_071716_resampled_32kHz.wav,25.0,30.0,orca_call,0.49329793
172328,MARS_20160401_20160430_32kHz,MARS_20160419_071716_resampled_32kHz.wav,35.0,40.0,orca_call,1.1039804
172336,MARS_20160401_20160430_32kHz,MARS_20160419_071716_resampled_32kHz.wav,75.0,80.0,orca_call,0.012015797
172341,MARS_20160401_20160430_32kHz,MARS_20160419_071716_resampled_32kHz.wav,100.0,105.0,orca_call,0.43493944
172343,MARS_20160401_20160430_32kHz,MARS_20160419_071716_resampled_32kHz.wav,110.0,115.0,orca_call,2.2659085
172344,MARS_20160401_20160430_32kHz,MARS_20160419_071716_resampled_32kHz.wav,115.0,120.0,orca_call,1.0129367
172345,MARS_20160401_20160430_32kHz,MARS_20160419_071716_resampled_32kHz.wav,120.0,125.0,orca_call,0.5800111
172346,MARS_20160401_20160430_32kHz,MARS_20160419_071716_resampled_32kHz.wav,125.0,130.0,orca_call,0.105953954
172347,MARS_20160401_20160430_32kHz,MARS_20160419_071716_resampled_32kHz.wav,130.0,135.0,orca_call,1.0016062
172349,MARS_20160401_20160430_32kHz,MARS_20160419_071716_resampled_32kHz.wav,140.0,145.0,orca_call,0.059194602
172353,MARS_20160401_20160430_32kHz,MARS_20160419_071716_resampled_32kHz.wav,160.0,165.0,orca_call,0.853228
172354,MARS_20160401_20160430_32kHz,MARS_20160419_071716_resampled_32kHz.wav,165.0,170.0,orca_call,1.1854378
172355,MARS_20160401_20160430_32kHz,MARS_20160419_071716_resampled_32kHz.wav,170.0,175.0,orca_call,0.94321823
172358,MARS_20160401_20160430_32kHz,MARS_20160419_071716_resampled_32kHz.wav,185.0,190.0,orca_call,0.33668518
172359,MARS_20160401_20160430_32kHz,MARS_20160419_071716_resampled_32kHz.wav,190.0,195.0,orca_call,2.1623976
172360,MARS_20160401_20160430_32kHz,MARS_20160419_071716_resampled_32kHz.wav,195.0,200.0,orca_call,0.81763405
172362,MARS_20160401_20160430_32kHz,MARS_20160419_071716_resampled_32kHz.wav,205.0,210.0,orca_call,1.6935475
172363,MARS_20160401_20160430_32kHz,MARS_20160419_071716_resampled_32kHz.wav,210.0,215.0,orca_call,0.47789496
172376,MARS_20160401_20160430_32kHz,MARS_20160419_071716_resampled_32kHz.wav,275.0,280.0,orca_call,0.7184983
172377,MARS_20160401_20160430_32kHz,MARS_20160419_071716_resampled_32kHz.wav,280.0,285.0,orca_call,0.95914066
172395,MARS_20160401_20160430_32kHz,MARS_20160419_071716_resampled_32kHz.wav,370.0,375.0,orca_call,0.43897986
172418,MARS_20160401_20160430_32kHz,MARS_20160419_071716_resampled_32kHz.wav,485.0,490.0,orca_call,0.65372944
175344,MARS_20160401_20160430_32kHz,MARS_20160422_002119_resampled_32kHz.wav,115.0,120.0,orca_call,0.28254366
176311,MARS_20160401_20160430_32kHz,MARS_20160420_081713_resampled_32kHz.wav,150.0,155.0,orca_call,0.4190957
176374,MARS_20160401_20160430_32kHz,MARS_20160420_081713_resampled_32kHz.wav,465.0,470.0,orca_call,0.09083184
176380,MARS_20160401_20160430_32kHz,MARS_20160420_081713_resampled_32kHz.wav,495.0,500.0,orca_call,0.0541059
178676,MARS_20160401_20160430_32kHz,MARS_20160421_024645_resampled_32kHz.wav,575.0,580.0,orca_call,0.75125384
180643,MARS_20160401_20160430_32kHz,MARS_20160403_130040_resampled_32kHz.wav,210.0,215.0,orca_call,0.38404238
180822,MARS_20160401_20160430_32kHz,MARS_20160414_070019_resampled_32kHz.wav,505.0,510.0,orca_call,0.06926941
183188,MARS_20160401_20160430_32kHz,MARS_20160421_194119_resampled_32kHz.wav,30.0,35.0,orca_call,0.0010964349
183278,MARS_20160401_20160430_32kHz,MARS_20160421_194119_resampled_32kHz.wav,480.0,485.0,orca_call,0.39487845
183282,MARS_20160401_20160430_32kHz,MARS_20160421_194119_resampled_32kHz.wav,500.0,505.0,orca_call,0.48585743
183293,MARS_20160401_20160430_32kHz,MARS_20160421_194119_resampled_32kHz.wav,555.0,560.0,orca_call,1.7746776
183298,MARS_20160401_20160430_32kHz,MARS_20160421_194119_resampled_32kHz.wav,580.0,585.0,orca_call,1.1013325
183447,MARS_20160401_20160430_32kHz,MARS_20160421_034913_resampled_32kHz.wav,125.0,130.0,orca_call,0.017980784
187438,MARS_20160401_20160430_32kHz,MARS_20160427_112418_resampled_32kHz.wav,280.0,285.0,orca_call,2.0052686
187449,MARS_20160401_20160430_32kHz,MARS_20160427_112418_resampled_32kHz.wav,335.0,340.0,orca_call,0.48234236
189098,MARS_20160401_20160430_32kHz,MARS_20160403_184040_resampled_32kHz.wav,180.0,185.0,orca_call,0.5852014
189316,MARS_20160401_20160430_32kHz,MARS_20160419_154716_resampled_32kHz.wav,70.0,75.0,orca_call,0.21061796
193743,MARS_20160401_20160430_32kHz,MARS_20160420_090712_resampled_32kHz.wav,5.0,10.0,orca_call,1.0555471
193744,MARS_20160401_20160430_32kHz,MARS_20160420_090712_resampled_32kHz.wav,10.0,15.0,orca_call,0.24872428
193755,MARS_20160401_20160430_32kHz,MARS_20160420_090712_resampled_32kHz.wav,65.0,70.0,orca_call,0.42494434
193756,MARS_20160401_20160430_32kHz,MARS_20160420_090712_resampled_32kHz.wav,70.0,75.0,orca_call,0.39649332
194595,MARS_20160401_20160430_32kHz,MARS_20160420_162711_resampled_32kHz.wav,65.0,70.0,orca_call,0.7139435
195016,MARS_20160401_20160430_32kHz,MARS_20160420_201710_resampled_32kHz.wav,370.0,375.0,orca_call,0.044200905
201828,MARS_20160401_20160430_32kHz,MARS_20160405_164038_resampled_32kHz.wav,75.0,80.0,orca_call,0.16965598
202845,MARS_20160401_20160430_32kHz,MARS_20160420_223710_resampled_32kHz.wav,360.0,365.0,orca_call,0.0047544762
203244,MARS_20160401_20160430_32kHz,MARS_20160421_112120_resampled_32kHz.wav,555.0,560.0,orca_call,1.0980394
203248,MARS_20160401_20160430_32kHz,MARS_20160421_112120_resampled_32kHz.wav,575.0,580.0,orca_call,0.2282334
205548,MARS_20160401_20160430_32kHz,MARS_20160427_174417_resampled_32kHz.wav,25.0,30.0,orca_call,0.060501702
205549,MARS_20160401_20160430_32kHz,MARS_20160427_174417_resampled_32kHz.wav,30.0,35.0,orca_call,2.0785174
205554,MARS_20160401_20160430_32kHz,MARS_20160427_174417_resampled_32kHz.wav,55.0,60.0,orca_call,1.0436586
205556,MARS_20160401_20160430_32kHz,MARS_20160427_174417_resampled_32kHz.wav,65.0,70.0,orca_call,0.91060054
207763,MARS_20160401_20160430_32kHz,MARS_20160405_131038_resampled_32kHz.wav,300.0,305.0,orca_call,0.11463558
209632,MARS_20160401_20160430_32kHz,MARS_20160404_093039_resampled_32kHz.wav,45.0,50.0,orca_call,0.8923054
209649,MARS_20160401_20160430_32kHz,MARS_20160404_093039_resampled_32kHz.wav,130.0,135.0,orca_call,0.10869443
209651,MARS_20160401_20160430_32kHz,MARS_20160404_093039_resampled_32kHz.wav,140.0,145.0,orca_call,0.19633201
209654,MARS_20160401_20160430_32kHz,MARS_20160404_093039_resampled_32kHz.wav,155.0,160.0,orca_call,0.043132715
209655,MARS_20160401_20160430_32kHz,MARS_20160404_093039_resampled_32kHz.wav,160.0,165.0,orca_call,0.0017628744
209659,MARS_20160401_20160430_32kHz,MARS_20160404_093039_resampled_32kHz.wav,180.0,185.0,orca_call,0.667706
209665,MARS_20160401_20160430_32kHz,MARS_20160404_093039_resampled_32kHz.wav,210.0,215.0,orca_call,0.051318116
209716,MARS_20160401_20160430_32kHz,MARS_20160404_093039_resampled_32kHz.wav,465.0,470.0,orca_call,1.0131065
211686,MARS_20160401_20160430_32kHz,MARS_20160420_054713_resampled_32kHz.wav,115.0,120.0,orca_call,1.0079473
212293,MARS_20160401_20160430_32kHz,MARS_20160421_001645_resampled_32kHz.wav,150.0,155.0,orca_call,1.0088489
213247,MARS_20160401_20160430_32kHz,MARS_20160421_135119_resampled_32kHz.wav,120.0,125.0,orca_call,0.77991563
215525,MARS_20160401_20160430_32kHz,MARS_20160419_094716_resampled_32kHz.wav,110.0,115.0,orca_call,1.1286132
215526,MARS_20160401_20160430_32kHz,MARS_20160419_094716_resampled_32kHz.wav,115.0,120.0,orca_call,0.5675224
218749,MARS_20160401_20160430_32kHz,MARS_20160420_085712_resampled_32kHz.wav,30.0,35.0,orca_call,0.4984399
218777,MARS_20160401_20160430_32kHz,MARS_20160420_085712_resampled_32kHz.wav,170.0,175.0,orca_call,0.52113545
218779,MARS_20160401_20160430_32kHz,MARS_20160420_085712_resampled_32kHz.wav,180.0,185.0,orca_call,0.5245201
218782,MARS_20160401_20160430_32kHz,MARS_20160420_085712_resampled_32kHz.wav,195.0,200.0,orca_call,0.6197643
218783,MARS_20160401_20160430_32kHz,MARS_20160420_085712_resampled_32kHz.wav,200.0,205.0,orca_call,1.2065187
218784,MARS_20160401_20160430_32kHz,MARS_20160420_085712_resampled_32kHz.wav,205.0,210.0,orca_call,0.41325277
218793,MARS_20160401_20160430_32kHz,MARS_20160420_085712_resampled_32kHz.wav,250.0,255.0,orca_call,0.42636955
218800,MARS_20160401_20160430_32kHz,MARS_20160420_085712_resampled_32kHz.wav,285.0,290.0,orca_call,0.9538835
218841,MARS_20160401_20160430_32kHz,MARS_20160420_085712_resampled_32kHz.wav,490.0,495.0,orca_call,1.0335424
218842,MARS_20160401_20160430_32kHz,MARS_20160420_085712_resampled_32kHz.wav,495.0,500.0,orca_call,0.36370772
218858,MARS_20160401_20160430_32kHz,MARS_20160420_085712_resampled_32kHz.wav,575.0,580.0,orca_call,0.4597599
222495,MARS_20160401_20160430_32kHz,MARS_20160416_104017_resampled_32kHz.wav,160.0,165.0,orca_call,1.8120816
222496,MARS_20160401_20160430_32kHz,MARS_20160416_104017_resampled_32kHz.wav,165.0,170.0,orca_call,1.6007006
222498,MARS_20160401_20160430_32kHz,MARS_20160416_104017_resampled_32kHz.wav,175.0,180.0,orca_call,0.28758886
222499,MARS_20160401_20160430_32kHz,MARS_20160416_104017_resampled_32kHz.wav,180.0,185.0,orca_call,2.1519887
222500,MARS_20160401_20160430_32kHz,MARS_20160416_104017_resampled_32kHz.wav,185.0,190.0,orca_call,2.2047925
222502,MARS_20160401_20160430_32kHz,MARS_20160416_104017_resampled_32kHz.wav,195.0,200.0,orca_call,1.2113346
222504,MARS_20160401_20160430_32kHz,MARS_20160416_104017_resampled_32kHz.wav,205.0,210.0,orca_call,2.8189087
222505,MARS_20160401_20160430_32kHz,MARS_20160416_104017_resampled_32kHz.wav,210.0,215.0,orca_call,1.1571513
222506,MARS_20160401_20160430_32kHz,MARS_20160416_104017_resampled_32kHz.wav,215.0,220.0,orca_call,0.7515972
222511,MARS_20160401_20160430_32kHz,MARS_20160416_104017_resampled_32kHz.wav,240.0,245.0,orca_call,1.0892316
222512,MARS_20160401_20160430_32kHz,MARS_20160416_104017_resampled_32kHz.wav,245.0,250.0,orca_call,0.46056825
222517,MARS_20160401_20160430_32kHz,MARS_20160416_104017_resampled_32kHz.wav,270.0,275.0,orca_call,0.9397849
222528,MARS_20160401_20160430_32kHz,MARS_20160416_104017_resampled_32kHz.wav,325.0,330.0,orca_call,0.54489565
222532,MARS_20160401_20160430_32kHz,MARS_20160416_104017_resampled_32kHz.wav,345.0,350.0,orca_call,0.9318743
222533,MARS_20160401_20160430_32kHz,MARS_20160416_104017_resampled_32kHz.wav,350.0,355.0,orca_call,0.03302501
222534,MARS_20160401_20160430_32kHz,MARS_20160416_104017_resampled_32kHz.wav,355.0,360.0,orca_call,0.3999967
222542,MARS_20160401_20160430_32kHz,MARS_20160416_104017_resampled_32kHz.wav,395.0,400.0,orca_call,1.581379
222543,MARS_20160401_20160430_32kHz,MARS_20160416_104017_resampled_32kHz.wav,400.0,405.0,orca_call,1.3663584
222561,MARS_20160401_20160430_32kHz,MARS_20160416_104017_resampled_32kHz.wav,490.0,495.0,orca_call,1.2326106
222562,MARS_20160401_20160430_32kHz,MARS_20160416_104017_resampled_32kHz.wav,495.0,500.0,orca_call,1.8155103
225669,MARS_20160401_20160430_32kHz,MARS_20160420_213710_resampled_32kHz.wav,240.0,245.0,orca_call,0.45111513
225711,MARS_20160401_20160430_32kHz,MARS_20160420_213710_resampled_32kHz.wav,450.0,455.0,orca_call,0.8996165
231103,MARS_20160401_20160430_32kHz,MARS_20160419_210715_resampled_32kHz.wav,410.0,415.0,orca_call,0.50637555
231104,MARS_20160401_20160430_32kHz,MARS_20160419_210715_resampled_32kHz.wav,415.0,420.0,orca_call,0.008973047
231113,MARS_20160401_20160430_32kHz,MARS_20160419_210715_resampled_32kHz.wav,460.0,465.0,orca_call,1.3565028
231120,MARS_20160401_20160430_32kHz,MARS_20160419_210715_resampled_32kHz.wav,495.0,500.0,orca_call,0.21082771
231123,MARS_20160401_20160430_32kHz,MARS_20160419_210715_resampled_32kHz.wav,510.0,515.0,orca_call,0.12846476
231138,MARS_20160401_20160430_32kHz,MARS_20160419_210715_resampled_32kHz.wav,585.0,590.0,orca_call,0.13057509
235136,MARS_20160401_20160430_32kHz,MARS_20160419_120716_resampled_32kHz.wav,175.0,180.0,orca_call,0.4441045
241822,MARS_20160401_20160430_32kHz,MARS_20160419_075716_resampled_32kHz.wav,5.0,10.0,orca_call,3.1711488
241824,MARS_20160401_20160430_32kHz,MARS_20160419_075716_resampled_32kHz.wav,15.0,20.0,orca_call,0.61413854
241834,MARS_20160401_20160430_32kHz,MARS_20160419_075716_resampled_32kHz.wav,65.0,70.0,orca_call,0.49652642
241843,MARS_20160401_20160430_32kHz,MARS_20160419_075716_resampled_32kHz.wav,110.0,115.0,orca_call,0.24956623
241869,MARS_20160401_20160430_32kHz,MARS_20160419_075716_resampled_32kHz.wav,240.0,245.0,orca_call,0.81408876
241872,MARS_20160401_20160430_32kHz,MARS_20160419_075716_resampled_32kHz.wav,255.0,260.0,orca_call,1.2904454
241877,MARS_20160401_20160430_32kHz,MARS_20160419_075716_resampled_32kHz.wav,280.0,285.0,orca_call,1.7241719
241886,MARS_20160401_20160430_32kHz,MARS_20160419_075716_resampled_32kHz.wav,325.0,330.0,orca_call,1.6647098
241887,MARS_20160401_20160430_32kHz,MARS_20160419_075716_resampled_32kHz.wav,330.0,335.0,orca_call,0.6146279
241900,MARS_20160401_20160430_32kHz,MARS_20160419_075716_resampled_32kHz.wav,395.0,400.0,orca_call,1.1164613
245886,MARS_20160401_20160430_32kHz,MARS_20160420_000715_resampled_32kHz.wav,525.0,530.0,orca_call,1.0629402
245891,MARS_20160401_20160430_32kHz,MARS_20160420_000715_resampled_32kHz.wav,550.0,555.0,orca_call,1.4347895
245893,MARS_20160401_20160430_32kHz,MARS_20160420_000715_resampled_32kHz.wav,560.0,565.0,orca_call,0.44513762
245894,MARS_20160401_20160430_32kHz,MARS_20160420_000715_resampled_32kHz.wav,565.0,570.0,orca_call,0.94220924
245896,MARS_20160401_20160430_32kHz,MARS_20160420_000715_resampled_32kHz.wav,575.0,580.0,orca_call,0.09371687
245900,MARS_20160401_20160430_32kHz,MARS_20160420_000715_resampled_32kHz.wav,595.0,600.0,orca_call,1.159705
249526,MARS_20160401_20160430_32kHz,MARS_20160421_010645_resampled_32kHz.wav,125.0,130.0,orca_call,0.08656145
256121,MARS_20160401_20160430_32kHz,MARS_20160419_102716_resampled_32kHz.wav,100.0,105.0,orca_call,0.7894101
256126,MARS_20160401_20160430_32kHz,MARS_20160419_102716_resampled_32kHz.wav,125.0,130.0,orca_call,0.47045696
256128,MARS_20160401_20160430_32kHz,MARS_20160419_102716_resampled_32kHz.wav,135.0,140.0,orca_call,0.76151866
256129,MARS_20160401_20160430_32kHz,MARS_20160419_102716_resampled_32kHz.wav,140.0,145.0,orca_call,0.09001217
256153,MARS_20160401_20160430_32kHz,MARS_20160419_102716_resampled_32kHz.wav,260.0,265.0,orca_call,0.308163
256154,MARS_20160401_20160430_32kHz,MARS_20160419_102716_resampled_32kHz.wav,265.0,270.0,orca_call,0.35763952
256156,MARS_20160401_20160430_32kHz,MARS_20160419_102716_resampled_32kHz.wav,275.0,280.0,orca_call,0.61002076
256157,MARS_20160401_20160430_32kHz,MARS_20160419_102716_resampled_32kHz.wav,280.0,285.0,orca_call,0.57993215
256159,MARS_20160401_20160430_32kHz,MARS_20160419_102716_resampled_32kHz.wav,290.0,295.0,orca_call,0.13841388
256184,MARS_20160401_20160430_32kHz,MARS_20160419_102716_resampled_32kHz.wav,415.0,420.0,orca_call,0.67252344
256966,MARS_20160401_20160430_32kHz,MARS_20160420_235645_resampled_32kHz.wav,125.0,130.0,orca_call,0.14367151
256985,MARS_20160401_20160430_32kHz,MARS_20160420_235645_resampled_32kHz.wav,220.0,225.0,orca_call,0.31542087
256996,MARS_20160401_20160430_32kHz,MARS_20160420_235645_resampled_32kHz.wav,275.0,280.0,orca_call,0.6863498
257442,MARS_20160401_20160430_32kHz,MARS_20160408_061030_resampled_32kHz.wav,105.0,110.0,orca_call,0.011312343
257449,MARS_20160401_20160430_32kHz,MARS_20160408_061030_resampled_32kHz.wav,140.0,145.0,orca_call,0.3625185
257587,MARS_20160401_20160430_32kHz,MARS_20160408_063030_resampled_32kHz.wav,230.0,235.0,orca_call,0.5241343
257641,MARS_20160401_20160430_32kHz,MARS_20160408_063030_resampled_32kHz.wav,500.0,505.0,orca_call,0.49434733
257652,MARS_20160401_20160430_32kHz,MARS_20160408_063030_resampled_32kHz.wav,555.0,560.0,orca_call,0.9041368
261140,MARS_20160401_20160430_32kHz,MARS_20160423_043024_resampled_32kHz.wav,595.0,600.0,orca_call,0.10023955
263763,MARS_20160401_20160430_32kHz,MARS_20160416_114017_resampled_32kHz.wav,510.0,515.0,orca_call,0.6918864
263765,MARS_20160401_20160430_32kHz,MARS_20160416_114017_resampled_32kHz.wav,520.0,525.0,orca_call,0.57588315
268283,MARS_20160401_20160430_32kHz,MARS_20160420_075713_resampled_32kHz.wav,25.0,30.0,orca_call,0.086066864
268295,MARS_20160401_20160430_32kHz,MARS_20160420_075713_resampled_32kHz.wav,85.0,90.0,orca_call,1.6463891
268297,MARS_20160401_20160430_32kHz,MARS_20160420_075713_resampled_32kHz.wav,95.0,100.0,orca_call,0.35128376
273948,MARS_20160401_20160430_32kHz,MARS_20160430_015635_resampled_32kHz.wav,150.0,155.0,orca_call,1.6566043
273949,MARS_20160401_20160430_32kHz,MARS_20160430_015635_resampled_32kHz.wav,155.0,160.0,orca_call,1.5434252
273964,MARS_20160401_20160430_32kHz,MARS_20160430_015635_resampled_32kHz.wav,230.0,235.0,orca_call,0.21328512
273998,MARS_20160401_20160430_32kHz,MARS_20160430_015635_resampled_32kHz.wav,400.0,405.0,orca_call,0.07839579
277252,MARS_20160401_20160430_32kHz,MARS_20160420_180710_resampled_32kHz.wav,470.0,475.0,orca_call,1.0554093
277273,MARS_20160401_20160430_32kHz,MARS_20160420_180710_resampled_32kHz.wav,575.0,580.0,orca_call,0.12772915
277605,MARS_20160401_20160430_32kHz,MARS_20160416_090017_resampled_32kHz.wav,435.0,440.0,orca_call,0.13547006
277608,MARS_20160401_20160430_32kHz,MARS_20160416_090017_resampled_32kHz.wav,450.0,455.0,orca_call,1.312584
277614,MARS_20160401_20160430_32kHz,MARS_20160416_090017_resampled_32kHz.wav,480.0,485.0,orca_call,0.41154963
277616,MARS_20160401_20160430_32kHz,MARS_20160416_090017_resampled_32kHz.wav,490.0,495.0,orca_call,0.8915843
277629,MARS_20160401_20160430_32kHz,MARS_20160416_090017_resampled_32kHz.wav,555.0,560.0,orca_call,0.3274054
277636,MARS_20160401_20160430_32kHz,MARS_20160416_090017_resampled_32kHz.wav,590.0,595.0,orca_call,0.15065786
279937,MARS_20160401_20160430_32kHz,MARS_20160419_090716_resampled_32kHz.wav,95.0,100.0,orca_call,0.070756175
279981,MARS_20160401_20160430_32kHz,MARS_20160419_090716_resampled_32kHz.wav,315.0,320.0,orca_call,0.11148312
280011,MARS_20160401_20160430_32kHz,MARS_20160419_090716_resampled_32kHz.wav,465.0,470.0,orca_call,0.18681121
282560,MARS_20160401_20160430_32kHz,MARS_20160420_191710_resampled_32kHz.wav,10.0,15.0,orca_call,0.3156466
282562,MARS_20160401_20160430_32kHz,MARS_20160420_191710_resampled_32kHz.wav,20.0,25.0,orca_call,0.31318653
282590,MARS_20160401_20160430_32kHz,MARS_20160420_191710_resampled_32kHz.wav,160.0,165.0,orca_call,0.3420286
282598,MARS_20160401_20160430_32kHz,MARS_20160420_191710_resampled_32kHz.wav,200.0,205.0,orca_call,0.4595585
282601,MARS_20160401_20160430_32kHz,MARS_20160420_191710_resampled_32kHz.wav,215.0,220.0,orca_call,0.4006911
284839,MARS_20160401_20160430_32kHz,MARS_20160419_092716_resampled_32kHz.wav,5.0,10.0,orca_call,1.1015303
284849,MARS_20160401_20160430_32kHz,MARS_20160419_092716_resampled_32kHz.wav,55.0,60.0,orca_call,0.029720478
284852,MARS_20160401_20160430_32kHz,MARS_20160419_092716_resampled_32kHz.wav,70.0,75.0,orca_call,0.5675007
284855,MARS_20160401_20160430_32kHz,MARS_20160419_092716_resampled_32kHz.wav,85.0,90.0,orca_call,0.16006947
284868,MARS_20160401_20160430_32kHz,MARS_20160419_092716_resampled_32kHz.wav,150.0,155.0,orca_call,0.36818618
284873,MARS_20160401_20160430_32kHz,MARS_20160419_092716_resampled_32kHz.wav,175.0,180.0,orca_call,0.4863087
284875,MARS_20160401_20160430_32kHz,MARS_20160419_092716_resampled_32kHz.wav,185.0,190.0,orca_call,0.6377703
284877,MARS_20160401_20160430_32kHz,MARS_20160419_092716_resampled_32kHz.wav,195.0,200.0,orca_call,0.58003885
284894,MARS_20160401_20160430_32kHz,MARS_20160419_092716_resampled_32kHz.wav,280.0,285.0,orca_call,1.815
284895,MARS_20160401_20160430_32kHz,MARS_20160419_092716_resampled_32kHz.wav,285.0,290.0,orca_call,1.403652
284896,MARS_20160401_20160430_32kHz,MARS_20160419_092716_resampled_32kHz.wav,290.0,295.0,orca_call,2.09841
284899,MARS_20160401_20160430_32kHz,MARS_20160419_092716_resampled_32kHz.wav,305.0,310.0,orca_call,0.6506883
284909,MARS_20160401_20160430_32kHz,MARS_20160419_092716_resampled_32kHz.wav,355.0,360.0,orca_call,0.21395978
284914,MARS_20160401_20160430_32kHz,MARS_20160419_092716_resampled_32kHz.wav,380.0,385.0,orca_call,1.2926677
284917,MARS_20160401_20160430_32kHz,MARS_20160419_092716_resampled_32kHz.wav,395.0,400.0,orca_call,0.70176744
284924,MARS_20160401_20160430_32kHz,MARS_20160419_092716_resampled_32kHz.wav,430.0,435.0,orca_call,0.47968787
284928,MARS_20160401_20160430_32kHz,MARS_20160419_092716_resampled_32kHz.wav,450.0,455.0,orca_call,1.0195146
284929,MARS_20160401_20160430_32kHz,MARS_20160419_092716_resampled_32kHz.wav,455.0,460.0,orca_call,0.22890976
284933,MARS_20160401_20160430_32kHz,MARS_20160419_092716_resampled_32kHz.wav,475.0,480.0,orca_call,0.42747462
284934,MARS_20160401_20160430_32kHz,MARS_20160419_092716_resampled_32kHz.wav,480.0,485.0,orca_call,1.8008025
284939,MARS_20160401_20160430_32kHz,MARS_20160419_092716_resampled_32kHz.wav,505.0,510.0,orca_call,0.8212684
284942,MARS_20160401_20160430_32kHz,MARS_20160419_092716_resampled_32kHz.wav,520.0,525.0,orca_call,0.57383287
284946,MARS_20160401_20160430_32kHz,MARS_20160419_092716_resampled_32kHz.wav,540.0,545.0,orca_call,1.2128899
284947,MARS_20160401_20160430_32kHz,MARS_20160419_092716_resampled_32kHz.wav,545.0,550.0,orca_call,1.5355779
284949,MARS_20160401_20160430_32kHz,MARS_20160419_092716_resampled_32kHz.wav,555.0,560.0,orca_call,0.5988405
284951,MARS_20160401_20160430_32kHz,MARS_20160419_092716_resampled_32kHz.wav,565.0,570.0,orca_call,0.9931569
284955,MARS_20160401_20160430_32kHz,MARS_20160419_092716_resampled_32kHz.wav,585.0,590.0,orca_call,0.20310575
299004,MARS_20160401_20160430_32kHz,MARS_20160419_231715_resampled_32kHz.wav,65.0,70.0,orca_call,0.6338755
299081,MARS_20160401_20160430_32kHz,MARS_20160419_231715_resampled_32kHz.wav,450.0,455.0,orca_call,0.30010766
299087,MARS_20160401_20160430_32kHz,MARS_20160419_231715_resampled_32kHz.wav,480.0,485.0,orca_call,0.24341798
299100,MARS_20160401_20160430_32kHz,MARS_20160419_231715_resampled_32kHz.wav,545.0,550.0,orca_call,0.57095665
302548,MARS_20160401_20160430_32kHz,MARS_20160419_082716_resampled_32kHz.wav,385.0,390.0,orca_call,0.17239007
302557,MARS_20160401_20160430_32kHz,MARS_20160419_082716_resampled_32kHz.wav,430.0,435.0,orca_call,0.70620185
302561,MARS_20160401_20160430_32kHz,MARS_20160419_082716_resampled_32kHz.wav,450.0,455.0,orca_call,1.0436152
302562,MARS_20160401_20160430_32kHz,MARS_20160419_082716_resampled_32kHz.wav,455.0,460.0,orca_call,0.7501406
302563,MARS_20160401_20160430_32kHz,MARS_20160419_082716_resampled_32kHz.wav,460.0,465.0,orca_call,0.78537685
302565,MARS_20160401_20160430_32kHz,MARS_20160419_082716_resampled_32kHz.wav,470.0,475.0,orca_call,0.27102238
302566,MARS_20160401_20160430_32kHz,MARS_20160419_082716_resampled_32kHz.wav,475.0,480.0,orca_call,0.8554891
302568,MARS_20160401_20160430_32kHz,MARS_20160419_082716_resampled_32kHz.wav,485.0,490.0,orca_call,0.17217952
302572,MARS_20160401_20160430_32kHz,MARS_20160419_082716_resampled_32kHz.wav,505.0,510.0,orca_call,1.5812806
302575,MARS_20160401_20160430_32kHz,MARS_20160419_082716_resampled_32kHz.wav,520.0,525.0,orca_call,1.4710041
302579,MARS_20160401_20160430_32kHz,MARS_20160419_082716_resampled_32kHz.wav,540.0,545.0,orca_call,1.350835
302581,MARS_20160401_20160430_32kHz,MARS_20160419_082716_resampled_32kHz.wav,550.0,555.0,orca_call,1.3475022
302587,MARS_20160401_20160430_32kHz,MARS_20160419_082716_resampled_32kHz.wav,580.0,585.0,orca_call,1.1001244
302588,MARS_20160401_20160430_32kHz,MARS_20160419_082716_resampled_32kHz.wav,585.0,590.0,orca_call,0.9538199
303160,MARS_20160401_20160430_32kHz,MARS_20160419_122716_resampled_32kHz.wav,445.0,450.0,orca_call,0.7696098
303161,MARS_20160401_20160430_32kHz,MARS_20160419_122716_resampled_32kHz.wav,450.0,455.0,orca_call,0.16781628
307083,MARS_20160401_20160430_32kHz,MARS_20160419_012716_resampled_32kHz.wav,260.0,265.0,orca_call,0.15724805
307135,MARS_20160401_20160430_32kHz,MARS_20160419_012716_resampled_32kHz.wav,520.0,525.0,orca_call,0.221576
310075,MARS_20160401_20160430_32kHz,MARS_20160419_040716_resampled_32kHz.wav,220.0,225.0,orca_call,0.1073642
310097,MARS_20160401_20160430_32kHz,MARS_20160419_040716_resampled_32kHz.wav,330.0,335.0,orca_call,1.6079639
313050,MARS_20160401_20160430_32kHz,MARS_20160419_085716_resampled_32kHz.wav,95.0,100.0,orca_call,0.23101565
313087,MARS_20160401_20160430_32kHz,MARS_20160419_085716_resampled_32kHz.wav,280.0,285.0,orca_call,0.4727015
313142,MARS_20160401_20160430_32kHz,MARS_20160419_085716_resampled_32kHz.wav,555.0,560.0,orca_call,0.5433
313146,MARS_20160401_20160430_32kHz,MARS_20160419_085716_resampled_32kHz.wav,575.0,580.0,orca_call,0.3652911
315385,MARS_20160401_20160430_32kHz,MARS_20160419_015716_resampled_32kHz.wav,240.0,245.0,orca_call,0.13821512
315386,MARS_20160401_20160430_32kHz,MARS_20160419_015716_resampled_32kHz.wav,245.0,250.0,orca_call,0.08654369
319785,MARS_20160401_20160430_32kHz,MARS_20160420_080713_resampled_32kHz.wav,40.0,45.0,orca_call,0.054780923
319790,MARS_20160401_20160430_32kHz,MARS_20160420_080713_resampled_32kHz.wav,65.0,70.0,orca_call,0.9604088
319795,MARS_20160401_20160430_32kHz,MARS_20160420_080713_resampled_32kHz.wav,90.0,95.0,orca_call,0.43623066
319854,MARS_20160401_20160430_32kHz,MARS_20160420_080713_resampled_32kHz.wav,385.0,390.0,orca_call,0.17822608
333022,MARS_20160401_20160430_32kHz,MARS_20160419_101716_resampled_32kHz.wav,225.0,230.0,orca_call,0.8604623
336860,MARS_20160401_20160430_32kHz,MARS_20160414_045019_resampled_32kHz.wav,215.0,220.0,orca_call,0.24792069
339992,MARS_20160401_20160430_32kHz,MARS_20160404_150039_resampled_32kHz.wav,275.0,280.0,orca_call,2.7045321
339993,MARS_20160401_20160430_32kHz,MARS_20160404_150039_resampled_32kHz.wav,280.0,285.0,orca_call,2.2319481
339994,MARS_20160401_20160430_32kHz,MARS_20160404_150039_resampled_32kHz.wav,285.0,290.0,orca_call,0.9998876
339995,MARS_20160401_20160430_32kHz,MARS_20160404_150039_resampled_32kHz.wav,290.0,295.0,orca_call,2.223577
339998,MARS_20160401_20160430_32kHz,MARS_20160404_150039_resampled_32kHz.wav,305.0,310.0,orca_call,2.128257
340000,MARS_20160401_20160430_32kHz,MARS_20160404_150039_resampled_32kHz.wav,315.0,320.0,orca_call,1.928497
340001,MARS_20160401_20160430_32kHz,MARS_20160404_150039_resampled_32kHz.wav,320.0,325.0,orca_call,1.547024
340002,MARS_20160401_20160430_32kHz,MARS_20160404_150039_resampled_32kHz.wav,325.0,330.0,orca_call,1.7077655
340004,MARS_20160401_20160430_32kHz,MARS_20160404_150039_resampled_32kHz.wav,335.0,340.0,orca_call,1.0289142
340006,MARS_20160401_20160430_32kHz,MARS_20160404_150039_resampled_32kHz.wav,345.0,350.0,orca_call,1.8643624
340007,MARS_20160401_20160430_32kHz,MARS_20160404_150039_resampled_32kHz.wav,350.0,355.0,orca_call,0.30332142
340011,MARS_20160401_20160430_32kHz,MARS_20160404_150039_resampled_32kHz.wav,370.0,375.0,orca_call,1.2055707
340013,MARS_20160401_20160430_32kHz,MARS_20160404_150039_resampled_32kHz.wav,380.0,385.0,orca_call,2.5787978
340014,MARS_20160401_20160430_32kHz,MARS_20160404_150039_resampled_32kHz.wav,385.0,390.0,orca_call,1.9378129
340015,MARS_20160401_20160430_32kHz,MARS_20160404_150039_resampled_32kHz.wav,390.0,395.0,orca_call,1.5854979
340018,MARS_20160401_20160430_32kHz,MARS_20160404_150039_resampled_32kHz.wav,405.0,410.0,orca_call,1.6392847
340020,MARS_20160401_20160430_32kHz,MARS_20160404_150039_resampled_32kHz.wav,415.0,420.0,orca_call,0.5654388
340023,MARS_20160401_20160430_32kHz,MARS_20160404_150039_resampled_32kHz.wav,430.0,435.0,orca_call,0.9069657
340024,MARS_20160401_20160430_32kHz,MARS_20160404_150039_resampled_32kHz.wav,435.0,440.0,orca_call,0.6954114
340027,MARS_20160401_20160430_32kHz,MARS_20160404_150039_resampled_32kHz.wav,450.0,455.0,orca_call,1.5293859
340029,MARS_20160401_20160430_32kHz,MARS_20160404_150039_resampled_32kHz.wav,460.0,465.0,orca_call,1.5197132
340032,MARS_20160401_20160430_32kHz,MARS_20160404_150039_resampled_32kHz.wav,475.0,480.0,orca_call,1.2492502
340034,MARS_20160401_20160430_32kHz,MARS_20160404_150039_resampled_32kHz.wav,485.0,490.0,orca_call,0.8989436
340038,MARS_20160401_20160430_32kHz,MARS_20160404_150039_resampled_32kHz.wav,505.0,510.0,orca_call,2.6524284
340044,MARS_20160401_20160430_32kHz,MARS_20160404_150039_resampled_32kHz.wav,535.0,540.0,orca_call,0.5729319
340045,MARS_20160401_20160430_32kHz,MARS_20160404_150039_resampled_32kHz.wav,540.0,545.0,orca_call,1.0667201
340046,MARS_20160401_20160430_32kHz,MARS_20160404_150039_resampled_32kHz.wav,545.0,550.0,orca_call,0.56262183
340048,MARS_20160401_20160430_32kHz,MARS_20160404_150039_resampled_32kHz.wav,555.0,560.0,orca_call,1.1701332
340050,MARS_20160401_20160430_32kHz,MARS_20160404_150039_resampled_32kHz.wav,565.0,570.0,orca_call,1.5455116
340054,MARS_20160401_20160430_32kHz,MARS_20160404_150039_resampled_32kHz.wav,585.0,590.0,orca_call,0.5196938
340055,MARS_20160401_20160430_32kHz,MARS_20160404_150039_resampled_32kHz.wav,590.0,595.0,orca_call,2.846996
340056,MARS_20160401_20160430_32kHz,MARS_20160404_150039_resampled_32kHz.wav,595.0,600.0,orca_call,1.2132986
340805,MARS_20160401_20160430_32kHz,MARS_20160420_225710_resampled_32kHz.wav,140.0,145.0,orca_call,0.12030076
340819,MARS_20160401_20160430_32kHz,MARS_20160420_225710_resampled_32kHz.wav,210.0,215.0,orca_call,0.6854898
340824,MARS_20160401_20160430_32kHz,MARS_20160420_225710_resampled_32kHz.wav,235.0,240.0,orca_call,0.43941963
340831,MARS_20160401_20160430_32kHz,MARS_20160420_225710_resampled_32kHz.wav,270.0,275.0,orca_call,0.42983758
340873,MARS_20160401_20160430_32kHz,MARS_20160420_225710_resampled_32kHz.wav,480.0,485.0,orca_call,0.39527246
341735,MARS_20160401_20160430_32kHz,MARS_20160421_000645_resampled_32kHz.wav,590.0,595.0,orca_call,0.032685257
341997,MARS_20160401_20160430_32kHz,MARS_20160406_080035_resampled_32kHz.wav,100.0,105.0,orca_call,0.53799975
342000,MARS_20160401_20160430_32kHz,MARS_20160406_080035_resampled_32kHz.wav,115.0,120.0,orca_call,0.095415
342001,MARS_20160401_20160430_32kHz,MARS_20160406_080035_resampled_32kHz.wav,120.0,125.0,orca_call,0.058877714
342004,MARS_20160401_20160430_32kHz,MARS_20160406_080035_resampled_32kHz.wav,135.0,140.0,orca_call,0.3961528
342009,MARS_20160401_20160430_32kHz,MARS_20160406_080035_resampled_32kHz.wav,160.0,165.0,orca_call,0.9369638
344267,MARS_20160401_20160430_32kHz,MARS_20160419_211715_resampled_32kHz.wav,50.0,55.0,orca_call,0.2589583
344270,MARS_20160401_20160430_32kHz,MARS_20160419_211715_resampled_32kHz.wav,65.0,70.0,orca_call,0.9396088
344272,MARS_20160401_20160430_32kHz,MARS_20160419_211715_resampled_32kHz.wav,75.0,80.0,orca_call,0.70265627
344274,MARS_20160401_20160430_32kHz,MARS_20160419_211715_resampled_32kHz.wav,85.0,90.0,orca_call,1.5059041
344286,MARS_20160401_20160430_32kHz,MARS_20160419_211715_resampled_32kHz.wav,145.0,150.0,orca_call,1.0147727
344289,MARS_20160401_20160430_32kHz,MARS_20160419_211715_resampled_32kHz.wav,160.0,165.0,orca_call,0.1558569
344300,MARS_20160401_20160430_32kHz,MARS_20160419_211715_resampled_32kHz.wav,215.0,220.0,orca_call,0.5395924
344301,MARS_20160401_20160430_32kHz,MARS_20160419_211715_resampled_32kHz.wav,220.0,225.0,orca_call,1.254312
344308,MARS_20160401_20160430_32kHz,MARS_20160419_211715_resampled_32kHz.wav,255.0,260.0,orca_call,0.15884924
344309,MARS_20160401_20160430_32kHz,MARS_20160419_211715_resampled_32kHz.wav,260.0,265.0,orca_call,0.4026736
344311,MARS_20160401_20160430_32kHz,MARS_20160419_211715_resampled_32kHz.wav,270.0,275.0,orca_call,1.4546034
344315,MARS_20160401_20160430_32kHz,MARS_20160419_211715_resampled_32kHz.wav,290.0,295.0,orca_call,0.49138808
344323,MARS_20160401_20160430_32kHz,MARS_20160419_211715_resampled_32kHz.wav,330.0,335.0,orca_call,0.696631
344327,MARS_20160401_20160430_32kHz,MARS_20160419_211715_resampled_32kHz.wav,350.0,355.0,orca_call,0.37005866
344335,MARS_20160401_20160430_32kHz,MARS_20160419_211715_resampled_32kHz.wav,390.0,395.0,orca_call,0.34746206
345292,MARS_20160401_20160430_32kHz,MARS_20160413_133021_resampled_32kHz.wav,375.0,380.0,orca_call,1.0820466
347544,MARS_20160401_20160430_32kHz,MARS_20160414_071019_resampled_32kHz.wav,410.0,415.0,orca_call,0.8838024
351744,MARS_20160401_20160430_32kHz,MARS_20160418_013015_resampled_32kHz.wav,480.0,485.0,orca_call,0.031636752
351746,MARS_20160401_20160430_32kHz,MARS_20160418_013015_resampled_32kHz.wav,490.0,495.0,orca_call,0.30355605
351747,MARS_20160401_20160430_32kHz,MARS_20160418_013015_resampled_32kHz.wav,495.0,500.0,orca_call,1.3297323
353955,MARS_20160401_20160430_32kHz,MARS_20160420_073713_resampled_32kHz.wav,135.0,140.0,orca_call,0.40770966
354004,MARS_20160401_20160430_32kHz,MARS_20160420_073713_resampled_32kHz.wav,380.0,385.0,orca_call,0.12318159
356218,MARS_20160401_20160430_32kHz,MARS_20160427_101418_resampled_32kHz.wav,50.0,55.0,orca_call,0.9859054
364927,MARS_20160401_20160430_32kHz,MARS_20160427_093418_resampled_32kHz.wav,395.0,400.0,orca_call,1.5180933
364931,MARS_20160401_20160430_32kHz,MARS_20160427_093418_resampled_32kHz.wav,415.0,420.0,orca_call,0.65733004
375301,MARS_20160401_20160430_32kHz,MARS_20160420_182710_resampled_32kHz.wav,65.0,70.0,orca_call,0.16329053
375662,MARS_20160401_20160430_32kHz,MARS_20160418_083015_resampled_32kHz.wav,70.0,75.0,orca_call,0.37424868
378041,MARS_20160401_20160430_32kHz,MARS_20160417_074016_resampled_32kHz.wav,565.0,570.0,orca_call,0.012150794
378092,MARS_20160401_20160430_32kHz,MARS_20160420_084712_resampled_32kHz.wav,220.0,225.0,orca_call,1.6827261
378094,MARS_20160401_20160430_32kHz,MARS_20160420_084712_resampled_32kHz.wav,230.0,235.0,orca_call,0.3004766
378151,MARS_20160401_20160430_32kHz,MARS_20160420_084712_resampled_32kHz.wav,515.0,520.0,orca_call,0.8488735
378697,MARS_20160401_20160430_32kHz,MARS_20160411_165027_resampled_32kHz.wav,245.0,250.0,orca_call,0.012157656
379795,MARS_20160401_20160430_32kHz,MARS_20160420_064713_resampled_32kHz.wav,335.0,340.0,orca_call,0.5451781
379802,MARS_20160401_20160430_32kHz,MARS_20160420_064713_resampled_32kHz.wav,370.0,375.0,orca_call,0.39606142
379845,MARS_20160401_20160430_32kHz,MARS_20160420_064713_resampled_32kHz.wav,585.0,590.0,orca_call,0.5469799
380040,MARS_20160401_20160430_32kHz,MARS_20160421_003645_resampled_32kHz.wav,360.0,365.0,orca_call,0.17092073
385264,MARS_20160401_20160430_32kHz,MARS_20160420_105712_resampled_32kHz.wav,145.0,150.0,orca_call,0.17440137
385267,MARS_20160401_20160430_32kHz,MARS_20160420_105712_resampled_32kHz.wav,160.0,165.0,orca_call,0.48852885
385910,MARS_20160401_20160430_32kHz,MARS_20160421_040913_resampled_32kHz.wav,375.0,380.0,orca_call,0.025788948
385946,MARS_20160401_20160430_32kHz,MARS_20160421_040913_resampled_32kHz.wav,555.0,560.0,orca_call,0.021106169
391388,MARS_20160401_20160430_32kHz,MARS_20160420_094712_resampled_32kHz.wav,165.0,170.0,orca_call,0.6680012
391460,MARS_20160401_20160430_32kHz,MARS_20160420_094712_resampled_32kHz.wav,525.0,530.0,orca_call,0.5692253
391461,MARS_20160401_20160430_32kHz,MARS_20160420_094712_resampled_32kHz.wav,530.0,535.0,orca_call,0.045172475
391662,MARS_20160401_20160430_32kHz,MARS_20160414_054019_resampled_32kHz.wav,335.0,340.0,orca_call,0.3038627
394718,MARS_20160401_20160430_32kHz,MARS_20160405_184038_resampled_32kHz.wav,15.0,20.0,orca_call,1.0854846
394719,MARS_20160401_20160430_32kHz,MARS_20160405_184038_resampled_32kHz.wav,20.0,25.0,orca_call,0.08845236
394720,MARS_20160401_20160430_32kHz,MARS_20160405_184038_resampled_32kHz.wav,25.0,30.0,orca_call,0.35533231
394721,MARS_20160401_20160430_32kHz,MARS_20160405_184038_resampled_32kHz.wav,30.0,35.0,orca_call,0.56491905
394723,MARS_20160401_20160430_32kHz,MARS_20160405_184038_resampled_32kHz.wav,40.0,45.0,orca_call,0.010066174
394726,MARS_20160401_20160430_32kHz,MARS_20160405_184038_resampled_32kHz.wav,55.0,60.0,orca_call,1.0133777
394728,MARS_20160401_20160430_32kHz,MARS_20160405_184038_resampled_32kHz.wav,65.0,70.0,orca_call,0.24093643
394729,MARS_20160401_20160430_32kHz,MARS_20160405_184038_resampled_32kHz.wav,70.0,75.0,orca_call,1.2699864
396288,MARS_20160401_20160430_32kHz,MARS_20160416_235016_resampled_32kHz.wav,65.0,70.0,orca_call,0.02566848
396321,MARS_20160401_20160430_32kHz,MARS_20160416_235016_resampled_32kHz.wav,230.0,235.0,orca_call,0.77592194
396366,MARS_20160401_20160430_32kHz,MARS_20160416_235016_resampled_32kHz.wav,455.0,460.0,orca_call,0.3531916
396384,MARS_20160401_20160430_32kHz,MARS_20160416_235016_resampled_32kHz.wav,545.0,550.0,orca_call,1.4144002
396390,MARS_20160401_20160430_32kHz,MARS_20160416_235016_resampled_32kHz.wav,575.0,580.0,orca_call,0.32284033
396394,MARS_20160401_20160430_32kHz,MARS_20160416_235016_resampled_32kHz.wav,595.0,600.0,orca_call,0.5669397
397270,MARS_20160401_20160430_32kHz,MARS_20160430_022635_resampled_32kHz.wav,175.0,180.0,orca_call,0.6959565
398574,MARS_20160401_20160430_32kHz,MARS_20160419_123716_resampled_32kHz.wav,95.0,100.0,orca_call,0.39286068
399437,MARS_20160401_20160430_32kHz,MARS_20160401_202042_resampled_32kHz.wav,210.0,215.0,orca_call,0.92895615
402247,MARS_20160401_20160430_32kHz,MARS_20160414_053019_resampled_32kHz.wav,460.0,465.0,orca_call,1.0462024
402249,MARS_20160401_20160430_32kHz,MARS_20160414_053019_resampled_32kHz.wav,470.0,475.0,orca_call,0.08026678
402250,MARS_20160401_20160430_32kHz,MARS_20160414_053019_resampled_32kHz.wav,475.0,480.0,orca_call,0.36779916
402254,MARS_20160401_20160430_32kHz,MARS_20160414_053019_resampled_32kHz.wav,495.0,500.0,orca_call,0.66726625
402256,MARS_20160401_20160430_32kHz,MARS_20160414_053019_resampled_32kHz.wav,505.0,510.0,orca_call,0.30230471
402260,MARS_20160401_20160430_32kHz,MARS_20160414_053019_resampled_32kHz.wav,525.0,530.0,orca_call,1.1411275
402261,MARS_20160401_20160430_32kHz,MARS_20160414_053019_resampled_32kHz.wav,530.0,535.0,orca_call,0.22222596
402265,MARS_20160401_20160430_32kHz,MARS_20160414_053019_resampled_32kHz.wav,550.0,555.0,orca_call,0.17967749
407927,MARS_20160401_20160430_32kHz,MARS_20160420_091712_resampled_32kHz.wav,60.0,65.0,orca_call,0.26751414
407952,MARS_20160401_20160430_32kHz,MARS_20160420_091712_resampled_32kHz.wav,185.0,190.0,orca_call,0.04120741
407959,MARS_20160401_20160430_32kHz,MARS_20160420_091712_resampled_32kHz.wav,220.0,225.0,orca_call,1.3656265
407960,MARS_20160401_20160430_32kHz,MARS_20160420_091712_resampled_32kHz.wav,225.0,230.0,orca_call,0.46472335
407961,MARS_20160401_20160430_32kHz,MARS_20160420_091712_resampled_32kHz.wav,230.0,235.0,orca_call,0.035692506
407963,MARS_20160401_20160430_32kHz,MARS_20160420_091712_resampled_32kHz.wav,240.0,245.0,orca_call,1.8151879
407965,MARS_20160401_20160430_32kHz,MARS_20160420_091712_resampled_32kHz.wav,250.0,255.0,orca_call,1.5032438
407971,MARS_20160401_20160430_32kHz,MARS_20160420_091712_resampled_32kHz.wav,280.0,285.0,orca_call,1.4988635
407976,MARS_20160401_20160430_32kHz,MARS_20160420_091712_resampled_32kHz.wav,305.0,310.0,orca_call,0.8156207
409611,MARS_20160401_20160430_32kHz,MARS_20160414_060019_resampled_32kHz.wav,80.0,85.0,orca_call,0.15778193
409644,MARS_20160401_20160430_32kHz,MARS_20160414_060019_resampled_32kHz.wav,245.0,250.0,orca_call,0.20306033
411649,MARS_20160401_20160430_32kHz,MARS_20160419_073716_resampled_32kHz.wav,70.0,75.0,orca_call,0.23152512
411650,MARS_20160401_20160430_32kHz,MARS_20160419_073716_resampled_32kHz.wav,75.0,80.0,orca_call,0.4186136
411667,MARS_20160401_20160430_32kHz,MARS_20160419_073716_resampled_32kHz.wav,160.0,165.0,orca_call,0.9400132
411668,MARS_20160401_20160430_32kHz,MARS_20160419_073716_resampled_32kHz.wav,165.0,170.0,orca_call,0.85088855
411670,MARS_20160401_20160430_32kHz,MARS_20160419_073716_resampled_32kHz.wav,175.0,180.0,orca_call,0.03518343
411671,MARS_20160401_20160430_32kHz,MARS_20160419_073716_resampled_32kHz.wav,180.0,185.0,orca_call,0.40699366
411674,MARS_20160401_20160430_32kHz,MARS_20160419_073716_resampled_32kHz.wav,195.0,200.0,orca_call,1.156319
411676,MARS_20160401_20160430_32kHz,MARS_20160419_073716_resampled_32kHz.wav,205.0,210.0,orca_call,0.50775105
411695,MARS_20160401_20160430_32kHz,MARS_20160419_073716_resampled_32kHz.wav,300.0,305.0,orca_call,0.23313907
411697,MARS_20160401_20160430_32kHz,MARS_20160419_073716_resampled_32kHz.wav,310.0,315.0,orca_call,0.06615885
411698,MARS_20160401_20160430_32kHz,MARS_20160419_073716_resampled_32kHz.wav,315.0,320.0,orca_call,1.0150121
411713,MARS_20160401_20160430_32kHz,MARS_20160419_073716_resampled_32kHz.wav,390.0,395.0,orca_call,1.0365623
411715,MARS_20160401_20160430_32kHz,MARS_20160419_073716_resampled_32kHz.wav,400.0,405.0,orca_call,0.4277771
411720,MARS_20160401_20160430_32kHz,MARS_20160419_073716_resampled_32kHz.wav,425.0,430.0,orca_call,0.10472489
411721,MARS_20160401_20160430_32kHz,MARS_20160419_073716_resampled_32kHz.wav,430.0,435.0,orca_call,1.1147039
411723,MARS_20160401_20160430_32kHz,MARS_20160419_073716_resampled_32kHz.wav,440.0,445.0,orca_call,1.0393974
411724,MARS_20160401_20160430_32kHz,MARS_20160419_073716_resampled_32kHz.wav,445.0,450.0,orca_call,1.6296751
411725,MARS_20160401_20160430_32kHz,MARS_20160419_073716_resampled_32kHz.wav,450.0,455.0,orca_call,0.74976367
411731,MARS_20160401_20160430_32kHz,MARS_20160419_073716_resampled_32kHz.wav,480.0,485.0,orca_call,1.0240086
411737,MARS_20160401_20160430_32kHz,MARS_20160419_073716_resampled_32kHz.wav,510.0,515.0,orca_call,0.105072714
411740,MARS_20160401_20160430_32kHz,MARS_20160419_073716_resampled_32kHz.wav,525.0,530.0,orca_call,2.3293417
411743,MARS_20160401_20160430_32kHz,MARS_20160419_073716_resampled_32kHz.wav,540.0,545.0,orca_call,1.048972
411745,MARS_20160401_20160430_32kHz,MARS_20160419_073716_resampled_32kHz.wav,550.0,555.0,orca_call,1.0650839
411746,MARS_20160401_20160430_32kHz,MARS_20160419_073716_resampled_32kHz.wav,555.0,560.0,orca_call,0.4665271
411751,MARS_20160401_20160430_32kHz,MARS_20160419_073716_resampled_32kHz.wav,580.0,585.0,orca_call,0.96731365
411753,MARS_20160401_20160430_32kHz,MARS_20160419_073716_resampled_32kHz.wav,590.0,595.0,orca_call,0.026777118
411754,MARS_20160401_20160430_32kHz,MARS_20160419_073716_resampled_32kHz.wav,595.0,600.0,orca_call,0.097178586
412340,MARS_20160401_20160430_32kHz,MARS_20160413_172021_resampled_32kHz.wav,525.0,530.0,orca_call,0.77698535
412472,MARS_20160401_20160430_32kHz,MARS_20160421_045913_resampled_32kHz.wav,585.0,590.0,orca_call,0.6676858
414883,MARS_20160401_20160430_32kHz,MARS_20160416_105017_resampled_32kHz.wav,40.0,45.0,orca_call,0.0153244585
414884,MARS_20160401_20160430_32kHz,MARS_20160416_105017_resampled_32kHz.wav,45.0,50.0,orca_call,0.56978774
414885,MARS_20160401_20160430_32kHz,MARS_20160416_105017_resampled_32kHz.wav,50.0,55.0,orca_call,0.3015892
419564,MARS_20160401_20160430_32kHz,MARS_20160419_072716_resampled_32kHz.wav,45.0,50.0,orca_call,0.58369833
419565,MARS_20160401_20160430_32kHz,MARS_20160419_072716_resampled_32kHz.wav,50.0,55.0,orca_call,0.1301966
419575,MARS_20160401_20160430_32kHz,MARS_20160419_072716_resampled_32kHz.wav,100.0,105.0,orca_call,0.1714389
419576,MARS_20160401_20160430_32kHz,MARS_20160419_072716_resampled_32kHz.wav,105.0,110.0,orca_call,0.15724483
419582,MARS_20160401_20160430_32kHz,MARS_20160419_072716_resampled_32kHz.wav,135.0,140.0,orca_call,0.3144731
419583,MARS_20160401_20160430_32kHz,MARS_20160419_072716_resampled_32kHz.wav,140.0,145.0,orca_call,1.1124535
419584,MARS_20160401_20160430_32kHz,MARS_20160419_072716_resampled_32kHz.wav,145.0,150.0,orca_call,1.2669429
419585,MARS_20160401_20160430_32kHz,MARS_20160419_072716_resampled_32kHz.wav,150.0,155.0,orca_call,0.93143034
419586,MARS_20160401_20160430_32kHz,MARS_20160419_072716_resampled_32kHz.wav,155.0,160.0,orca_call,1.2937334
419589,MARS_20160401_20160430_32kHz,MARS_20160419_072716_resampled_32kHz.wav,170.0,175.0,orca_call,2.1305342
419591,MARS_20160401_20160430_32kHz,MARS_20160419_072716_resampled_32kHz.wav,180.0,185.0,orca_call,0.475501
419592,MARS_20160401_20160430_32kHz,MARS_20160419_072716_resampled_32kHz.wav,185.0,190.0,orca_call,0.36960745
419593,MARS_20160401_20160430_32kHz,MARS_20160419_072716_resampled_32kHz.wav,190.0,195.0,orca_call,0.038283214
419597,MARS_20160401_20160430_32kHz,MARS_20160419_072716_resampled_32kHz.wav,210.0,215.0,orca_call,0.0712624
419598,MARS_20160401_20160430_32kHz,MARS_20160419_072716_resampled_32kHz.wav,215.0,220.0,orca_call,0.2907399
419629,MARS_20160401_20160430_32kHz,MARS_20160419_072716_resampled_32kHz.wav,370.0,375.0,orca_call,0.7966394
419631,MARS_20160401_20160430_32kHz,MARS_20160419_072716_resampled_32kHz.wav,380.0,385.0,orca_call,1.7999974
419633,MARS_20160401_20160430_32kHz,MARS_20160419_072716_resampled_32kHz.wav,390.0,395.0,orca_call,0.12416614
419635,MARS_20160401_20160430_32kHz,MARS_20160419_072716_resampled_32kHz.wav,400.0,405.0,orca_call,0.39664176
419638,MARS_20160401_20160430_32kHz,MARS_20160419_072716_resampled_32kHz.wav,415.0,420.0,orca_call,2.4073124
419641,MARS_20160401_20160430_32kHz,MARS_20160419_072716_resampled_32kHz.wav,430.0,435.0,orca_call,1.06828
419644,MARS_20160401_20160430_32kHz,MARS_20160419_072716_resampled_32kHz.wav,445.0,450.0,orca_call,0.2378163
419646,MARS_20160401_20160430_32kHz,MARS_20160419_072716_resampled_32kHz.wav,455.0,460.0,orca_call,0.31041488
419647,MARS_20160401_20160430_32kHz,MARS_20160419_072716_resampled_32kHz.wav,460.0,465.0,orca_call,0.19777367
419648,MARS_20160401_20160430_32kHz,MARS_20160419_072716_resampled_32kHz.wav,465.0,470.0,orca_call,0.38513038
419652,MARS_20160401_20160430_32kHz,MARS_20160419_072716_resampled_32kHz.wav,485.0,490.0,orca_call,0.4495837
419653,MARS_20160401_20160430_32kHz,MARS_20160419_072716_resampled_32kHz.wav,490.0,495.0,orca_call,0.018228106
419654,MARS_20160401_20160430_32kHz,MARS_20160419_072716_resampled_32kHz.wav,495.0,500.0,orca_call,0.8751373
419655,MARS_20160401_20160430_32kHz,MARS_20160419_072716_resampled_32kHz.wav,500.0,505.0,orca_call,0.6972561
419657,MARS_20160401_20160430_32kHz,MARS_20160419_072716_resampled_32kHz.wav,510.0,515.0,orca_call,0.35175684
419658,MARS_20160401_20160430_32kHz,MARS_20160419_072716_resampled_32kHz.wav,515.0,520.0,orca_call,1.4012198
419659,MARS_20160401_20160430_32kHz,MARS_20160419_072716_resampled_32kHz.wav,520.0,525.0,orca_call,0.6894517
419663,MARS_20160401_20160430_32kHz,MARS_20160419_072716_resampled_32kHz.wav,540.0,545.0,orca_call,0.57813907
420875,MARS_20160401_20160430_32kHz,MARS_20160404_095039_resampled_32kHz.wav,0.0,5.0,orca_call,2.0041163
420876,MARS_20160401_20160430_32kHz,MARS_20160404_095039_resampled_32kHz.wav,5.0,10.0,orca_call,2.1022818
424955,MARS_20160401_20160430_32kHz,MARS_20160410_070028_resampled_32kHz.wav,0.0,5.0,orca_call,0.041189708
427235,MARS_20160401_20160430_32kHz,MARS_20160419_093716_resampled_32kHz.wav,0.0,5.0,orca_call,0.4729005
427236,MARS_20160401_20160430_32kHz,MARS_20160419_093716_resampled_32kHz.wav,5.0,10.0,orca_call,0.0015232414
427238,MARS_20160401_20160430_32kHz,MARS_20160419_093716_resampled_32kHz.wav,15.0,20.0,orca_call,1.3397685
427240,MARS_20160401_20160430_32kHz,MARS_20160419_093716_resampled_32kHz.wav,25.0,30.0,orca_call,1.9762906
427249,MARS_20160401_20160430_32kHz,MARS_20160419_093716_resampled_32kHz.wav,70.0,75.0,orca_call,1.1288507
427250,MARS_20160401_20160430_32kHz,MARS_20160419_093716_resampled_32kHz.wav,75.0,80.0,orca_call,2.1949806
427274,MARS_20160401_20160430_32kHz,MARS_20160419_093716_resampled_32kHz.wav,195.0,200.0,orca_call,1.0899465
427311,MARS_20160401_20160430_32kHz,MARS_20160419_093716_resampled_32kHz.wav,380.0,385.0,orca_call,0.22497994
427312,MARS_20160401_20160430_32kHz,MARS_20160419_093716_resampled_32kHz.wav,385.0,390.0,orca_call,0.097136475
427323,MARS_20160401_20160430_32kHz,MARS_20160419_093716_resampled_32kHz.wav,440.0,445.0,orca_call,0.41087702
427329,MARS_20160401_20160430_32kHz,MARS_20160419_093716_resampled_32kHz.wav,470.0,475.0,orca_call,0.29595128
427331,MARS_20160401_20160430_32kHz,MARS_20160419_093716_resampled_32kHz.wav,480.0,485.0,orca_call,0.43690455
428036,MARS_20160401_20160430_32kHz,MARS_20160413_183020_resampled_32kHz.wav,405.0,410.0,orca_call,1.3231997
428037,MARS_20160401_20160430_32kHz,MARS_20160413_183020_resampled_32kHz.wav,410.0,415.0,orca_call,1.0981339
428038,MARS_20160401_20160430_32kHz,MARS_20160413_183020_resampled_32kHz.wav,415.0,420.0,orca_call,0.9624276
428043,MARS_20160401_20160430_32kHz,MARS_20160413_183020_resampled_32kHz.wav,440.0,445.0,orca_call,0.6353223
428066,MARS_20160401_20160430_32kHz,MARS_20160413_183020_resampled_32kHz.wav,555.0,560.0,orca_call,2.059171
428067,MARS_20160401_20160430_32kHz,MARS_20160413_183020_resampled_32kHz.wav,560.0,565.0,orca_call,1.9979473
428069,MARS_20160401_20160430_32kHz,MARS_20160413_183020_resampled_32kHz.wav,570.0,575.0,orca_call,0.51411515
428070,MARS_20160401_20160430_32kHz,MARS_20160413_183020_resampled_32kHz.wav,575.0,580.0,orca_call,0.8221659
428074,MARS_20160401_20160430_32kHz,MARS_20160413_183020_resampled_32kHz.wav,595.0,600.0,orca_call,1.6066784
430147,MARS_20160401_20160430_32kHz,MARS_20160421_015645_resampled_32kHz.wav,160.0,165.0,orca_call,0.18383479
433242,MARS_20160401_20160430_32kHz,MARS_20160420_175710_resampled_32kHz.wav,35.0,40.0,orca_call,0.030755706
433245,MARS_20160401_20160430_32kHz,MARS_20160420_175710_resampled_32kHz.wav,50.0,55.0,orca_call,0.029383458
433265,MARS_20160401_20160430_32kHz,MARS_20160420_175710_resampled_32kHz.wav,150.0,155.0,orca_call,0.56852394
437915,MARS_20160401_20160430_32kHz,MARS_20160421_185119_resampled_32kHz.wav,0.0,5.0,orca_call,0.5845356
437916,MARS_20160401_20160430_32kHz,MARS_20160421_185119_resampled_32kHz.wav,5.0,10.0,orca_call,2.2992392
437917,MARS_20160401_20160430_32kHz,MARS_20160421_185119_resampled_32kHz.wav,10.0,15.0,orca_call,1.3474251
437918,MARS_20160401_20160430_32kHz,MARS_20160421_185119_resampled_32kHz.wav,15.0,20.0,orca_call,0.17748424
437919,MARS_20160401_20160430_32kHz,MARS_20160421_185119_resampled_32kHz.wav,20.0,25.0,orca_call,1.018729
437920,MARS_20160401_20160430_32kHz,MARS_20160421_185119_resampled_32kHz.wav,25.0,30.0,orca_call,0.44074744
437922,MARS_20160401_20160430_32kHz,MARS_20160421_185119_resampled_32kHz.wav,35.0,40.0,orca_call,1.2152438
437923,MARS_20160401_20160430_32kHz,MARS_20160421_185119_resampled_32kHz.wav,40.0,45.0,orca_call,1.2209033
437924,MARS_20160401_20160430_32kHz,MARS_20160421_185119_resampled_32kHz.wav,45.0,50.0,orca_call,0.30699158
437926,MARS_20160401_20160430_32kHz,MARS_20160421_185119_resampled_32kHz.wav,55.0,60.0,orca_call,0.43743384
437927,MARS_20160401_20160430_32kHz,MARS_20160421_185119_resampled_32kHz.wav,60.0,65.0,orca_call,0.28235096
437928,MARS_20160401_20160430_32kHz,MARS_20160421_185119_resampled_32kHz.wav,65.0,70.0,orca_call,0.8863375
437930,MARS_20160401_20160430_32kHz,MARS_20160421_185119_resampled_32kHz.wav,75.0,80.0,orca_call,1.6119782
437931,MARS_20160401_20160430_32kHz,MARS_20160421_185119_resampled_32kHz.wav,80.0,85.0,orca_call,1.8405576
437934,MARS_20160401_20160430_32kHz,MARS_20160421_185119_resampled_32kHz.wav,95.0,100.0,orca_call,2.480053
437937,MARS_20160401_20160430_32kHz,MARS_20160421_185119_resampled_32kHz.wav,110.0,115.0,orca_call,1.63968
437939,MARS_20160401_20160430_32kHz,MARS_20160421_185119_resampled_32kHz.wav,120.0,125.0,orca_call,0.825638
437941,MARS_20160401_20160430_32kHz,MARS_20160421_185119_resampled_32kHz.wav,130.0,135.0,orca_call,1.0265481
437942,MARS_20160401_20160430_32kHz,MARS_20160421_185119_resampled_32kHz.wav,135.0,140.0,orca_call,0.09196324
437946,MARS_20160401_20160430_32kHz,MARS_20160421_185119_resampled_32kHz.wav,155.0,160.0,orca_call,1.2221657
437949,MARS_20160401_20160430_32kHz,MARS_20160421_185119_resampled_32kHz.wav,170.0,175.0,orca_call,1.0359466
437950,MARS_20160401_20160430_32kHz,MARS_20160421_185119_resampled_32kHz.wav,175.0,180.0,orca_call,0.78251934
437951,MARS_20160401_20160430_32kHz,MARS_20160421_185119_resampled_32kHz.wav,180.0,185.0,orca_call,2.0347028
437955,MARS_20160401_20160430_32kHz,MARS_20160421_185119_resampled_32kHz.wav,200.0,205.0,orca_call,0.17389733
437959,MARS_20160401_20160430_32kHz,MARS_20160421_185119_resampled_32kHz.wav,220.0,225.0,orca_call,1.7390062
437960,MARS_20160401_20160430_32kHz,MARS_20160421_185119_resampled_32kHz.wav,225.0,230.0,orca_call,0.107743
437961,MARS_20160401_20160430_32kHz,MARS_20160421_185119_resampled_32kHz.wav,230.0,235.0,orca_call,0.013413884
437963,MARS_20160401_20160430_32kHz,MARS_20160421_185119_resampled_32kHz.wav,240.0,245.0,orca_call,0.8879721
437964,MARS_20160401_20160430_32kHz,MARS_20160421_185119_resampled_32kHz.wav,245.0,250.0,orca_call,1.6077758
437966,MARS_20160401_20160430_32kHz,MARS_20160421_185119_resampled_32kHz.wav,255.0,260.0,orca_call,0.3710688
437969,MARS_20160401_20160430_32kHz,MARS_20160421_185119_resampled_32kHz.wav,270.0,275.0,orca_call,1.2350422
437977,MARS_20160401_20160430_32kHz,MARS_20160421_185119_resampled_32kHz.wav,310.0,315.0,orca_call,2.2234936
437979,MARS_20160401_20160430_32kHz,MARS_20160421_185119_resampled_32kHz.wav,320.0,325.0,orca_call,0.54848486
437981,MARS_20160401_20160430_32kHz,MARS_20160421_185119_resampled_32kHz.wav,330.0,335.0,orca_call,0.44377977
437988,MARS_20160401_20160430_32kHz,MARS_20160421_185119_resampled_32kHz.wav,365.0,370.0,orca_call,1.1191466
437992,MARS_20160401_20160430_32kHz,MARS_20160421_185119_resampled_32kHz.wav,385.0,390.0,orca_call,1.829023
437993,MARS_20160401_20160430_32kHz,MARS_20160421_185119_resampled_32kHz.wav,390.0,395.0,orca_call,0.75412005
437996,MARS_20160401_20160430_32kHz,MARS_20160421_185119_resampled_32kHz.wav,405.0,410.0,orca_call,2.3435907
438001,MARS_20160401_20160430_32kHz,MARS_20160421_185119_resampled_32kHz.wav,430.0,435.0,orca_call,1.7394062
438020,MARS_20160401_20160430_32kHz,MARS_20160421_185119_resampled_32kHz.wav,525.0,530.0,orca_call,1.1258373
438024,MARS_20160401_20160430_32kHz,MARS_20160421_185119_resampled_32kHz.wav,545.0,550.0,orca_call,0.93355155
438027,MARS_20160401_20160430_32kHz,MARS_20160421_185119_resampled_32kHz.wav,560.0,565.0,orca_call,1.5789045
438030,MARS_20160401_20160430_32kHz,MARS_20160421_185119_resampled_32kHz.wav,575.0,580.0,orca_call,1.5095519
439587,MARS_20160401_20160430_32kHz,MARS_20160408_080030_resampled_32kHz.wav,560.0,565.0,orca_call,1.0135304
442991,MARS_20160401_20160430_32kHz,MARS_20160427_094418_resampled_32kHz.wav,180.0,185.0,orca_call,0.19541466
443033,MARS_20160401_20160430_32kHz,MARS_20160427_094418_resampled_32kHz.wav,390.0,395.0,orca_call,0.3671502
443034,MARS_20160401_20160430_32kHz,MARS_20160427_094418_resampled_32kHz.wav,395.0,400.0,orca_call,0.04870262
443038,MARS_20160401_20160430_32kHz,MARS_20160427_094418_resampled_32kHz.wav,415.0,420.0,orca_call,2.1959808
444746,MARS_20160401_20160430_32kHz,MARS_20160418_091015_resampled_32kHz.wav,555.0,560.0,orca_call,0.2530829
444751,MARS_20160401_20160430_32kHz,MARS_20160418_091015_resampled_32kHz.wav,580.0,585.0,orca_call,1.1007336
445072,MARS_20160401_20160430_32kHz,MARS_20160406_093035_resampled_32kHz.wav,385.0,390.0,orca_call,1.2938795
445075,MARS_20160401_20160430_32kHz,MARS_20160406_093035_resampled_32kHz.wav,400.0,405.0,orca_call,1.9123633
445763,MARS_20160401_20160430_32kHz,MARS_20160410_080028_resampled_32kHz.wav,240.0,245.0,orca_call,0.8583329
445786,MARS_20160401_20160430_32kHz,MARS_20160410_080028_resampled_32kHz.wav,355.0,360.0,orca_call,0.3567051
447418,MARS_20160401_20160430_32kHz,MARS_20160421_164119_resampled_32kHz.wav,115.0,120.0,orca_call,0.15194044
447610,MARS_20160401_20160430_32kHz,MARS_20160420_212710_resampled_32kHz.wav,475.0,480.0,orca_call,0.720279
450663,MARS_20160401_20160430_32kHz,MARS_20160405_152038_resampled_32kHz.wav,140.0,145.0,orca_call,0.4661327
454300,MARS_20160401_20160430_32kHz,MARS_20160410_083028_resampled_32kHz.wav,325.0,330.0,orca_call,0.5182149
454309,MARS_20160401_20160430_32kHz,MARS_20160410_083028_resampled_32kHz.wav,370.0,375.0,orca_call,0.07888203
454818,MARS_20160401_20160430_32kHz,MARS_20160419_232715_resampled_32kHz.wav,515.0,520.0,orca_call,1.5412482
454825,MARS_20160401_20160430_32kHz,MARS_20160419_232715_resampled_32kHz.wav,550.0,555.0,orca_call,0.52358127
454834,MARS_20160401_20160430_32kHz,MARS_20160419_232715_resampled_32kHz.wav,595.0,600.0,orca_call,0.026795916
454950,MARS_20160401_20160430_32kHz,MARS_20160419_011716_resampled_32kHz.wav,575.0,580.0,orca_call,0.016685337
458446,MARS_20160401_20160430_32kHz,MARS_20160420_072713_resampled_32kHz.wav,10.0,15.0,orca_call,0.3675086
458471,MARS_20160401_20160430_32kHz,MARS_20160420_072713_resampled_32kHz.wav,135.0,140.0,orca_call,1.1707385
458485,MARS_20160401_20160430_32kHz,MARS_20160420_072713_resampled_32kHz.wav,205.0,210.0,orca_call,0.092572056
458487,MARS_20160401_20160430_32kHz,MARS_20160420_072713_resampled_32kHz.wav,215.0,220.0,orca_call,1.2806975
458489,MARS_20160401_20160430_32kHz,MARS_20160420_072713_resampled_32kHz.wav,225.0,230.0,orca_call,0.24174422
458492,MARS_20160401_20160430_32kHz,MARS_20160420_072713_resampled_32kHz.wav,240.0,245.0,orca_call,0.47319776
458514,MARS_20160401_20160430_32kHz,MARS_20160420_072713_resampled_32kHz.wav,350.0,355.0,orca_call,0.28638634
458523,MARS_20160401_20160430_32kHz,MARS_20160420_072713_resampled_32kHz.wav,395.0,400.0,orca_call,0.30945212
458839,MARS_20160401_20160430_32kHz,MARS_20160421_075120_resampled_32kHz.wav,175.0,180.0,orca_call,0.39208806
458840,MARS_20160401_20160430_32kHz,MARS_20160421_075120_resampled_32kHz.wav,180.0,185.0,orca_call,0.8433123
458852,MARS_20160401_20160430_32kHz,MARS_20160421_075120_resampled_32kHz.wav,240.0,245.0,orca_call,0.5789061
458856,MARS_20160401_20160430_32kHz,MARS_20160421_075120_resampled_32kHz.wav,260.0,265.0,orca_call,0.0939297
461637,MARS_20160401_20160430_32kHz,MARS_20160417_102016_resampled_32kHz.wav,365.0,370.0,orca_call,0.3853281
462850,MARS_20160401_20160430_32kHz,MARS_20160421_184119_resampled_32kHz.wav,430.0,435.0,orca_call,0.113173775
462852,MARS_20160401_20160430_32kHz,MARS_20160421_184119_resampled_32kHz.wav,440.0,445.0,orca_call,2.430328
462854,MARS_20160401_20160430_32kHz,MARS_20160421_184119_resampled_32kHz.wav,450.0,455.0,orca_call,0.94188786
462857,MARS_20160401_20160430_32kHz,MARS_20160421_184119_resampled_32kHz.wav,465.0,470.0,orca_call,1.7487869
462858,MARS_20160401_20160430_32kHz,MARS_20160421_184119_resampled_32kHz.wav,470.0,475.0,orca_call,1.5926003
462859,MARS_20160401_20160430_32kHz,MARS_20160421_184119_resampled_32kHz.wav,475.0,480.0,orca_call,0.12628761
462866,MARS_20160401_20160430_32kHz,MARS_20160421_184119_resampled_32kHz.wav,510.0,515.0,orca_call,2.2915869
462869,MARS_20160401_20160430_32kHz,MARS_20160421_184119_resampled_32kHz.wav,525.0,530.0,orca_call,0.15129733
462871,MARS_20160401_20160430_32kHz,MARS_20160421_184119_resampled_32kHz.wav,535.0,540.0,orca_call,1.2765441
462872,MARS_20160401_20160430_32kHz,MARS_20160421_184119_resampled_32kHz.wav,540.0,545.0,orca_call,0.78646654
462874,MARS_20160401_20160430_32kHz,MARS_20160421_184119_resampled_32kHz.wav,550.0,555.0,orca_call,1.9224793
462875,MARS_20160401_20160430_32kHz,MARS_20160421_184119_resampled_32kHz.wav,555.0,560.0,orca_call,1.0645182
462877,MARS_20160401_20160430_32kHz,MARS_20160421_184119_resampled_32kHz.wav,565.0,570.0,orca_call,0.87453693
462879,MARS_20160401_20160430_32kHz,MARS_20160421_184119_resampled_32kHz.wav,575.0,580.0,orca_call,0.51531637
462880,MARS_20160401_20160430_32kHz,MARS_20160421_184119_resampled_32kHz.wav,580.0,585.0,orca_call,1.7512212
462883,MARS_20160401_20160430_32kHz,MARS_20160421_184119_resampled_32kHz.wav,595.0,600.0,orca_call,0.8552163
463125,MARS_20160401_20160430_32kHz,MARS_20160413_184020_resampled_32kHz.wav,5.0,10.0,orca_call,1.2977989
467539,MARS_20160401_20160430_32kHz,MARS_20160420_055713_resampled_32kHz.wav,475.0,480.0,orca_call,0.06900441
467550,MARS_20160401_20160430_32kHz,MARS_20160420_055713_resampled_32kHz.wav,530.0,535.0,orca_call,0.12475637
467552,MARS_20160401_20160430_32kHz,MARS_20160420_055713_resampled_32kHz.wav,540.0,545.0,orca_call,0.16068256
468013,MARS_20160401_20160430_32kHz,MARS_20160420_161711_resampled_32kHz.wav,445.0,450.0,orca_call,0.82447547
468014,MARS_20160401_20160430_32kHz,MARS_20160420_161711_resampled_32kHz.wav,450.0,455.0,orca_call,0.3473714
468420,MARS_20160401_20160430_32kHz,MARS_20160419_105716_resampled_32kHz.wav,80.0,85.0,orca_call,0.6977652
468422,MARS_20160401_20160430_32kHz,MARS_20160419_105716_resampled_32kHz.wav,90.0,95.0,orca_call,0.57128984
468463,MARS_20160401_20160430_32kHz,MARS_20160419_105716_resampled_32kHz.wav,295.0,300.0,orca_call,0.42273915
468465,MARS_20160401_20160430_32kHz,MARS_20160419_105716_resampled_32kHz.wav,305.0,310.0,orca_call,0.7024778
477158,MARS_20160401_20160430_32kHz,MARS_20160421_192119_resampled_32kHz.wav,570.0,575.0,orca_call,1.3894963
478966,MARS_20160401_20160430_32kHz,MARS_20160419_080716_resampled_32kHz.wav,10.0,15.0,orca_call,0.055438213
478967,MARS_20160401_20160430_32kHz,MARS_20160419_080716_resampled_32kHz.wav,15.0,20.0,orca_call,0.3363361
478969,MARS_20160401_20160430_32kHz,MARS_20160419_080716_resampled_32kHz.wav,25.0,30.0,orca_call,0.6792339
478974,MARS_20160401_20160430_32kHz,MARS_20160419_080716_resampled_32kHz.wav,50.0,55.0,orca_call,1.0365121
478976,MARS_20160401_20160430_32kHz,MARS_20160419_080716_resampled_32kHz.wav,60.0,65.0,orca_call,0.25249332
478977,MARS_20160401_20160430_32kHz,MARS_20160419_080716_resampled_32kHz.wav,65.0,70.0,orca_call,1.8513359
478978,MARS_20160401_20160430_32kHz,MARS_20160419_080716_resampled_32kHz.wav,70.0,75.0,orca_call,0.60823286
478996,MARS_20160401_20160430_32kHz,MARS_20160419_080716_resampled_32kHz.wav,160.0,165.0,orca_call,0.2825397
479048,MARS_20160401_20160430_32kHz,MARS_20160419_080716_resampled_32kHz.wav,420.0,425.0,orca_call,0.26332763
479051,MARS_20160401_20160430_32kHz,MARS_20160419_080716_resampled_32kHz.wav,435.0,440.0,orca_call,0.35034436
479063,MARS_20160401_20160430_32kHz,MARS_20160419_080716_resampled_32kHz.wav,495.0,500.0,orca_call,0.3452838
479065,MARS_20160401_20160430_32kHz,MARS_20160419_080716_resampled_32kHz.wav,505.0,510.0,orca_call,0.21420032
479075,MARS_20160401_20160430_32kHz,MARS_20160419_080716_resampled_32kHz.wav,555.0,560.0,orca_call,0.3757748
479076,MARS_20160401_20160430_32kHz,MARS_20160419_080716_resampled_32kHz.wav,560.0,565.0,orca_call,0.69555163
479078,MARS_20160401_20160430_32kHz,MARS_20160419_080716_resampled_32kHz.wav,570.0,575.0,orca_call,0.07770445
479453,MARS_20160401_20160430_32kHz,MARS_20160420_001715_resampled_32kHz.wav,45.0,50.0,orca_call,1.1565149
479462,MARS_20160401_20160430_32kHz,MARS_20160420_001715_resampled_32kHz.wav,90.0,95.0,orca_call,0.0118093565
479463,MARS_20160401_20160430_32kHz,MARS_20160420_001715_resampled_32kHz.wav,95.0,100.0,orca_call,0.5550835
479467,MARS_20160401_20160430_32kHz,MARS_20160420_001715_resampled_32kHz.wav,115.0,120.0,orca_call,0.9295682
479472,MARS_20160401_20160430_32kHz,MARS_20160420_001715_resampled_32kHz.wav,140.0,145.0,orca_call,1.2234198
479481,MARS_20160401_20160430_32kHz,MARS_20160420_001715_resampled_32kHz.wav,185.0,190.0,orca_call,0.17428231
479482,MARS_20160401_20160430_32kHz,MARS_20160420_001715_resampled_32kHz.wav,190.0,195.0,orca_call,0.34982997
479490,MARS_20160401_20160430_32kHz,MARS_20160420_001715_resampled_32kHz.wav,230.0,235.0,orca_call,1.0912483
479497,MARS_20160401_20160430_32kHz,MARS_20160420_001715_resampled_32kHz.wav,265.0,270.0,orca_call,0.17654946
479500,MARS_20160401_20160430_32kHz,MARS_20160420_001715_resampled_32kHz.wav,280.0,285.0,orca_call,0.94172955
479502,MARS_20160401_20160430_32kHz,MARS_20160420_001715_resampled_32kHz.wav,290.0,295.0,orca_call,1.2363129
481261,MARS_20160401_20160430_32kHz,MARS_20160419_095716_resampled_32kHz.wav,85.0,90.0,orca_call,1.1373888
486298,MARS_20160401_20160430_32kHz,MARS_20160420_234645_resampled_32kHz.wav,70.0,75.0,orca_call,0.78006244
486383,MARS_20160401_20160430_32kHz,MARS_20160420_234645_resampled_32kHz.wav,495.0,500.0,orca_call,1.0698888
486604,MARS_20160401_20160430_32kHz,MARS_20160412_113026_resampled_32kHz.wav,400.0,405.0,orca_call,1.4257149
490797,MARS_20160401_20160430_32kHz,MARS_20160419_111716_resampled_32kHz.wav,365.0,370.0,orca_call,0.13409883
490900,MARS_20160401_20160430_32kHz,MARS_20160420_211710_resampled_32kHz.wav,280.0,285.0,orca_call,0.37596828
493436,MARS_20160401_20160430_32kHz,MARS_20160406_204032_resampled_32kHz.wav,360.0,365.0,orca_call,0.10583346
493926,MARS_20160401_20160430_32kHz,MARS_20160406_083035_resampled_32kHz.wav,410.0,415.0,orca_call,0.0828078
495044,MARS_20160401_20160430_32kHz,MARS_20160420_230710_resampled_32kHz.wav,0.0,5.0,orca_call,0.60557455
495048,MARS_20160401_20160430_32kHz,MARS_20160420_230710_resampled_32kHz.wav,20.0,25.0,orca_call,1.0606045
495074,MARS_20160401_20160430_32kHz,MARS_20160420_230710_resampled_32kHz.wav,150.0,155.0,orca_call,0.54877114
497330,MARS_20160401_20160430_32kHz,MARS_20160419_110716_resampled_32kHz.wav,30.0,35.0,orca_call,0.3093689
497332,MARS_20160401_20160430_32kHz,MARS_20160419_110716_resampled_32kHz.wav,40.0,45.0,orca_call,0.36498103
497380,MARS_20160401_20160430_32kHz,MARS_20160419_110716_resampled_32kHz.wav,280.0,285.0,orca_call,0.07392494
497426,MARS_20160401_20160430_32kHz,MARS_20160419_110716_resampled_32kHz.wav,510.0,515.0,orca_call,0.7484364
499002,MARS_20160401_20160430_32kHz,MARS_20160413_174020_resampled_32kHz.wav,590.0,595.0,orca_call,0.37280738
502633,MARS_20160401_20160430_32kHz,MARS_20160419_083716_resampled_32kHz.wav,145.0,150.0,orca_call,0.3787841
502659,MARS_20160401_20160430_32kHz,MARS_20160419_083716_resampled_32kHz.wav,275.0,280.0,orca_call,0.11389651
502672,MARS_20160401_20160430_32kHz,MARS_20160419_083716_resampled_32kHz.wav,340.0,345.0,orca_call,0.6001466
502673,MARS_20160401_20160430_32kHz,MARS_20160419_083716_resampled_32kHz.wav,345.0,350.0,orca_call,0.8596832
502675,MARS_20160401_20160430_32kHz,MARS_20160419_083716_resampled_32kHz.wav,355.0,360.0,orca_call,0.7621894
502676,MARS_20160401_20160430_32kHz,MARS_20160419_083716_resampled_32kHz.wav,360.0,365.0,orca_call,1.4063525
502678,MARS_20160401_20160430_32kHz,MARS_20160419_083716_resampled_32kHz.wav,370.0,375.0,orca_call,1.1922271
502683,MARS_20160401_20160430_32kHz,MARS_20160419_083716_resampled_32kHz.wav,395.0,400.0,orca_call,0.2803018
502692,MARS_20160401_20160430_32kHz,MARS_20160419_083716_resampled_32kHz.wav,440.0,445.0,orca_call,0.8799846
502693,MARS_20160401_20160430_32kHz,MARS_20160419_083716_resampled_32kHz.wav,445.0,450.0,orca_call,0.6176557
502698,MARS_20160401_20160430_32kHz,MARS_20160419_083716_resampled_32kHz.wav,470.0,475.0,orca_call,1.4714247
502702,MARS_20160401_20160430_32kHz,MARS_20160419_083716_resampled_32kHz.wav,490.0,495.0,orca_call,0.10524999
502703,MARS_20160401_20160430_32kHz,MARS_20160419_083716_resampled_32kHz.wav,495.0,500.0,orca_call,0.095576085
502708,MARS_20160401_20160430_32kHz,MARS_20160419_083716_resampled_32kHz.wav,520.0,525.0,orca_call,0.36603191
502709,MARS_20160401_20160430_32kHz,MARS_20160419_083716_resampled_32kHz.wav,525.0,530.0,orca_call,0.5353513
502714,MARS_20160401_20160430_32kHz,MARS_20160419_083716_resampled_32kHz.wav,550.0,555.0,orca_call,0.5400155
502721,MARS_20160401_20160430_32kHz,MARS_20160419_083716_resampled_32kHz.wav,585.0,590.0,orca_call,0.49622232
504404,MARS_20160401_20160430_32kHz,MARS_20160421_193119_resampled_32kHz.wav,0.0,5.0,orca_call,0.807425
504407,MARS_20160401_20160430_32kHz,MARS_20160421_193119_resampled_32kHz.wav,15.0,20.0,orca_call,0.6877354
504408,MARS_20160401_20160430_32kHz,MARS_20160421_193119_resampled_32kHz.wav,20.0,25.0,orca_call,3.1087682
504409,MARS_20160401_20160430_32kHz,MARS_20160421_193119_resampled_32kHz.wav,25.0,30.0,orca_call,0.92013514
504410,MARS_20160401_20160430_32kHz,MARS_20160421_193119_resampled_32kHz.wav,30.0,35.0,orca_call,0.94329333
504413,MARS_20160401_20160430_32kHz,MARS_20160421_193119_resampled_32kHz.wav,45.0,50.0,orca_call,0.11336393
504418,MARS_20160401_20160430_32kHz,MARS_20160421_193119_resampled_32kHz.wav,70.0,75.0,orca_call,1.5197961
504419,MARS_20160401_20160430_32kHz,MARS_20160421_193119_resampled_32kHz.wav,75.0,80.0,orca_call,0.42919338
504420,MARS_20160401_20160430_32kHz,MARS_20160421_193119_resampled_32kHz.wav,80.0,85.0,orca_call,0.35742053
504423,MARS_20160401_20160430_32kHz,MARS_20160421_193119_resampled_32kHz.wav,95.0,100.0,orca_call,1.2830622
504427,MARS_20160401_20160430_32kHz,MARS_20160421_193119_resampled_32kHz.wav,115.0,120.0,orca_call,1.1791375
504437,MARS_20160401_20160430_32kHz,MARS_20160421_193119_resampled_32kHz.wav,165.0,170.0,orca_call,0.32761875
504441,MARS_20160401_20160430_32kHz,MARS_20160421_193119_resampled_32kHz.wav,185.0,190.0,orca_call,0.79202855
504445,MARS_20160401_20160430_32kHz,MARS_20160421_193119_resampled_32kHz.wav,205.0,210.0,orca_call,0.5156493
504469,MARS_20160401_20160430_32kHz,MARS_20160421_193119_resampled_32kHz.wav,325.0,330.0,orca_call,0.4005316
504474,MARS_20160401_20160430_32kHz,MARS_20160421_193119_resampled_32kHz.wav,350.0,355.0,orca_call,0.092762254
504476,MARS_20160401_20160430_32kHz,MARS_20160421_193119_resampled_32kHz.wav,360.0,365.0,orca_call,0.3025046
505004,MARS_20160401_20160430_32kHz,MARS_20160420_071713_resampled_32kHz.wav,0.0,5.0,orca_call,0.74880993
505017,MARS_20160401_20160430_32kHz,MARS_20160420_071713_resampled_32kHz.wav,65.0,70.0,orca_call,1.6126649
505036,MARS_20160401_20160430_32kHz,MARS_20160420_071713_resampled_32kHz.wav,160.0,165.0,orca_call,1.0085424
505037,MARS_20160401_20160430_32kHz,MARS_20160420_071713_resampled_32kHz.wav,165.0,170.0,orca_call,0.2232131
505052,MARS_20160401_20160430_32kHz,MARS_20160420_071713_resampled_32kHz.wav,240.0,245.0,orca_call,0.38761234
505055,MARS_20160401_20160430_32kHz,MARS_20160420_071713_resampled_32kHz.wav,255.0,260.0,orca_call,0.25760725
505081,MARS_20160401_20160430_32kHz,MARS_20160420_071713_resampled_32kHz.wav,385.0,390.0,orca_call,0.053084232
505113,MARS_20160401_20160430_32kHz,MARS_20160420_071713_resampled_32kHz.wav,545.0,550.0,orca_call,0.4527353
505119,MARS_20160401_20160430_32kHz,MARS_20160420_071713_resampled_32kHz.wav,575.0,580.0,orca_call,0.7683083
506814,MARS_20160401_20160430_32kHz,MARS_20160416_111017_resampled_32kHz.wav,50.0,55.0,orca_call,0.99688864
506817,MARS_20160401_20160430_32kHz,MARS_20160416_111017_resampled_32kHz.wav,65.0,70.0,orca_call,0.7339472
506917,MARS_20160401_20160430_32kHz,MARS_20160416_111017_resampled_32kHz.wav,565.0,570.0,orca_call,0.96572983
507325,MARS_20160401_20160430_32kHz,MARS_20160420_065713_resampled_32kHz.wav,205.0,210.0,orca_call,1.0659117
507379,MARS_20160401_20160430_32kHz,MARS_20160420_065713_resampled_32kHz.wav,475.0,480.0,orca_call,0.48224378
508327,MARS_20160401_20160430_32kHz,MARS_20160427_141418_resampled_32kHz.wav,415.0,420.0,orca_call,1.3051414
508328,MARS_20160401_20160430_32kHz,MARS_20160427_141418_resampled_32kHz.wav,420.0,425.0,orca_call,2.3479302
508329,MARS_20160401_20160430_32kHz,MARS_20160427_141418_resampled_32kHz.wav,425.0,430.0,orca_call,1.2580612
508331,MARS_20160401_20160430_32kHz,MARS_20160427_141418_resampled_32kHz.wav,435.0,440.0,orca_call,0.82422155
508333,MARS_20160401_20160430_32kHz,MARS_20160427_141418_resampled_32kHz.wav,445.0,450.0,orca_call,1.6042773
508334,MARS_20160401_20160430_32kHz,MARS_20160427_141418_resampled_32kHz.wav,450.0,455.0,orca_call,0.649526
508336,MARS_20160401_20160430_32kHz,MARS_20160427_141418_resampled_32kHz.wav,460.0,465.0,orca_call,1.175385
510475,MARS_20160401_20160430_32kHz,MARS_20160419_005716_resampled_32kHz.wav,355.0,360.0,orca_call,0.029653467
511609,MARS_20160401_20160430_32kHz,MARS_20160421_061016_resampled_32kHz.wav,25.0,30.0,orca_call,0.58613944
511628,MARS_20160401_20160430_32kHz,MARS_20160421_061016_resampled_32kHz.wav,120.0,125.0,orca_call,0.048422657
512937,MARS_20160401_20160430_32kHz,MARS_20160409_133029_resampled_32kHz.wav,65.0,70.0,orca_call,0.09881803
512949,MARS_20160401_20160430_32kHz,MARS_20160409_133029_resampled_32kHz.wav,125.0,130.0,orca_call,0.19908941
514124,MARS_20160401_20160430_32kHz,MARS_20160419_084716_resampled_32kHz.wav,0.0,5.0,orca_call,0.19102123
514126,MARS_20160401_20160430_32kHz,MARS_20160419_084716_resampled_32kHz.wav,10.0,15.0,orca_call,0.022585675
514129,MARS_20160401_20160430_32kHz,MARS_20160419_084716_resampled_32kHz.wav,25.0,30.0,orca_call,0.2491259
514136,MARS_20160401_20160430_32kHz,MARS_20160419_084716_resampled_32kHz.wav,60.0,65.0,orca_call,1.2401724
514155,MARS_20160401_20160430_32kHz,MARS_20160419_084716_resampled_32kHz.wav,155.0,160.0,orca_call,0.43814385
514161,MARS_20160401_20160430_32kHz,MARS_20160419_084716_resampled_32kHz.wav,185.0,190.0,orca_call,1.0030315
514162,MARS_20160401_20160430_32kHz,MARS_20160419_084716_resampled_32kHz.wav,190.0,195.0,orca_call,1.1451033
514165,MARS_20160401_20160430_32kHz,MARS_20160419_084716_resampled_32kHz.wav,205.0,210.0,orca_call,1.5362581
514168,MARS_20160401_20160430_32kHz,MARS_20160419_084716_resampled_32kHz.wav,220.0,225.0,orca_call,1.4685409
514169,MARS_20160401_20160430_32kHz,MARS_20160419_084716_resampled_32kHz.wav,225.0,230.0,orca_call,0.86479133
514170,MARS_20160401_20160430_32kHz,MARS_20160419_084716_resampled_32kHz.wav,230.0,235.0,orca_call,1.1641364
514222,MARS_20160401_20160430_32kHz,MARS_20160419_084716_resampled_32kHz.wav,490.0,495.0,orca_call,0.7391069
