idx,project,filename,window_start,window_end,label,logits
2044,MARS_20160501_20160531_32kHz,MARS_20160512_044934_resampled_32kHz.wav,15.0,20.0,orca_call,0.9836185
2050,MARS_20160501_20160531_32kHz,MARS_20160512_044934_resampled_32kHz.wav,45.0,50.0,orca_call,0.48656148
2059,MARS_20160501_20160531_32kHz,MARS_20160512_044934_resampled_32kHz.wav,90.0,95.0,orca_call,0.45076907
2064,MARS_20160501_20160531_32kHz,MARS_20160512_044934_resampled_32kHz.wav,115.0,120.0,orca_call,0.5646559
2067,MARS_20160501_20160531_32kHz,MARS_20160512_044934_resampled_32kHz.wav,130.0,135.0,orca_call,1.1144861
2070,MARS_20160501_20160531_32kHz,MARS_20160512_044934_resampled_32kHz.wav,145.0,150.0,orca_call,1.042953
2071,MARS_20160501_20160531_32kHz,MARS_20160512_044934_resampled_32kHz.wav,150.0,155.0,orca_call,1.2098769
2072,MARS_20160501_20160531_32kHz,MARS_20160512_044934_resampled_32kHz.wav,155.0,160.0,orca_call,2.5690007
2074,MARS_20160501_20160531_32kHz,MARS_20160512_044934_resampled_32kHz.wav,165.0,170.0,orca_call,0.16937123
2075,MARS_20160501_20160531_32kHz,MARS_20160512_044934_resampled_32kHz.wav,170.0,175.0,orca_call,0.6675972
2079,MARS_20160501_20160531_32kHz,MARS_20160512_044934_resampled_32kHz.wav,190.0,195.0,orca_call,1.0432965
2087,MARS_20160501_20160531_32kHz,MARS_20160512_044934_resampled_32kHz.wav,230.0,235.0,orca_call,0.6316068
2095,MARS_20160501_20160531_32kHz,MARS_20160512_044934_resampled_32kHz.wav,270.0,275.0,orca_call,0.30012047
2118,MARS_20160501_20160531_32kHz,MARS_20160512_044934_resampled_32kHz.wav,385.0,390.0,orca_call,2.2849238
2145,MARS_20160501_20160531_32kHz,MARS_20160512_044934_resampled_32kHz.wav,520.0,525.0,orca_call,0.8754966
2148,MARS_20160501_20160531_32kHz,MARS_20160512_044934_resampled_32kHz.wav,535.0,540.0,orca_call,0.6191491
2150,MARS_20160501_20160531_32kHz,MARS_20160512_044934_resampled_32kHz.wav,545.0,550.0,orca_call,1.6220392
2151,MARS_20160501_20160531_32kHz,MARS_20160512_044934_resampled_32kHz.wav,550.0,555.0,orca_call,0.3162713
2155,MARS_20160501_20160531_32kHz,MARS_20160512_044934_resampled_32kHz.wav,570.0,575.0,orca_call,2.3453085
2156,MARS_20160501_20160531_32kHz,MARS_20160512_044934_resampled_32kHz.wav,575.0,580.0,orca_call,2.560672
2160,MARS_20160501_20160531_32kHz,MARS_20160512_044934_resampled_32kHz.wav,595.0,600.0,orca_call,0.5416498
4576,MARS_20160501_20160531_32kHz,MARS_20160523_142004_resampled_32kHz.wav,75.0,80.0,orca_call,0.17553021
6408,MARS_20160501_20160531_32kHz,MARS_20160507_144516_resampled_32kHz.wav,235.0,240.0,orca_call,1.2254684
16014,MARS_20160501_20160531_32kHz,MARS_20160522_124005_resampled_32kHz.wav,265.0,270.0,orca_call,0.38556725
16483,MARS_20160501_20160531_32kHz,MARS_20160510_053203_resampled_32kHz.wav,210.0,215.0,orca_call,0.09493552
16484,MARS_20160501_20160531_32kHz,MARS_20160510_053203_resampled_32kHz.wav,215.0,220.0,orca_call,0.47486418
16856,MARS_20160501_20160531_32kHz,MARS_20160529_115351_resampled_32kHz.wav,275.0,280.0,orca_call,0.1252294
20568,MARS_20160501_20160531_32kHz,MARS_20160512_052934_resampled_32kHz.wav,100.0,105.0,orca_call,0.25976336
22575,MARS_20160501_20160531_32kHz,MARS_20160509_231203_resampled_32kHz.wav,535.0,540.0,orca_call,0.6259403
22576,MARS_20160501_20160531_32kHz,MARS_20160509_231203_resampled_32kHz.wav,540.0,545.0,orca_call,1.8401866
22840,MARS_20160501_20160531_32kHz,MARS_20160504_182939_resampled_32kHz.wav,60.0,65.0,orca_call,0.36774468
22843,MARS_20160501_20160531_32kHz,MARS_20160504_182939_resampled_32kHz.wav,75.0,80.0,orca_call,0.39566022
22845,MARS_20160501_20160531_32kHz,MARS_20160504_182939_resampled_32kHz.wav,85.0,90.0,orca_call,0.18730511
24276,MARS_20160501_20160531_32kHz,MARS_20160508_095515_resampled_32kHz.wav,40.0,45.0,orca_call,0.50483996
24278,MARS_20160501_20160531_32kHz,MARS_20160508_095515_resampled_32kHz.wav,50.0,55.0,orca_call,4.1394243
24291,MARS_20160501_20160531_32kHz,MARS_20160508_095515_resampled_32kHz.wav,115.0,120.0,orca_call,1.5372007
24292,MARS_20160501_20160531_32kHz,MARS_20160508_095515_resampled_32kHz.wav,120.0,125.0,orca_call,0.1068095
24306,MARS_20160501_20160531_32kHz,MARS_20160508_095515_resampled_32kHz.wav,190.0,195.0,orca_call,0.9112059
24308,MARS_20160501_20160531_32kHz,MARS_20160508_095515_resampled_32kHz.wav,200.0,205.0,orca_call,1.3600572
24322,MARS_20160501_20160531_32kHz,MARS_20160508_095515_resampled_32kHz.wav,270.0,275.0,orca_call,1.4272101
24328,MARS_20160501_20160531_32kHz,MARS_20160508_095515_resampled_32kHz.wav,300.0,305.0,orca_call,3.0998929
24335,MARS_20160501_20160531_32kHz,MARS_20160508_095515_resampled_32kHz.wav,335.0,340.0,orca_call,0.021958262
24337,MARS_20160501_20160531_32kHz,MARS_20160508_095515_resampled_32kHz.wav,345.0,350.0,orca_call,2.1241245
24348,MARS_20160501_20160531_32kHz,MARS_20160508_095515_resampled_32kHz.wav,400.0,405.0,orca_call,0.27449107
24353,MARS_20160501_20160531_32kHz,MARS_20160508_095515_resampled_32kHz.wav,425.0,430.0,orca_call,0.55869484
24355,MARS_20160501_20160531_32kHz,MARS_20160508_095515_resampled_32kHz.wav,435.0,440.0,orca_call,1.728718
24356,MARS_20160501_20160531_32kHz,MARS_20160508_095515_resampled_32kHz.wav,440.0,445.0,orca_call,3.0732396
24367,MARS_20160501_20160531_32kHz,MARS_20160508_095515_resampled_32kHz.wav,495.0,500.0,orca_call,0.5746496
25012,MARS_20160501_20160531_32kHz,MARS_20160506_072836_resampled_32kHz.wav,120.0,125.0,orca_call,0.0492547
25066,MARS_20160501_20160531_32kHz,MARS_20160506_072836_resampled_32kHz.wav,390.0,395.0,orca_call,1.7896371
27396,MARS_20160501_20160531_32kHz,MARS_20160508_081515_resampled_32kHz.wav,40.0,45.0,orca_call,0.50878006
27397,MARS_20160501_20160531_32kHz,MARS_20160508_081515_resampled_32kHz.wav,45.0,50.0,orca_call,1.266437
27417,MARS_20160501_20160531_32kHz,MARS_20160508_081515_resampled_32kHz.wav,145.0,150.0,orca_call,1.3956625
27442,MARS_20160501_20160531_32kHz,MARS_20160508_081515_resampled_32kHz.wav,270.0,275.0,orca_call,1.4100097
31068,MARS_20160501_20160531_32kHz,MARS_20160507_161516_resampled_32kHz.wav,400.0,405.0,orca_call,0.41593295
31083,MARS_20160501_20160531_32kHz,MARS_20160507_161516_resampled_32kHz.wav,475.0,480.0,orca_call,0.22437666
31594,MARS_20160501_20160531_32kHz,MARS_20160522_202005_resampled_32kHz.wav,30.0,35.0,orca_call,0.8046521
31622,MARS_20160501_20160531_32kHz,MARS_20160522_202005_resampled_32kHz.wav,170.0,175.0,orca_call,0.29084593
31641,MARS_20160501_20160531_32kHz,MARS_20160522_202005_resampled_32kHz.wav,265.0,270.0,orca_call,0.2156304
31663,MARS_20160501_20160531_32kHz,MARS_20160522_202005_resampled_32kHz.wav,375.0,380.0,orca_call,0.19876929
31665,MARS_20160501_20160531_32kHz,MARS_20160522_202005_resampled_32kHz.wav,385.0,390.0,orca_call,1.7839804
31667,MARS_20160501_20160531_32kHz,MARS_20160522_202005_resampled_32kHz.wav,395.0,400.0,orca_call,0.38153714
31671,MARS_20160501_20160531_32kHz,MARS_20160522_202005_resampled_32kHz.wav,415.0,420.0,orca_call,0.64687735
31679,MARS_20160501_20160531_32kHz,MARS_20160522_202005_resampled_32kHz.wav,455.0,460.0,orca_call,0.82299435
31685,MARS_20160501_20160531_32kHz,MARS_20160522_202005_resampled_32kHz.wav,485.0,490.0,orca_call,0.6813731
31690,MARS_20160501_20160531_32kHz,MARS_20160522_202005_resampled_32kHz.wav,510.0,515.0,orca_call,1.4825699
31693,MARS_20160501_20160531_32kHz,MARS_20160522_202005_resampled_32kHz.wav,525.0,530.0,orca_call,0.22101067
32927,MARS_20160501_20160531_32kHz,MARS_20160529_065351_resampled_32kHz.wav,95.0,100.0,orca_call,0.21071474
33111,MARS_20160501_20160531_32kHz,MARS_20160523_132004_resampled_32kHz.wav,415.0,420.0,orca_call,1.805426
36508,MARS_20160501_20160531_32kHz,MARS_20160512_070934_resampled_32kHz.wav,0.0,5.0,orca_call,1.0816088
36509,MARS_20160501_20160531_32kHz,MARS_20160512_070934_resampled_32kHz.wav,5.0,10.0,orca_call,2.0239832
36511,MARS_20160501_20160531_32kHz,MARS_20160512_070934_resampled_32kHz.wav,15.0,20.0,orca_call,1.6061605
36512,MARS_20160501_20160531_32kHz,MARS_20160512_070934_resampled_32kHz.wav,20.0,25.0,orca_call,2.5488367
36513,MARS_20160501_20160531_32kHz,MARS_20160512_070934_resampled_32kHz.wav,25.0,30.0,orca_call,3.0173416
36514,MARS_20160501_20160531_32kHz,MARS_20160512_070934_resampled_32kHz.wav,30.0,35.0,orca_call,2.7107787
36515,MARS_20160501_20160531_32kHz,MARS_20160512_070934_resampled_32kHz.wav,35.0,40.0,orca_call,2.9517922
36516,MARS_20160501_20160531_32kHz,MARS_20160512_070934_resampled_32kHz.wav,40.0,45.0,orca_call,0.6194781
36517,MARS_20160501_20160531_32kHz,MARS_20160512_070934_resampled_32kHz.wav,45.0,50.0,orca_call,1.4352843
36522,MARS_20160501_20160531_32kHz,MARS_20160512_070934_resampled_32kHz.wav,70.0,75.0,orca_call,1.9399643
36523,MARS_20160501_20160531_32kHz,MARS_20160512_070934_resampled_32kHz.wav,75.0,80.0,orca_call,3.1233206
36525,MARS_20160501_20160531_32kHz,MARS_20160512_070934_resampled_32kHz.wav,85.0,90.0,orca_call,2.4945784
36526,MARS_20160501_20160531_32kHz,MARS_20160512_070934_resampled_32kHz.wav,90.0,95.0,orca_call,3.5597317
36528,MARS_20160501_20160531_32kHz,MARS_20160512_070934_resampled_32kHz.wav,100.0,105.0,orca_call,1.5218391
36530,MARS_20160501_20160531_32kHz,MARS_20160512_070934_resampled_32kHz.wav,110.0,115.0,orca_call,0.02335596
36531,MARS_20160501_20160531_32kHz,MARS_20160512_070934_resampled_32kHz.wav,115.0,120.0,orca_call,0.55725914
36533,MARS_20160501_20160531_32kHz,MARS_20160512_070934_resampled_32kHz.wav,125.0,130.0,orca_call,1.7702817
36534,MARS_20160501_20160531_32kHz,MARS_20160512_070934_resampled_32kHz.wav,130.0,135.0,orca_call,0.30614597
36537,MARS_20160501_20160531_32kHz,MARS_20160512_070934_resampled_32kHz.wav,145.0,150.0,orca_call,1.334554
36538,MARS_20160501_20160531_32kHz,MARS_20160512_070934_resampled_32kHz.wav,150.0,155.0,orca_call,3.218698
36539,MARS_20160501_20160531_32kHz,MARS_20160512_070934_resampled_32kHz.wav,155.0,160.0,orca_call,0.0011628568
36542,MARS_20160501_20160531_32kHz,MARS_20160512_070934_resampled_32kHz.wav,170.0,175.0,orca_call,1.965646
36543,MARS_20160501_20160531_32kHz,MARS_20160512_070934_resampled_32kHz.wav,175.0,180.0,orca_call,2.6497595
36544,MARS_20160501_20160531_32kHz,MARS_20160512_070934_resampled_32kHz.wav,180.0,185.0,orca_call,3.8324723
36545,MARS_20160501_20160531_32kHz,MARS_20160512_070934_resampled_32kHz.wav,185.0,190.0,orca_call,4.507625
36546,MARS_20160501_20160531_32kHz,MARS_20160512_070934_resampled_32kHz.wav,190.0,195.0,orca_call,2.0906408
36547,MARS_20160501_20160531_32kHz,MARS_20160512_070934_resampled_32kHz.wav,195.0,200.0,orca_call,0.04411201
36548,MARS_20160501_20160531_32kHz,MARS_20160512_070934_resampled_32kHz.wav,200.0,205.0,orca_call,2.970543
36549,MARS_20160501_20160531_32kHz,MARS_20160512_070934_resampled_32kHz.wav,205.0,210.0,orca_call,2.313853
36550,MARS_20160501_20160531_32kHz,MARS_20160512_070934_resampled_32kHz.wav,210.0,215.0,orca_call,0.08781491
36552,MARS_20160501_20160531_32kHz,MARS_20160512_070934_resampled_32kHz.wav,220.0,225.0,orca_call,1.7496891
36554,MARS_20160501_20160531_32kHz,MARS_20160512_070934_resampled_32kHz.wav,230.0,235.0,orca_call,0.94407654
36555,MARS_20160501_20160531_32kHz,MARS_20160512_070934_resampled_32kHz.wav,235.0,240.0,orca_call,2.197861
36556,MARS_20160501_20160531_32kHz,MARS_20160512_070934_resampled_32kHz.wav,240.0,245.0,orca_call,1.4581369
36559,MARS_20160501_20160531_32kHz,MARS_20160512_070934_resampled_32kHz.wav,255.0,260.0,orca_call,0.83806854
36561,MARS_20160501_20160531_32kHz,MARS_20160512_070934_resampled_32kHz.wav,265.0,270.0,orca_call,1.4464849
36562,MARS_20160501_20160531_32kHz,MARS_20160512_070934_resampled_32kHz.wav,270.0,275.0,orca_call,1.6899472
36563,MARS_20160501_20160531_32kHz,MARS_20160512_070934_resampled_32kHz.wav,275.0,280.0,orca_call,0.4118961
36564,MARS_20160501_20160531_32kHz,MARS_20160512_070934_resampled_32kHz.wav,280.0,285.0,orca_call,1.7166181
36566,MARS_20160501_20160531_32kHz,MARS_20160512_070934_resampled_32kHz.wav,290.0,295.0,orca_call,0.09836787
36567,MARS_20160501_20160531_32kHz,MARS_20160512_070934_resampled_32kHz.wav,295.0,300.0,orca_call,1.0295655
36568,MARS_20160501_20160531_32kHz,MARS_20160512_070934_resampled_32kHz.wav,300.0,305.0,orca_call,0.99707544
36569,MARS_20160501_20160531_32kHz,MARS_20160512_070934_resampled_32kHz.wav,305.0,310.0,orca_call,2.6012645
36570,MARS_20160501_20160531_32kHz,MARS_20160512_070934_resampled_32kHz.wav,310.0,315.0,orca_call,0.6325997
36573,MARS_20160501_20160531_32kHz,MARS_20160512_070934_resampled_32kHz.wav,325.0,330.0,orca_call,1.8635021
36574,MARS_20160501_20160531_32kHz,MARS_20160512_070934_resampled_32kHz.wav,330.0,335.0,orca_call,3.717064
36575,MARS_20160501_20160531_32kHz,MARS_20160512_070934_resampled_32kHz.wav,335.0,340.0,orca_call,1.350868
36576,MARS_20160501_20160531_32kHz,MARS_20160512_070934_resampled_32kHz.wav,340.0,345.0,orca_call,1.4027224
36577,MARS_20160501_20160531_32kHz,MARS_20160512_070934_resampled_32kHz.wav,345.0,350.0,orca_call,1.9931023
36578,MARS_20160501_20160531_32kHz,MARS_20160512_070934_resampled_32kHz.wav,350.0,355.0,orca_call,3.1145198
36579,MARS_20160501_20160531_32kHz,MARS_20160512_070934_resampled_32kHz.wav,355.0,360.0,orca_call,0.6766587
36580,MARS_20160501_20160531_32kHz,MARS_20160512_070934_resampled_32kHz.wav,360.0,365.0,orca_call,1.7012815
36582,MARS_20160501_20160531_32kHz,MARS_20160512_070934_resampled_32kHz.wav,370.0,375.0,orca_call,3.0702558
36583,MARS_20160501_20160531_32kHz,MARS_20160512_070934_resampled_32kHz.wav,375.0,380.0,orca_call,0.4432916
36584,MARS_20160501_20160531_32kHz,MARS_20160512_070934_resampled_32kHz.wav,380.0,385.0,orca_call,2.2705884
36585,MARS_20160501_20160531_32kHz,MARS_20160512_070934_resampled_32kHz.wav,385.0,390.0,orca_call,0.6415964
36586,MARS_20160501_20160531_32kHz,MARS_20160512_070934_resampled_32kHz.wav,390.0,395.0,orca_call,2.9477909
36587,MARS_20160501_20160531_32kHz,MARS_20160512_070934_resampled_32kHz.wav,395.0,400.0,orca_call,0.44869506
36588,MARS_20160501_20160531_32kHz,MARS_20160512_070934_resampled_32kHz.wav,400.0,405.0,orca_call,2.454688
36589,MARS_20160501_20160531_32kHz,MARS_20160512_070934_resampled_32kHz.wav,405.0,410.0,orca_call,1.1741343
36591,MARS_20160501_20160531_32kHz,MARS_20160512_070934_resampled_32kHz.wav,415.0,420.0,orca_call,0.83306545
36592,MARS_20160501_20160531_32kHz,MARS_20160512_070934_resampled_32kHz.wav,420.0,425.0,orca_call,0.44060475
36593,MARS_20160501_20160531_32kHz,MARS_20160512_070934_resampled_32kHz.wav,425.0,430.0,orca_call,2.0502248
36594,MARS_20160501_20160531_32kHz,MARS_20160512_070934_resampled_32kHz.wav,430.0,435.0,orca_call,1.0125434
36596,MARS_20160501_20160531_32kHz,MARS_20160512_070934_resampled_32kHz.wav,440.0,445.0,orca_call,0.4849794
36597,MARS_20160501_20160531_32kHz,MARS_20160512_070934_resampled_32kHz.wav,445.0,450.0,orca_call,2.494585
36598,MARS_20160501_20160531_32kHz,MARS_20160512_070934_resampled_32kHz.wav,450.0,455.0,orca_call,1.7289522
36602,MARS_20160501_20160531_32kHz,MARS_20160512_070934_resampled_32kHz.wav,470.0,475.0,orca_call,0.88785243
36603,MARS_20160501_20160531_32kHz,MARS_20160512_070934_resampled_32kHz.wav,475.0,480.0,orca_call,2.3340254
36606,MARS_20160501_20160531_32kHz,MARS_20160512_070934_resampled_32kHz.wav,490.0,495.0,orca_call,2.277355
36607,MARS_20160501_20160531_32kHz,MARS_20160512_070934_resampled_32kHz.wav,495.0,500.0,orca_call,0.617105
36612,MARS_20160501_20160531_32kHz,MARS_20160512_070934_resampled_32kHz.wav,520.0,525.0,orca_call,1.8083737
36617,MARS_20160501_20160531_32kHz,MARS_20160512_070934_resampled_32kHz.wav,545.0,550.0,orca_call,1.7187328
36619,MARS_20160501_20160531_32kHz,MARS_20160512_070934_resampled_32kHz.wav,555.0,560.0,orca_call,1.7886217
36622,MARS_20160501_20160531_32kHz,MARS_20160512_070934_resampled_32kHz.wav,570.0,575.0,orca_call,2.598224
36623,MARS_20160501_20160531_32kHz,MARS_20160512_070934_resampled_32kHz.wav,575.0,580.0,orca_call,3.1894834
36625,MARS_20160501_20160531_32kHz,MARS_20160512_070934_resampled_32kHz.wav,585.0,590.0,orca_call,1.229972
36626,MARS_20160501_20160531_32kHz,MARS_20160512_070934_resampled_32kHz.wav,590.0,595.0,orca_call,0.26042277
36627,MARS_20160501_20160531_32kHz,MARS_20160512_070934_resampled_32kHz.wav,595.0,600.0,orca_call,2.3795767
37589,MARS_20160501_20160531_32kHz,MARS_20160512_142934_resampled_32kHz.wav,275.0,280.0,orca_call,1.3283999
37628,MARS_20160501_20160531_32kHz,MARS_20160512_142934_resampled_32kHz.wav,470.0,475.0,orca_call,0.4898858
37645,MARS_20160501_20160531_32kHz,MARS_20160512_142934_resampled_32kHz.wav,555.0,560.0,orca_call,0.14432399
37651,MARS_20160501_20160531_32kHz,MARS_20160512_142934_resampled_32kHz.wav,585.0,590.0,orca_call,0.36579323
37653,MARS_20160501_20160531_32kHz,MARS_20160512_142934_resampled_32kHz.wav,595.0,600.0,orca_call,2.6575618
38155,MARS_20160501_20160531_32kHz,MARS_20160521_081842_resampled_32kHz.wav,105.0,110.0,orca_call,0.14711271
38157,MARS_20160501_20160531_32kHz,MARS_20160521_081842_resampled_32kHz.wav,115.0,120.0,orca_call,0.3530559
38622,MARS_20160501_20160531_32kHz,MARS_20160507_051516_resampled_32kHz.wav,40.0,45.0,orca_call,0.121390805
38722,MARS_20160501_20160531_32kHz,MARS_20160507_051516_resampled_32kHz.wav,540.0,545.0,orca_call,0.6513278
39883,MARS_20160501_20160531_32kHz,MARS_20160512_062934_resampled_32kHz.wav,345.0,350.0,orca_call,0.6506705
39884,MARS_20160501_20160531_32kHz,MARS_20160512_062934_resampled_32kHz.wav,350.0,355.0,orca_call,0.1132299
39895,MARS_20160501_20160531_32kHz,MARS_20160512_062934_resampled_32kHz.wav,405.0,410.0,orca_call,0.2810045
51966,MARS_20160501_20160531_32kHz,MARS_20160512_144934_resampled_32kHz.wav,160.0,165.0,orca_call,2.4412339
51967,MARS_20160501_20160531_32kHz,MARS_20160512_144934_resampled_32kHz.wav,165.0,170.0,orca_call,1.0918522
51978,MARS_20160501_20160531_32kHz,MARS_20160512_144934_resampled_32kHz.wav,220.0,225.0,orca_call,1.3815145
51981,MARS_20160501_20160531_32kHz,MARS_20160512_144934_resampled_32kHz.wav,235.0,240.0,orca_call,0.24908741
52015,MARS_20160501_20160531_32kHz,MARS_20160512_144934_resampled_32kHz.wav,405.0,410.0,orca_call,0.8852631
52199,MARS_20160501_20160531_32kHz,MARS_20160506_084836_resampled_32kHz.wav,125.0,130.0,orca_call,0.17143147
52208,MARS_20160501_20160531_32kHz,MARS_20160506_084836_resampled_32kHz.wav,170.0,175.0,orca_call,0.56390506
52255,MARS_20160501_20160531_32kHz,MARS_20160506_084836_resampled_32kHz.wav,405.0,410.0,orca_call,1.0108318
54144,MARS_20160501_20160531_32kHz,MARS_20160510_002203_resampled_32kHz.wav,250.0,255.0,orca_call,1.6561797
54147,MARS_20160501_20160531_32kHz,MARS_20160510_002203_resampled_32kHz.wav,265.0,270.0,orca_call,1.1300348
54278,MARS_20160501_20160531_32kHz,MARS_20160510_070203_resampled_32kHz.wav,320.0,325.0,orca_call,0.028534666
54287,MARS_20160501_20160531_32kHz,MARS_20160510_070203_resampled_32kHz.wav,365.0,370.0,orca_call,0.4978056
54289,MARS_20160501_20160531_32kHz,MARS_20160510_070203_resampled_32kHz.wav,375.0,380.0,orca_call,0.14453606
57109,MARS_20160501_20160531_32kHz,MARS_20160508_085515_resampled_32kHz.wav,75.0,80.0,orca_call,1.2504536
57110,MARS_20160501_20160531_32kHz,MARS_20160508_085515_resampled_32kHz.wav,80.0,85.0,orca_call,0.99423206
57111,MARS_20160501_20160531_32kHz,MARS_20160508_085515_resampled_32kHz.wav,85.0,90.0,orca_call,2.3132067
57112,MARS_20160501_20160531_32kHz,MARS_20160508_085515_resampled_32kHz.wav,90.0,95.0,orca_call,0.21258534
57124,MARS_20160501_20160531_32kHz,MARS_20160508_085515_resampled_32kHz.wav,150.0,155.0,orca_call,2.5705636
57127,MARS_20160501_20160531_32kHz,MARS_20160508_085515_resampled_32kHz.wav,165.0,170.0,orca_call,2.4020607
57130,MARS_20160501_20160531_32kHz,MARS_20160508_085515_resampled_32kHz.wav,180.0,185.0,orca_call,2.6265073
57132,MARS_20160501_20160531_32kHz,MARS_20160508_085515_resampled_32kHz.wav,190.0,195.0,orca_call,0.46448183
57133,MARS_20160501_20160531_32kHz,MARS_20160508_085515_resampled_32kHz.wav,195.0,200.0,orca_call,2.4478846
57135,MARS_20160501_20160531_32kHz,MARS_20160508_085515_resampled_32kHz.wav,205.0,210.0,orca_call,1.0351255
57178,MARS_20160501_20160531_32kHz,MARS_20160508_085515_resampled_32kHz.wav,420.0,425.0,orca_call,1.6188449
57179,MARS_20160501_20160531_32kHz,MARS_20160508_085515_resampled_32kHz.wav,425.0,430.0,orca_call,2.3532438
57180,MARS_20160501_20160531_32kHz,MARS_20160508_085515_resampled_32kHz.wav,430.0,435.0,orca_call,0.20856594
57185,MARS_20160501_20160531_32kHz,MARS_20160508_085515_resampled_32kHz.wav,455.0,460.0,orca_call,0.7793142
57186,MARS_20160501_20160531_32kHz,MARS_20160508_085515_resampled_32kHz.wav,460.0,465.0,orca_call,1.1828107
57194,MARS_20160501_20160531_32kHz,MARS_20160508_085515_resampled_32kHz.wav,500.0,505.0,orca_call,2.5537026
57195,MARS_20160501_20160531_32kHz,MARS_20160508_085515_resampled_32kHz.wav,505.0,510.0,orca_call,2.0573146
57196,MARS_20160501_20160531_32kHz,MARS_20160508_085515_resampled_32kHz.wav,510.0,515.0,orca_call,0.81662303
57199,MARS_20160501_20160531_32kHz,MARS_20160508_085515_resampled_32kHz.wav,525.0,530.0,orca_call,2.2717423
57200,MARS_20160501_20160531_32kHz,MARS_20160508_085515_resampled_32kHz.wav,530.0,535.0,orca_call,1.4776208
57201,MARS_20160501_20160531_32kHz,MARS_20160508_085515_resampled_32kHz.wav,535.0,540.0,orca_call,1.8811977
57211,MARS_20160501_20160531_32kHz,MARS_20160508_085515_resampled_32kHz.wav,585.0,590.0,orca_call,1.7921532
60334,MARS_20160501_20160531_32kHz,MARS_20160524_115003_resampled_32kHz.wav,0.0,5.0,orca_call,0.87228703
60396,MARS_20160501_20160531_32kHz,MARS_20160524_115003_resampled_32kHz.wav,310.0,315.0,orca_call,0.05700016
60402,MARS_20160501_20160531_32kHz,MARS_20160524_115003_resampled_32kHz.wav,340.0,345.0,orca_call,1.4134296
60403,MARS_20160501_20160531_32kHz,MARS_20160524_115003_resampled_32kHz.wav,345.0,350.0,orca_call,0.11203565
60404,MARS_20160501_20160531_32kHz,MARS_20160524_115003_resampled_32kHz.wav,350.0,355.0,orca_call,0.4504918
61057,MARS_20160501_20160531_32kHz,MARS_20160505_153740_resampled_32kHz.wav,15.0,20.0,orca_call,0.13348244
61060,MARS_20160501_20160531_32kHz,MARS_20160505_153740_resampled_32kHz.wav,30.0,35.0,orca_call,1.3611779
61064,MARS_20160501_20160531_32kHz,MARS_20160505_153740_resampled_32kHz.wav,50.0,55.0,orca_call,0.77905667
66256,MARS_20160501_20160531_32kHz,MARS_20160511_120935_resampled_32kHz.wav,210.0,215.0,orca_call,0.28644377
66259,MARS_20160501_20160531_32kHz,MARS_20160511_120935_resampled_32kHz.wav,225.0,230.0,orca_call,0.038235232
66261,MARS_20160501_20160531_32kHz,MARS_20160511_120935_resampled_32kHz.wav,235.0,240.0,orca_call,0.298867
67215,MARS_20160501_20160531_32kHz,MARS_20160504_184939_resampled_32kHz.wav,205.0,210.0,orca_call,1.4163618
67271,MARS_20160501_20160531_32kHz,MARS_20160504_184939_resampled_32kHz.wav,485.0,490.0,orca_call,1.4251058
67317,MARS_20160501_20160531_32kHz,MARS_20160508_091515_resampled_32kHz.wav,115.0,120.0,orca_call,2.8909945
67330,MARS_20160501_20160531_32kHz,MARS_20160508_091515_resampled_32kHz.wav,180.0,185.0,orca_call,1.4145917
67342,MARS_20160501_20160531_32kHz,MARS_20160508_091515_resampled_32kHz.wav,240.0,245.0,orca_call,2.1043699
71827,MARS_20160501_20160531_32kHz,MARS_20160524_174003_resampled_32kHz.wav,465.0,470.0,orca_call,0.08298245
72898,MARS_20160501_20160531_32kHz,MARS_20160505_082740_resampled_32kHz.wav,420.0,425.0,orca_call,0.045859754
72899,MARS_20160501_20160531_32kHz,MARS_20160505_082740_resampled_32kHz.wav,425.0,430.0,orca_call,0.26394254
73057,MARS_20160501_20160531_32kHz,MARS_20160512_161934_resampled_32kHz.wav,15.0,20.0,orca_call,0.058935434
73064,MARS_20160501_20160531_32kHz,MARS_20160512_161934_resampled_32kHz.wav,50.0,55.0,orca_call,1.2956817
73065,MARS_20160501_20160531_32kHz,MARS_20160512_161934_resampled_32kHz.wav,55.0,60.0,orca_call,0.21233626
73068,MARS_20160501_20160531_32kHz,MARS_20160512_161934_resampled_32kHz.wav,70.0,75.0,orca_call,0.73040074
73070,MARS_20160501_20160531_32kHz,MARS_20160512_161934_resampled_32kHz.wav,80.0,85.0,orca_call,0.9066093
73072,MARS_20160501_20160531_32kHz,MARS_20160512_161934_resampled_32kHz.wav,90.0,95.0,orca_call,0.9188081
73203,MARS_20160501_20160531_32kHz,MARS_20160512_054934_resampled_32kHz.wav,145.0,150.0,orca_call,0.1330777
76414,MARS_20160501_20160531_32kHz,MARS_20160504_145939_resampled_32kHz.wav,0.0,5.0,orca_call,0.98994005
76436,MARS_20160501_20160531_32kHz,MARS_20160504_145939_resampled_32kHz.wav,110.0,115.0,orca_call,0.45447987
76438,MARS_20160501_20160531_32kHz,MARS_20160504_145939_resampled_32kHz.wav,120.0,125.0,orca_call,1.1396004
76439,MARS_20160501_20160531_32kHz,MARS_20160504_145939_resampled_32kHz.wav,125.0,130.0,orca_call,0.26914668
76444,MARS_20160501_20160531_32kHz,MARS_20160504_145939_resampled_32kHz.wav,150.0,155.0,orca_call,0.67221826
76445,MARS_20160501_20160531_32kHz,MARS_20160504_145939_resampled_32kHz.wav,155.0,160.0,orca_call,1.3204261
76449,MARS_20160501_20160531_32kHz,MARS_20160504_145939_resampled_32kHz.wav,175.0,180.0,orca_call,0.8820044
78669,MARS_20160501_20160531_32kHz,MARS_20160504_214938_resampled_32kHz.wav,475.0,480.0,orca_call,0.3506077
79184,MARS_20160501_20160531_32kHz,MARS_20160522_190005_resampled_32kHz.wav,50.0,55.0,orca_call,0.6387193
79186,MARS_20160501_20160531_32kHz,MARS_20160522_190005_resampled_32kHz.wav,60.0,65.0,orca_call,1.0965341
79199,MARS_20160501_20160531_32kHz,MARS_20160522_190005_resampled_32kHz.wav,125.0,130.0,orca_call,0.20456637
79203,MARS_20160501_20160531_32kHz,MARS_20160522_190005_resampled_32kHz.wav,145.0,150.0,orca_call,0.8022939
79207,MARS_20160501_20160531_32kHz,MARS_20160522_190005_resampled_32kHz.wav,165.0,170.0,orca_call,1.2817309
79209,MARS_20160501_20160531_32kHz,MARS_20160522_190005_resampled_32kHz.wav,175.0,180.0,orca_call,1.4489337
79276,MARS_20160501_20160531_32kHz,MARS_20160522_190005_resampled_32kHz.wav,510.0,515.0,orca_call,0.9894662
79280,MARS_20160501_20160531_32kHz,MARS_20160522_190005_resampled_32kHz.wav,530.0,535.0,orca_call,0.81568384
80843,MARS_20160501_20160531_32kHz,MARS_20160522_163005_resampled_32kHz.wav,545.0,550.0,orca_call,1.6115026
80844,MARS_20160501_20160531_32kHz,MARS_20160522_163005_resampled_32kHz.wav,550.0,555.0,orca_call,1.1053063
88425,MARS_20160501_20160531_32kHz,MARS_20160513_223932_resampled_32kHz.wav,275.0,280.0,orca_call,0.033222675
88732,MARS_20160501_20160531_32kHz,MARS_20160508_115515_resampled_32kHz.wav,10.0,15.0,orca_call,0.7164858
88741,MARS_20160501_20160531_32kHz,MARS_20160508_115515_resampled_32kHz.wav,55.0,60.0,orca_call,0.25350237
88742,MARS_20160501_20160531_32kHz,MARS_20160508_115515_resampled_32kHz.wav,60.0,65.0,orca_call,0.7136034
88770,MARS_20160501_20160531_32kHz,MARS_20160508_115515_resampled_32kHz.wav,200.0,205.0,orca_call,0.77891976
88778,MARS_20160501_20160531_32kHz,MARS_20160508_115515_resampled_32kHz.wav,240.0,245.0,orca_call,0.8714181
88780,MARS_20160501_20160531_32kHz,MARS_20160508_115515_resampled_32kHz.wav,250.0,255.0,orca_call,1.6236031
88799,MARS_20160501_20160531_32kHz,MARS_20160508_115515_resampled_32kHz.wav,345.0,350.0,orca_call,1.6427827
88806,MARS_20160501_20160531_32kHz,MARS_20160508_115515_resampled_32kHz.wav,380.0,385.0,orca_call,1.6406264
88832,MARS_20160501_20160531_32kHz,MARS_20160508_115515_resampled_32kHz.wav,510.0,515.0,orca_call,1.796816
88835,MARS_20160501_20160531_32kHz,MARS_20160508_115515_resampled_32kHz.wav,525.0,530.0,orca_call,0.5543367
88843,MARS_20160501_20160531_32kHz,MARS_20160508_115515_resampled_32kHz.wav,565.0,570.0,orca_call,0.26111883
89148,MARS_20160501_20160531_32kHz,MARS_20160507_081516_resampled_32kHz.wav,290.0,295.0,orca_call,0.24356245
89789,MARS_20160501_20160531_32kHz,MARS_20160510_033203_resampled_32kHz.wav,495.0,500.0,orca_call,0.15779172
91209,MARS_20160501_20160531_32kHz,MARS_20160531_011349_resampled_32kHz.wav,90.0,95.0,orca_call,0.75474286
91231,MARS_20160501_20160531_32kHz,MARS_20160531_011349_resampled_32kHz.wav,200.0,205.0,orca_call,1.8557005
91234,MARS_20160501_20160531_32kHz,MARS_20160531_011349_resampled_32kHz.wav,215.0,220.0,orca_call,0.07760209
91720,MARS_20160501_20160531_32kHz,MARS_20160509_234203_resampled_32kHz.wav,245.0,250.0,orca_call,0.5743442
93456,MARS_20160501_20160531_32kHz,MARS_20160507_162516_resampled_32kHz.wav,525.0,530.0,orca_call,1.6862651
95725,MARS_20160501_20160531_32kHz,MARS_20160513_141933_resampled_32kHz.wav,470.0,475.0,orca_call,0.7719831
100766,MARS_20160501_20160531_32kHz,MARS_20160509_235203_resampled_32kHz.wav,475.0,480.0,orca_call,0.2562225
100977,MARS_20160501_20160531_32kHz,MARS_20160524_122003_resampled_32kHz.wav,330.0,335.0,orca_call,0.6646762
101116,MARS_20160501_20160531_32kHz,MARS_20160505_111740_resampled_32kHz.wav,425.0,430.0,orca_call,1.1887432
102274,MARS_20160501_20160531_32kHz,MARS_20160511_121935_resampled_32kHz.wav,215.0,220.0,orca_call,0.8395016
102280,MARS_20160501_20160531_32kHz,MARS_20160511_121935_resampled_32kHz.wav,245.0,250.0,orca_call,1.4335943
106201,MARS_20160501_20160531_32kHz,MARS_20160510_131203_resampled_32kHz.wav,500.0,505.0,orca_call,0.06273225
106983,MARS_20160501_20160531_32kHz,MARS_20160529_073351_resampled_32kHz.wav,210.0,215.0,orca_call,0.3568496
107759,MARS_20160501_20160531_32kHz,MARS_20160504_191939_resampled_32kHz.wav,490.0,495.0,orca_call,0.24938561
107764,MARS_20160501_20160531_32kHz,MARS_20160504_191939_resampled_32kHz.wav,515.0,520.0,orca_call,0.9403962
107770,MARS_20160501_20160531_32kHz,MARS_20160504_191939_resampled_32kHz.wav,545.0,550.0,orca_call,2.4571657
111639,MARS_20160501_20160531_32kHz,MARS_20160521_084842_resampled_32kHz.wav,90.0,95.0,orca_call,0.2898183
111649,MARS_20160501_20160531_32kHz,MARS_20160521_084842_resampled_32kHz.wav,140.0,145.0,orca_call,0.47539485
111652,MARS_20160501_20160531_32kHz,MARS_20160521_084842_resampled_32kHz.wav,155.0,160.0,orca_call,1.2969356
111662,MARS_20160501_20160531_32kHz,MARS_20160521_084842_resampled_32kHz.wav,205.0,210.0,orca_call,1.2134149
111699,MARS_20160501_20160531_32kHz,MARS_20160521_084842_resampled_32kHz.wav,390.0,395.0,orca_call,1.9868503
111700,MARS_20160501_20160531_32kHz,MARS_20160521_084842_resampled_32kHz.wav,395.0,400.0,orca_call,0.50320315
111704,MARS_20160501_20160531_32kHz,MARS_20160521_084842_resampled_32kHz.wav,415.0,420.0,orca_call,0.1736462
112011,MARS_20160501_20160531_32kHz,MARS_20160521_160842_resampled_32kHz.wav,150.0,155.0,orca_call,0.45364988
113323,MARS_20160501_20160531_32kHz,MARS_20160507_163515_resampled_32kHz.wav,110.0,115.0,orca_call,2.4279606
113327,MARS_20160501_20160531_32kHz,MARS_20160507_163515_resampled_32kHz.wav,130.0,135.0,orca_call,0.54640466
116153,MARS_20160501_20160531_32kHz,MARS_20160504_162939_resampled_32kHz.wav,415.0,420.0,orca_call,0.76799345
116162,MARS_20160501_20160531_32kHz,MARS_20160504_162939_resampled_32kHz.wav,460.0,465.0,orca_call,0.062916175
116164,MARS_20160501_20160531_32kHz,MARS_20160504_162939_resampled_32kHz.wav,470.0,475.0,orca_call,1.3185622
116182,MARS_20160501_20160531_32kHz,MARS_20160504_162939_resampled_32kHz.wav,560.0,565.0,orca_call,1.7599746
116189,MARS_20160501_20160531_32kHz,MARS_20160504_162939_resampled_32kHz.wav,595.0,600.0,orca_call,0.8458756
119911,MARS_20160501_20160531_32kHz,MARS_20160504_165939_resampled_32kHz.wav,5.0,10.0,orca_call,0.42209047
119932,MARS_20160501_20160531_32kHz,MARS_20160504_165939_resampled_32kHz.wav,110.0,115.0,orca_call,0.7196947
120297,MARS_20160501_20160531_32kHz,MARS_20160521_144842_resampled_32kHz.wav,135.0,140.0,orca_call,1.4929296
120529,MARS_20160501_20160531_32kHz,MARS_20160518_025858_resampled_32kHz.wav,95.0,100.0,orca_call,0.057663694
122888,MARS_20160501_20160531_32kHz,MARS_20160524_120003_resampled_32kHz.wav,490.0,495.0,orca_call,0.03273149
122909,MARS_20160501_20160531_32kHz,MARS_20160524_120003_resampled_32kHz.wav,595.0,600.0,orca_call,0.6647366
125839,MARS_20160501_20160531_32kHz,MARS_20160504_235938_resampled_32kHz.wav,245.0,250.0,orca_call,0.07963283
130714,MARS_20160501_20160531_32kHz,MARS_20160506_170836_resampled_32kHz.wav,20.0,25.0,orca_call,0.8635672
130782,MARS_20160501_20160531_32kHz,MARS_20160506_170836_resampled_32kHz.wav,360.0,365.0,orca_call,0.095963135
131480,MARS_20160501_20160531_32kHz,MARS_20160507_112516_resampled_32kHz.wav,250.0,255.0,orca_call,0.9255488
133254,MARS_20160501_20160531_32kHz,MARS_20160528_202351_resampled_32kHz.wav,120.0,125.0,orca_call,0.020428747
133296,MARS_20160501_20160531_32kHz,MARS_20160528_202351_resampled_32kHz.wav,330.0,335.0,orca_call,0.41036266
135274,MARS_20160501_20160531_32kHz,MARS_20160508_073515_resampled_32kHz.wav,20.0,25.0,orca_call,0.1111484
135285,MARS_20160501_20160531_32kHz,MARS_20160508_073515_resampled_32kHz.wav,75.0,80.0,orca_call,1.7539694
135369,MARS_20160501_20160531_32kHz,MARS_20160508_073515_resampled_32kHz.wav,495.0,500.0,orca_call,0.70562536
139746,MARS_20160501_20160531_32kHz,MARS_20160510_004203_resampled_32kHz.wav,180.0,185.0,orca_call,2.0859334
139749,MARS_20160501_20160531_32kHz,MARS_20160510_004203_resampled_32kHz.wav,195.0,200.0,orca_call,1.4695386
139753,MARS_20160501_20160531_32kHz,MARS_20160510_004203_resampled_32kHz.wav,215.0,220.0,orca_call,0.5912311
139761,MARS_20160501_20160531_32kHz,MARS_20160510_004203_resampled_32kHz.wav,255.0,260.0,orca_call,0.5800956
139771,MARS_20160501_20160531_32kHz,MARS_20160510_004203_resampled_32kHz.wav,305.0,310.0,orca_call,0.1834292
139772,MARS_20160501_20160531_32kHz,MARS_20160510_004203_resampled_32kHz.wav,310.0,315.0,orca_call,0.56097364
139775,MARS_20160501_20160531_32kHz,MARS_20160510_004203_resampled_32kHz.wav,325.0,330.0,orca_call,0.7956304
139799,MARS_20160501_20160531_32kHz,MARS_20160510_004203_resampled_32kHz.wav,445.0,450.0,orca_call,0.088446304
141167,MARS_20160501_20160531_32kHz,MARS_20160502_160632_resampled_32kHz.wav,85.0,90.0,orca_call,0.38579726
141242,MARS_20160501_20160531_32kHz,MARS_20160502_160632_resampled_32kHz.wav,460.0,465.0,orca_call,0.13344409
146697,MARS_20160501_20160531_32kHz,MARS_20160527_153353_resampled_32kHz.wav,135.0,140.0,orca_call,0.1679358
147270,MARS_20160501_20160531_32kHz,MARS_20160527_180352_resampled_32kHz.wav,0.0,5.0,orca_call,0.46443594
147286,MARS_20160501_20160531_32kHz,MARS_20160527_180352_resampled_32kHz.wav,80.0,85.0,orca_call,0.1994388
147316,MARS_20160501_20160531_32kHz,MARS_20160527_180352_resampled_32kHz.wav,230.0,235.0,orca_call,1.0907065
147322,MARS_20160501_20160531_32kHz,MARS_20160527_180352_resampled_32kHz.wav,260.0,265.0,orca_call,0.58694786
147387,MARS_20160501_20160531_32kHz,MARS_20160527_180352_resampled_32kHz.wav,585.0,590.0,orca_call,0.33559525
150377,MARS_20160501_20160531_32kHz,MARS_20160502_155632_resampled_32kHz.wav,535.0,540.0,orca_call,0.5341376
151365,MARS_20160501_20160531_32kHz,MARS_20160505_113740_resampled_32kHz.wav,75.0,80.0,orca_call,0.4706846
151377,MARS_20160501_20160531_32kHz,MARS_20160505_113740_resampled_32kHz.wav,135.0,140.0,orca_call,0.3734678
152429,MARS_20160501_20160531_32kHz,MARS_20160518_182845_resampled_32kHz.wav,595.0,600.0,orca_call,0.1571605
152674,MARS_20160501_20160531_32kHz,MARS_20160504_193939_resampled_32kHz.wav,20.0,25.0,orca_call,0.8787689
152680,MARS_20160501_20160531_32kHz,MARS_20160504_193939_resampled_32kHz.wav,50.0,55.0,orca_call,1.1181117
152683,MARS_20160501_20160531_32kHz,MARS_20160504_193939_resampled_32kHz.wav,65.0,70.0,orca_call,0.12235297
152684,MARS_20160501_20160531_32kHz,MARS_20160504_193939_resampled_32kHz.wav,70.0,75.0,orca_call,1.5020319
152693,MARS_20160501_20160531_32kHz,MARS_20160504_193939_resampled_32kHz.wav,115.0,120.0,orca_call,0.61730266
152755,MARS_20160501_20160531_32kHz,MARS_20160504_193939_resampled_32kHz.wav,425.0,430.0,orca_call,0.30219978
153031,MARS_20160501_20160531_32kHz,MARS_20160505_043740_resampled_32kHz.wav,5.0,10.0,orca_call,0.6935626
156890,MARS_20160501_20160531_32kHz,MARS_20160527_152353_resampled_32kHz.wav,100.0,105.0,orca_call,0.8757671
162397,MARS_20160501_20160531_32kHz,MARS_20160504_163939_resampled_32kHz.wav,35.0,40.0,orca_call,0.7822964
162404,MARS_20160501_20160531_32kHz,MARS_20160504_163939_resampled_32kHz.wav,70.0,75.0,orca_call,0.9640026
162409,MARS_20160501_20160531_32kHz,MARS_20160504_163939_resampled_32kHz.wav,95.0,100.0,orca_call,0.014392629
162422,MARS_20160501_20160531_32kHz,MARS_20160504_163939_resampled_32kHz.wav,160.0,165.0,orca_call,0.9738233
162485,MARS_20160501_20160531_32kHz,MARS_20160504_163939_resampled_32kHz.wav,475.0,480.0,orca_call,0.15721048
162491,MARS_20160501_20160531_32kHz,MARS_20160504_163939_resampled_32kHz.wav,505.0,510.0,orca_call,1.3132154
162494,MARS_20160501_20160531_32kHz,MARS_20160504_163939_resampled_32kHz.wav,520.0,525.0,orca_call,0.3906926
162501,MARS_20160501_20160531_32kHz,MARS_20160504_163939_resampled_32kHz.wav,555.0,560.0,orca_call,1.8596495
167131,MARS_20160501_20160531_32kHz,MARS_20160512_172934_resampled_32kHz.wav,305.0,310.0,orca_call,1.0199008
169590,MARS_20160501_20160531_32kHz,MARS_20160507_170515_resampled_32kHz.wav,0.0,5.0,orca_call,1.239936
172299,MARS_20160501_20160531_32kHz,MARS_20160518_191845_resampled_32kHz.wav,345.0,350.0,orca_call,0.08878662
173144,MARS_20160501_20160531_32kHz,MARS_20160528_200351_resampled_32kHz.wav,370.0,375.0,orca_call,0.86329097
173979,MARS_20160501_20160531_32kHz,MARS_20160508_074515_resampled_32kHz.wav,345.0,350.0,orca_call,0.9008088
173988,MARS_20160501_20160531_32kHz,MARS_20160508_074515_resampled_32kHz.wav,390.0,395.0,orca_call,1.2827578
174017,MARS_20160501_20160531_32kHz,MARS_20160508_074515_resampled_32kHz.wav,535.0,540.0,orca_call,0.02402468
176338,MARS_20160501_20160531_32kHz,MARS_20160523_120004_resampled_32kHz.wav,55.0,60.0,orca_call,0.442414
176341,MARS_20160501_20160531_32kHz,MARS_20160523_120004_resampled_32kHz.wav,70.0,75.0,orca_call,1.8077415
176521,MARS_20160501_20160531_32kHz,MARS_20160523_174004_resampled_32kHz.wav,370.0,375.0,orca_call,0.24688987
176843,MARS_20160501_20160531_32kHz,MARS_20160524_185003_resampled_32kHz.wav,180.0,185.0,orca_call,0.47455448
176864,MARS_20160501_20160531_32kHz,MARS_20160524_185003_resampled_32kHz.wav,285.0,290.0,orca_call,0.39398372
177055,MARS_20160501_20160531_32kHz,MARS_20160505_092740_resampled_32kHz.wav,40.0,45.0,orca_call,0.39493877
177068,MARS_20160501_20160531_32kHz,MARS_20160505_092740_resampled_32kHz.wav,105.0,110.0,orca_call,0.36734146
177082,MARS_20160501_20160531_32kHz,MARS_20160505_092740_resampled_32kHz.wav,175.0,180.0,orca_call,0.032324255
177090,MARS_20160501_20160531_32kHz,MARS_20160505_092740_resampled_32kHz.wav,215.0,220.0,orca_call,0.17636399
177103,MARS_20160501_20160531_32kHz,MARS_20160505_092740_resampled_32kHz.wav,280.0,285.0,orca_call,0.54421943
177107,MARS_20160501_20160531_32kHz,MARS_20160505_092740_resampled_32kHz.wav,300.0,305.0,orca_call,0.23898183
177135,MARS_20160501_20160531_32kHz,MARS_20160505_092740_resampled_32kHz.wav,440.0,445.0,orca_call,1.4451685
178886,MARS_20160501_20160531_32kHz,MARS_20160504_161939_resampled_32kHz.wav,195.0,200.0,orca_call,1.5992315
178888,MARS_20160501_20160531_32kHz,MARS_20160504_161939_resampled_32kHz.wav,205.0,210.0,orca_call,1.9931331
178891,MARS_20160501_20160531_32kHz,MARS_20160504_161939_resampled_32kHz.wav,220.0,225.0,orca_call,0.90550435
178894,MARS_20160501_20160531_32kHz,MARS_20160504_161939_resampled_32kHz.wav,235.0,240.0,orca_call,1.5807803
178895,MARS_20160501_20160531_32kHz,MARS_20160504_161939_resampled_32kHz.wav,240.0,245.0,orca_call,0.8892112
178896,MARS_20160501_20160531_32kHz,MARS_20160504_161939_resampled_32kHz.wav,245.0,250.0,orca_call,1.3104343
178897,MARS_20160501_20160531_32kHz,MARS_20160504_161939_resampled_32kHz.wav,250.0,255.0,orca_call,0.080208376
178898,MARS_20160501_20160531_32kHz,MARS_20160504_161939_resampled_32kHz.wav,255.0,260.0,orca_call,1.4034641
178902,MARS_20160501_20160531_32kHz,MARS_20160504_161939_resampled_32kHz.wav,275.0,280.0,orca_call,2.6555915
178905,MARS_20160501_20160531_32kHz,MARS_20160504_161939_resampled_32kHz.wav,290.0,295.0,orca_call,0.2241538
178926,MARS_20160501_20160531_32kHz,MARS_20160504_161939_resampled_32kHz.wav,395.0,400.0,orca_call,0.22130127
181387,MARS_20160501_20160531_32kHz,MARS_20160530_105350_resampled_32kHz.wav,100.0,105.0,orca_call,0.75364804
181822,MARS_20160501_20160531_32kHz,MARS_20160508_102515_resampled_32kHz.wav,475.0,480.0,orca_call,0.5668474
186248,MARS_20160501_20160531_32kHz,MARS_20160518_190845_resampled_32kHz.wav,400.0,405.0,orca_call,0.37456948
188915,MARS_20160501_20160531_32kHz,MARS_20160520_201843_resampled_32kHz.wav,535.0,540.0,orca_call,2.3593795
189556,MARS_20160501_20160531_32kHz,MARS_20160524_114003_resampled_32kHz.wav,140.0,145.0,orca_call,0.27619207
189557,MARS_20160501_20160531_32kHz,MARS_20160524_114003_resampled_32kHz.wav,145.0,150.0,orca_call,0.48982394
191123,MARS_20160501_20160531_32kHz,MARS_20160508_112515_resampled_32kHz.wav,175.0,180.0,orca_call,0.920774
191126,MARS_20160501_20160531_32kHz,MARS_20160508_112515_resampled_32kHz.wav,190.0,195.0,orca_call,0.21555935
191135,MARS_20160501_20160531_32kHz,MARS_20160508_112515_resampled_32kHz.wav,235.0,240.0,orca_call,0.4832855
191137,MARS_20160501_20160531_32kHz,MARS_20160508_112515_resampled_32kHz.wav,245.0,250.0,orca_call,0.50471735
191153,MARS_20160501_20160531_32kHz,MARS_20160508_112515_resampled_32kHz.wav,325.0,330.0,orca_call,1.1002771
191184,MARS_20160501_20160531_32kHz,MARS_20160508_112515_resampled_32kHz.wav,480.0,485.0,orca_call,0.43881243
191205,MARS_20160501_20160531_32kHz,MARS_20160508_112515_resampled_32kHz.wav,585.0,590.0,orca_call,0.41182542
192480,MARS_20160501_20160531_32kHz,MARS_20160506_071836_resampled_32kHz.wav,360.0,365.0,orca_call,1.0241232
194590,MARS_20160501_20160531_32kHz,MARS_20160512_151934_resampled_32kHz.wav,110.0,115.0,orca_call,1.5316433
194685,MARS_20160501_20160531_32kHz,MARS_20160512_151934_resampled_32kHz.wav,585.0,590.0,orca_call,0.014171228
194686,MARS_20160501_20160531_32kHz,MARS_20160512_151934_resampled_32kHz.wav,590.0,595.0,orca_call,1.5348272
197128,MARS_20160501_20160531_32kHz,MARS_20160510_055203_resampled_32kHz.wav,200.0,205.0,orca_call,0.8670244
197135,MARS_20160501_20160531_32kHz,MARS_20160510_055203_resampled_32kHz.wav,235.0,240.0,orca_call,1.7541767
197284,MARS_20160501_20160531_32kHz,MARS_20160511_083935_resampled_32kHz.wav,380.0,385.0,orca_call,0.111144155
198374,MARS_20160501_20160531_32kHz,MARS_20160511_151935_resampled_32kHz.wav,430.0,435.0,orca_call,0.26891494
198631,MARS_20160501_20160531_32kHz,MARS_20160521_090842_resampled_32kHz.wav,515.0,520.0,orca_call,1.4111795
200659,MARS_20160501_20160531_32kHz,MARS_20160507_082516_resampled_32kHz.wav,455.0,460.0,orca_call,0.097285196
200896,MARS_20160501_20160531_32kHz,MARS_20160502_053633_resampled_32kHz.wav,440.0,445.0,orca_call,0.2670167
204150,MARS_20160501_20160531_32kHz,MARS_20160504_152939_resampled_32kHz.wav,510.0,515.0,orca_call,0.6704599
204151,MARS_20160501_20160531_32kHz,MARS_20160504_152939_resampled_32kHz.wav,515.0,520.0,orca_call,0.30915743
205457,MARS_20160501_20160531_32kHz,MARS_20160513_135933_resampled_32kHz.wav,445.0,450.0,orca_call,0.94995546
206066,MARS_20160501_20160531_32kHz,MARS_20160518_185845_resampled_32kHz.wav,490.0,495.0,orca_call,0.17822985
206069,MARS_20160501_20160531_32kHz,MARS_20160518_185845_resampled_32kHz.wav,505.0,510.0,orca_call,0.84133977
206070,MARS_20160501_20160531_32kHz,MARS_20160518_185845_resampled_32kHz.wav,510.0,515.0,orca_call,0.8872845
209113,MARS_20160501_20160531_32kHz,MARS_20160524_055003_resampled_32kHz.wav,125.0,130.0,orca_call,0.83052397
212693,MARS_20160501_20160531_32kHz,MARS_20160511_122935_resampled_32kHz.wav,25.0,30.0,orca_call,0.5943265
215641,MARS_20160501_20160531_32kHz,MARS_20160523_170004_resampled_32kHz.wav,365.0,370.0,orca_call,0.12564795
215650,MARS_20160501_20160531_32kHz,MARS_20160523_170004_resampled_32kHz.wav,410.0,415.0,orca_call,0.042908087
218093,MARS_20160501_20160531_32kHz,MARS_20160508_090515_resampled_32kHz.wav,25.0,30.0,orca_call,2.7303882
218100,MARS_20160501_20160531_32kHz,MARS_20160508_090515_resampled_32kHz.wav,60.0,65.0,orca_call,1.0092994
218112,MARS_20160501_20160531_32kHz,MARS_20160508_090515_resampled_32kHz.wav,120.0,125.0,orca_call,2.639128
218124,MARS_20160501_20160531_32kHz,MARS_20160508_090515_resampled_32kHz.wav,180.0,185.0,orca_call,1.1984795
218130,MARS_20160501_20160531_32kHz,MARS_20160508_090515_resampled_32kHz.wav,210.0,215.0,orca_call,0.14444314
218131,MARS_20160501_20160531_32kHz,MARS_20160508_090515_resampled_32kHz.wav,215.0,220.0,orca_call,0.428109
218143,MARS_20160501_20160531_32kHz,MARS_20160508_090515_resampled_32kHz.wav,275.0,280.0,orca_call,1.1845008
218147,MARS_20160501_20160531_32kHz,MARS_20160508_090515_resampled_32kHz.wav,295.0,300.0,orca_call,1.0299644
218151,MARS_20160501_20160531_32kHz,MARS_20160508_090515_resampled_32kHz.wav,315.0,320.0,orca_call,2.2617607
218178,MARS_20160501_20160531_32kHz,MARS_20160508_090515_resampled_32kHz.wav,450.0,455.0,orca_call,0.55305696
218181,MARS_20160501_20160531_32kHz,MARS_20160508_090515_resampled_32kHz.wav,465.0,470.0,orca_call,0.4153766
218196,MARS_20160501_20160531_32kHz,MARS_20160508_090515_resampled_32kHz.wav,540.0,545.0,orca_call,0.6047754
218197,MARS_20160501_20160531_32kHz,MARS_20160508_090515_resampled_32kHz.wav,545.0,550.0,orca_call,0.52220094
218199,MARS_20160501_20160531_32kHz,MARS_20160508_090515_resampled_32kHz.wav,555.0,560.0,orca_call,0.09783967
219772,MARS_20160501_20160531_32kHz,MARS_20160530_185349_resampled_32kHz.wav,20.0,25.0,orca_call,0.24498172
223271,MARS_20160501_20160531_32kHz,MARS_20160508_093515_resampled_32kHz.wav,115.0,120.0,orca_call,0.51784647
223277,MARS_20160501_20160531_32kHz,MARS_20160508_093515_resampled_32kHz.wav,145.0,150.0,orca_call,0.5952934
223278,MARS_20160501_20160531_32kHz,MARS_20160508_093515_resampled_32kHz.wav,150.0,155.0,orca_call,1.8242424
223284,MARS_20160501_20160531_32kHz,MARS_20160508_093515_resampled_32kHz.wav,180.0,185.0,orca_call,0.6355585
223290,MARS_20160501_20160531_32kHz,MARS_20160508_093515_resampled_32kHz.wav,210.0,215.0,orca_call,1.4272922
223291,MARS_20160501_20160531_32kHz,MARS_20160508_093515_resampled_32kHz.wav,215.0,220.0,orca_call,1.099242
223294,MARS_20160501_20160531_32kHz,MARS_20160508_093515_resampled_32kHz.wav,230.0,235.0,orca_call,3.0617473
223308,MARS_20160501_20160531_32kHz,MARS_20160508_093515_resampled_32kHz.wav,300.0,305.0,orca_call,1.9929779
223312,MARS_20160501_20160531_32kHz,MARS_20160508_093515_resampled_32kHz.wav,320.0,325.0,orca_call,1.7782298
223313,MARS_20160501_20160531_32kHz,MARS_20160508_093515_resampled_32kHz.wav,325.0,330.0,orca_call,3.1461053
223316,MARS_20160501_20160531_32kHz,MARS_20160508_093515_resampled_32kHz.wav,340.0,345.0,orca_call,1.4002504
223317,MARS_20160501_20160531_32kHz,MARS_20160508_093515_resampled_32kHz.wav,345.0,350.0,orca_call,0.92835045
223318,MARS_20160501_20160531_32kHz,MARS_20160508_093515_resampled_32kHz.wav,350.0,355.0,orca_call,1.6081867
223319,MARS_20160501_20160531_32kHz,MARS_20160508_093515_resampled_32kHz.wav,355.0,360.0,orca_call,0.5859947
223322,MARS_20160501_20160531_32kHz,MARS_20160508_093515_resampled_32kHz.wav,370.0,375.0,orca_call,0.60564446
223325,MARS_20160501_20160531_32kHz,MARS_20160508_093515_resampled_32kHz.wav,385.0,390.0,orca_call,0.41940814
223327,MARS_20160501_20160531_32kHz,MARS_20160508_093515_resampled_32kHz.wav,395.0,400.0,orca_call,1.3800393
223332,MARS_20160501_20160531_32kHz,MARS_20160508_093515_resampled_32kHz.wav,420.0,425.0,orca_call,1.7111046
223333,MARS_20160501_20160531_32kHz,MARS_20160508_093515_resampled_32kHz.wav,425.0,430.0,orca_call,0.78183603
223334,MARS_20160501_20160531_32kHz,MARS_20160508_093515_resampled_32kHz.wav,430.0,435.0,orca_call,1.6115341
223339,MARS_20160501_20160531_32kHz,MARS_20160508_093515_resampled_32kHz.wav,455.0,460.0,orca_call,0.4562586
223340,MARS_20160501_20160531_32kHz,MARS_20160508_093515_resampled_32kHz.wav,460.0,465.0,orca_call,0.43615615
223341,MARS_20160501_20160531_32kHz,MARS_20160508_093515_resampled_32kHz.wav,465.0,470.0,orca_call,2.4841542
223343,MARS_20160501_20160531_32kHz,MARS_20160508_093515_resampled_32kHz.wav,475.0,480.0,orca_call,1.6909274
223347,MARS_20160501_20160531_32kHz,MARS_20160508_093515_resampled_32kHz.wav,495.0,500.0,orca_call,0.070452884
223349,MARS_20160501_20160531_32kHz,MARS_20160508_093515_resampled_32kHz.wav,505.0,510.0,orca_call,2.301013
223350,MARS_20160501_20160531_32kHz,MARS_20160508_093515_resampled_32kHz.wav,510.0,515.0,orca_call,1.8697834
223351,MARS_20160501_20160531_32kHz,MARS_20160508_093515_resampled_32kHz.wav,515.0,520.0,orca_call,2.7129762
223359,MARS_20160501_20160531_32kHz,MARS_20160508_093515_resampled_32kHz.wav,555.0,560.0,orca_call,0.70330405
223364,MARS_20160501_20160531_32kHz,MARS_20160508_093515_resampled_32kHz.wav,580.0,585.0,orca_call,0.18773131
223365,MARS_20160501_20160531_32kHz,MARS_20160508_093515_resampled_32kHz.wav,585.0,590.0,orca_call,0.35123903
223367,MARS_20160501_20160531_32kHz,MARS_20160508_093515_resampled_32kHz.wav,595.0,600.0,orca_call,0.66144335
230430,MARS_20160501_20160531_32kHz,MARS_20160504_173939_resampled_32kHz.wav,510.0,515.0,orca_call,0.5113248
231651,MARS_20160501_20160531_32kHz,MARS_20160508_113515_resampled_32kHz.wav,15.0,20.0,orca_call,1.2766228
231680,MARS_20160501_20160531_32kHz,MARS_20160508_113515_resampled_32kHz.wav,160.0,165.0,orca_call,1.2703772
231687,MARS_20160501_20160531_32kHz,MARS_20160508_113515_resampled_32kHz.wav,195.0,200.0,orca_call,1.5663972
231720,MARS_20160501_20160531_32kHz,MARS_20160508_113515_resampled_32kHz.wav,360.0,365.0,orca_call,1.6595505
231721,MARS_20160501_20160531_32kHz,MARS_20160508_113515_resampled_32kHz.wav,365.0,370.0,orca_call,0.40051126
231725,MARS_20160501_20160531_32kHz,MARS_20160508_113515_resampled_32kHz.wav,385.0,390.0,orca_call,0.9907266
231742,MARS_20160501_20160531_32kHz,MARS_20160508_113515_resampled_32kHz.wav,470.0,475.0,orca_call,0.27806515
231763,MARS_20160501_20160531_32kHz,MARS_20160508_113515_resampled_32kHz.wav,575.0,580.0,orca_call,1.1152889
231766,MARS_20160501_20160531_32kHz,MARS_20160508_113515_resampled_32kHz.wav,590.0,595.0,orca_call,1.4802188
236682,MARS_20160501_20160531_32kHz,MARS_20160517_173256_resampled_32kHz.wav,570.0,575.0,orca_call,0.22645955
237529,MARS_20160501_20160531_32kHz,MARS_20160522_003842_resampled_32kHz.wav,5.0,10.0,orca_call,0.83600783
238046,MARS_20160501_20160531_32kHz,MARS_20160505_103740_resampled_32kHz.wav,190.0,195.0,orca_call,0.33837205
238055,MARS_20160501_20160531_32kHz,MARS_20160505_103740_resampled_32kHz.wav,235.0,240.0,orca_call,0.5462139
238063,MARS_20160501_20160531_32kHz,MARS_20160505_103740_resampled_32kHz.wav,275.0,280.0,orca_call,0.09971844
240755,MARS_20160501_20160531_32kHz,MARS_20160508_061515_resampled_32kHz.wav,535.0,540.0,orca_call,0.45739424
243878,MARS_20160501_20160531_32kHz,MARS_20160505_045740_resampled_32kHz.wav,550.0,555.0,orca_call,0.9984381
244766,MARS_20160501_20160531_32kHz,MARS_20160522_034841_resampled_32kHz.wav,190.0,195.0,orca_call,0.47512555
246889,MARS_20160501_20160531_32kHz,MARS_20160531_013349_resampled_32kHz.wav,5.0,10.0,orca_call,0.889688
246891,MARS_20160501_20160531_32kHz,MARS_20160531_013349_resampled_32kHz.wav,15.0,20.0,orca_call,2.4996893
246903,MARS_20160501_20160531_32kHz,MARS_20160531_013349_resampled_32kHz.wav,75.0,80.0,orca_call,0.22305153
246907,MARS_20160501_20160531_32kHz,MARS_20160531_013349_resampled_32kHz.wav,95.0,100.0,orca_call,0.36021572
247743,MARS_20160501_20160531_32kHz,MARS_20160510_071203_resampled_32kHz.wav,20.0,25.0,orca_call,1.822229
247770,MARS_20160501_20160531_32kHz,MARS_20160510_071203_resampled_32kHz.wav,155.0,160.0,orca_call,1.4478452
247778,MARS_20160501_20160531_32kHz,MARS_20160510_071203_resampled_32kHz.wav,195.0,200.0,orca_call,0.9327905
247779,MARS_20160501_20160531_32kHz,MARS_20160510_071203_resampled_32kHz.wav,200.0,205.0,orca_call,0.48118198
251329,MARS_20160501_20160531_32kHz,MARS_20160527_171352_resampled_32kHz.wav,550.0,555.0,orca_call,0.5509607
252923,MARS_20160501_20160531_32kHz,MARS_20160503_072129_resampled_32kHz.wav,120.0,125.0,orca_call,0.38932317
253340,MARS_20160501_20160531_32kHz,MARS_20160514_183932_resampled_32kHz.wav,405.0,410.0,orca_call,0.7023802
253399,MARS_20160501_20160531_32kHz,MARS_20160508_100515_resampled_32kHz.wav,100.0,105.0,orca_call,0.06977673
253400,MARS_20160501_20160531_32kHz,MARS_20160508_100515_resampled_32kHz.wav,105.0,110.0,orca_call,0.356072
253412,MARS_20160501_20160531_32kHz,MARS_20160508_100515_resampled_32kHz.wav,165.0,170.0,orca_call,0.51008976
253422,MARS_20160501_20160531_32kHz,MARS_20160508_100515_resampled_32kHz.wav,215.0,220.0,orca_call,1.4086487
253423,MARS_20160501_20160531_32kHz,MARS_20160508_100515_resampled_32kHz.wav,220.0,225.0,orca_call,2.20401
253425,MARS_20160501_20160531_32kHz,MARS_20160508_100515_resampled_32kHz.wav,230.0,235.0,orca_call,2.6505156
253426,MARS_20160501_20160531_32kHz,MARS_20160508_100515_resampled_32kHz.wav,235.0,240.0,orca_call,0.60753953
253427,MARS_20160501_20160531_32kHz,MARS_20160508_100515_resampled_32kHz.wav,240.0,245.0,orca_call,0.51597625
253430,MARS_20160501_20160531_32kHz,MARS_20160508_100515_resampled_32kHz.wav,255.0,260.0,orca_call,2.675288
253431,MARS_20160501_20160531_32kHz,MARS_20160508_100515_resampled_32kHz.wav,260.0,265.0,orca_call,1.4771197
253433,MARS_20160501_20160531_32kHz,MARS_20160508_100515_resampled_32kHz.wav,270.0,275.0,orca_call,2.6336982
253434,MARS_20160501_20160531_32kHz,MARS_20160508_100515_resampled_32kHz.wav,275.0,280.0,orca_call,1.8065827
253435,MARS_20160501_20160531_32kHz,MARS_20160508_100515_resampled_32kHz.wav,280.0,285.0,orca_call,1.2562203
253438,MARS_20160501_20160531_32kHz,MARS_20160508_100515_resampled_32kHz.wav,295.0,300.0,orca_call,2.925878
253450,MARS_20160501_20160531_32kHz,MARS_20160508_100515_resampled_32kHz.wav,355.0,360.0,orca_call,2.59758
253453,MARS_20160501_20160531_32kHz,MARS_20160508_100515_resampled_32kHz.wav,370.0,375.0,orca_call,1.1177936
253455,MARS_20160501_20160531_32kHz,MARS_20160508_100515_resampled_32kHz.wav,380.0,385.0,orca_call,0.198
253456,MARS_20160501_20160531_32kHz,MARS_20160508_100515_resampled_32kHz.wav,385.0,390.0,orca_call,1.163727
253457,MARS_20160501_20160531_32kHz,MARS_20160508_100515_resampled_32kHz.wav,390.0,395.0,orca_call,2.0407503
253466,MARS_20160501_20160531_32kHz,MARS_20160508_100515_resampled_32kHz.wav,435.0,440.0,orca_call,1.7946725
253470,MARS_20160501_20160531_32kHz,MARS_20160508_100515_resampled_32kHz.wav,455.0,460.0,orca_call,1.3515213
260249,MARS_20160501_20160531_32kHz,MARS_20160512_160934_resampled_32kHz.wav,150.0,155.0,orca_call,1.0479646
260253,MARS_20160501_20160531_32kHz,MARS_20160512_160934_resampled_32kHz.wav,170.0,175.0,orca_call,0.6926842
260269,MARS_20160501_20160531_32kHz,MARS_20160512_160934_resampled_32kHz.wav,250.0,255.0,orca_call,0.9832685
260273,MARS_20160501_20160531_32kHz,MARS_20160512_160934_resampled_32kHz.wav,270.0,275.0,orca_call,0.31361556
260280,MARS_20160501_20160531_32kHz,MARS_20160512_160934_resampled_32kHz.wav,305.0,310.0,orca_call,2.2887483
260288,MARS_20160501_20160531_32kHz,MARS_20160512_160934_resampled_32kHz.wav,345.0,350.0,orca_call,0.18927507
260290,MARS_20160501_20160531_32kHz,MARS_20160512_160934_resampled_32kHz.wav,355.0,360.0,orca_call,0.48760438
260293,MARS_20160501_20160531_32kHz,MARS_20160512_160934_resampled_32kHz.wav,370.0,375.0,orca_call,0.13220133
260294,MARS_20160501_20160531_32kHz,MARS_20160512_160934_resampled_32kHz.wav,375.0,380.0,orca_call,1.4520233
260295,MARS_20160501_20160531_32kHz,MARS_20160512_160934_resampled_32kHz.wav,380.0,385.0,orca_call,0.5557692
260301,MARS_20160501_20160531_32kHz,MARS_20160512_160934_resampled_32kHz.wav,410.0,415.0,orca_call,0.84462255
260302,MARS_20160501_20160531_32kHz,MARS_20160512_160934_resampled_32kHz.wav,415.0,420.0,orca_call,1.3728893
260306,MARS_20160501_20160531_32kHz,MARS_20160512_160934_resampled_32kHz.wav,435.0,440.0,orca_call,0.6950437
260307,MARS_20160501_20160531_32kHz,MARS_20160512_160934_resampled_32kHz.wav,440.0,445.0,orca_call,0.14628606
260312,MARS_20160501_20160531_32kHz,MARS_20160512_160934_resampled_32kHz.wav,465.0,470.0,orca_call,0.35715652
260313,MARS_20160501_20160531_32kHz,MARS_20160512_160934_resampled_32kHz.wav,470.0,475.0,orca_call,0.6511922
260318,MARS_20160501_20160531_32kHz,MARS_20160512_160934_resampled_32kHz.wav,495.0,500.0,orca_call,0.121746644
260333,MARS_20160501_20160531_32kHz,MARS_20160512_160934_resampled_32kHz.wav,570.0,575.0,orca_call,1.6468468
260335,MARS_20160501_20160531_32kHz,MARS_20160512_160934_resampled_32kHz.wav,580.0,585.0,orca_call,1.1779335
261428,MARS_20160501_20160531_32kHz,MARS_20160510_003203_resampled_32kHz.wav,45.0,50.0,orca_call,1.1749506
261448,MARS_20160501_20160531_32kHz,MARS_20160510_003203_resampled_32kHz.wav,145.0,150.0,orca_call,0.08503491
265418,MARS_20160501_20160531_32kHz,MARS_20160508_063515_resampled_32kHz.wav,195.0,200.0,orca_call,1.3613311
265447,MARS_20160501_20160531_32kHz,MARS_20160508_063515_resampled_32kHz.wav,340.0,345.0,orca_call,0.6078446
266266,MARS_20160501_20160531_32kHz,MARS_20160507_090516_resampled_32kHz.wav,235.0,240.0,orca_call,0.6599431
270300,MARS_20160501_20160531_32kHz,MARS_20160512_050934_resampled_32kHz.wav,5.0,10.0,orca_call,0.5250592
270301,MARS_20160501_20160531_32kHz,MARS_20160512_050934_resampled_32kHz.wav,10.0,15.0,orca_call,1.3598347
270302,MARS_20160501_20160531_32kHz,MARS_20160512_050934_resampled_32kHz.wav,15.0,20.0,orca_call,1.6349578
270303,MARS_20160501_20160531_32kHz,MARS_20160512_050934_resampled_32kHz.wav,20.0,25.0,orca_call,0.22183244
270304,MARS_20160501_20160531_32kHz,MARS_20160512_050934_resampled_32kHz.wav,25.0,30.0,orca_call,1.2304338
270309,MARS_20160501_20160531_32kHz,MARS_20160512_050934_resampled_32kHz.wav,50.0,55.0,orca_call,1.3597183
270310,MARS_20160501_20160531_32kHz,MARS_20160512_050934_resampled_32kHz.wav,55.0,60.0,orca_call,1.0592476
270329,MARS_20160501_20160531_32kHz,MARS_20160512_050934_resampled_32kHz.wav,150.0,155.0,orca_call,0.92268825
270430,MARS_20160501_20160531_32kHz,MARS_20160508_114515_resampled_32kHz.wav,55.0,60.0,orca_call,0.77770543
270443,MARS_20160501_20160531_32kHz,MARS_20160508_114515_resampled_32kHz.wav,120.0,125.0,orca_call,1.1645812
270444,MARS_20160501_20160531_32kHz,MARS_20160508_114515_resampled_32kHz.wav,125.0,130.0,orca_call,2.5843232
270446,MARS_20160501_20160531_32kHz,MARS_20160508_114515_resampled_32kHz.wav,135.0,140.0,orca_call,0.22800802
270470,MARS_20160501_20160531_32kHz,MARS_20160508_114515_resampled_32kHz.wav,255.0,260.0,orca_call,0.1922323
270490,MARS_20160501_20160531_32kHz,MARS_20160508_114515_resampled_32kHz.wav,355.0,360.0,orca_call,1.788635
270506,MARS_20160501_20160531_32kHz,MARS_20160508_114515_resampled_32kHz.wav,435.0,440.0,orca_call,0.26953524
270508,MARS_20160501_20160531_32kHz,MARS_20160508_114515_resampled_32kHz.wav,445.0,450.0,orca_call,1.8484035
270817,MARS_20160501_20160531_32kHz,MARS_20160505_083740_resampled_32kHz.wav,190.0,195.0,orca_call,0.088820994
272208,MARS_20160501_20160531_32kHz,MARS_20160510_184936_resampled_32kHz.wav,545.0,550.0,orca_call,0.525419
273380,MARS_20160501_20160531_32kHz,MARS_20160506_073836_resampled_32kHz.wav,405.0,410.0,orca_call,0.2417302
273385,MARS_20160501_20160531_32kHz,MARS_20160506_073836_resampled_32kHz.wav,430.0,435.0,orca_call,0.46174067
273777,MARS_20160501_20160531_32kHz,MARS_20160525_162002_resampled_32kHz.wav,590.0,595.0,orca_call,2.2627485
273778,MARS_20160501_20160531_32kHz,MARS_20160525_162002_resampled_32kHz.wav,595.0,600.0,orca_call,2.8482182
273787,MARS_20160501_20160531_32kHz,MARS_20160504_153939_resampled_32kHz.wav,40.0,45.0,orca_call,0.26992536
274398,MARS_20160501_20160531_32kHz,MARS_20160524_151003_resampled_32kHz.wav,95.0,100.0,orca_call,0.19284408
274491,MARS_20160501_20160531_32kHz,MARS_20160524_151003_resampled_32kHz.wav,560.0,565.0,orca_call,0.6303346
276908,MARS_20160501_20160531_32kHz,MARS_20160504_154939_resampled_32kHz.wav,45.0,50.0,orca_call,1.0576181
276910,MARS_20160501_20160531_32kHz,MARS_20160504_154939_resampled_32kHz.wav,55.0,60.0,orca_call,3.175629
276917,MARS_20160501_20160531_32kHz,MARS_20160504_154939_resampled_32kHz.wav,90.0,95.0,orca_call,1.0698146
276950,MARS_20160501_20160531_32kHz,MARS_20160504_154939_resampled_32kHz.wav,255.0,260.0,orca_call,1.3695332
277535,MARS_20160501_20160531_32kHz,MARS_20160505_091740_resampled_32kHz.wav,180.0,185.0,orca_call,0.30510765
277537,MARS_20160501_20160531_32kHz,MARS_20160505_091740_resampled_32kHz.wav,190.0,195.0,orca_call,0.052368075
280059,MARS_20160501_20160531_32kHz,MARS_20160504_202938_resampled_32kHz.wav,200.0,205.0,orca_call,0.718757
283711,MARS_20160501_20160531_32kHz,MARS_20160512_053934_resampled_32kHz.wav,460.0,465.0,orca_call,0.660709
285313,MARS_20160501_20160531_32kHz,MARS_20160505_085740_resampled_32kHz.wav,70.0,75.0,orca_call,1.3310107
285321,MARS_20160501_20160531_32kHz,MARS_20160505_085740_resampled_32kHz.wav,110.0,115.0,orca_call,0.19395809
285325,MARS_20160501_20160531_32kHz,MARS_20160505_085740_resampled_32kHz.wav,130.0,135.0,orca_call,0.35209125
285328,MARS_20160501_20160531_32kHz,MARS_20160505_085740_resampled_32kHz.wav,145.0,150.0,orca_call,1.056885
285333,MARS_20160501_20160531_32kHz,MARS_20160505_085740_resampled_32kHz.wav,170.0,175.0,orca_call,1.0666565
285338,MARS_20160501_20160531_32kHz,MARS_20160505_085740_resampled_32kHz.wav,195.0,200.0,orca_call,0.8261211
286500,MARS_20160501_20160531_32kHz,MARS_20160508_120515_resampled_32kHz.wav,5.0,10.0,orca_call,2.533428
286548,MARS_20160501_20160531_32kHz,MARS_20160508_120515_resampled_32kHz.wav,245.0,250.0,orca_call,1.3464239
286555,MARS_20160501_20160531_32kHz,MARS_20160508_120515_resampled_32kHz.wav,280.0,285.0,orca_call,0.35896724
287364,MARS_20160501_20160531_32kHz,MARS_20160505_065740_resampled_32kHz.wav,125.0,130.0,orca_call,0.35029662
287393,MARS_20160501_20160531_32kHz,MARS_20160505_065740_resampled_32kHz.wav,270.0,275.0,orca_call,0.7447315
287396,MARS_20160501_20160531_32kHz,MARS_20160505_065740_resampled_32kHz.wav,285.0,290.0,orca_call,0.32552648
289427,MARS_20160501_20160531_32kHz,MARS_20160524_125003_resampled_32kHz.wav,240.0,245.0,orca_call,1.3849702
292479,MARS_20160501_20160531_32kHz,MARS_20160523_153004_resampled_32kHz.wav,500.0,505.0,orca_call,0.32285744
293361,MARS_20160501_20160531_32kHz,MARS_20160510_035203_resampled_32kHz.wav,265.0,270.0,orca_call,2.0090804
293363,MARS_20160501_20160531_32kHz,MARS_20160510_035203_resampled_32kHz.wav,275.0,280.0,orca_call,1.3763624
293370,MARS_20160501_20160531_32kHz,MARS_20160510_035203_resampled_32kHz.wav,310.0,315.0,orca_call,1.8989322
293374,MARS_20160501_20160531_32kHz,MARS_20160510_035203_resampled_32kHz.wav,330.0,335.0,orca_call,0.81695986
293375,MARS_20160501_20160531_32kHz,MARS_20160510_035203_resampled_32kHz.wav,335.0,340.0,orca_call,0.10336134
294504,MARS_20160501_20160531_32kHz,MARS_20160505_152740_resampled_32kHz.wav,580.0,585.0,orca_call,0.5538348
298016,MARS_20160501_20160531_32kHz,MARS_20160505_051740_resampled_32kHz.wav,140.0,145.0,orca_call,0.65316695
299968,MARS_20160501_20160531_32kHz,MARS_20160508_083515_resampled_32kHz.wav,300.0,305.0,orca_call,2.7813292
299970,MARS_20160501_20160531_32kHz,MARS_20160508_083515_resampled_32kHz.wav,310.0,315.0,orca_call,1.4231647
299999,MARS_20160501_20160531_32kHz,MARS_20160508_083515_resampled_32kHz.wav,455.0,460.0,orca_call,0.4664086
300004,MARS_20160501_20160531_32kHz,MARS_20160508_083515_resampled_32kHz.wav,480.0,485.0,orca_call,0.43143457
300016,MARS_20160501_20160531_32kHz,MARS_20160508_083515_resampled_32kHz.wav,540.0,545.0,orca_call,1.0522721
300021,MARS_20160501_20160531_32kHz,MARS_20160508_083515_resampled_32kHz.wav,565.0,570.0,orca_call,0.33278978
300024,MARS_20160501_20160531_32kHz,MARS_20160508_083515_resampled_32kHz.wav,580.0,585.0,orca_call,1.4545987
300128,MARS_20160501_20160531_32kHz,MARS_20160518_193845_resampled_32kHz.wav,500.0,505.0,orca_call,0.9598818
302790,MARS_20160501_20160531_32kHz,MARS_20160505_093740_resampled_32kHz.wav,10.0,15.0,orca_call,0.54108274
302796,MARS_20160501_20160531_32kHz,MARS_20160505_093740_resampled_32kHz.wav,40.0,45.0,orca_call,1.9630356
302801,MARS_20160501_20160531_32kHz,MARS_20160505_093740_resampled_32kHz.wav,65.0,70.0,orca_call,0.76514184
304187,MARS_20160501_20160531_32kHz,MARS_20160505_121740_resampled_32kHz.wav,395.0,400.0,orca_call,1.2919041
304576,MARS_20160501_20160531_32kHz,MARS_20160504_233938_resampled_32kHz.wav,540.0,545.0,orca_call,1.6134977
305939,MARS_20160501_20160531_32kHz,MARS_20160508_101515_resampled_32kHz.wav,155.0,160.0,orca_call,2.7217991
305941,MARS_20160501_20160531_32kHz,MARS_20160508_101515_resampled_32kHz.wav,165.0,170.0,orca_call,0.47947395
305944,MARS_20160501_20160531_32kHz,MARS_20160508_101515_resampled_32kHz.wav,180.0,185.0,orca_call,2.029395
306061,MARS_20160501_20160531_32kHz,MARS_20160522_203005_resampled_32kHz.wav,165.0,170.0,orca_call,0.3656612
306069,MARS_20160501_20160531_32kHz,MARS_20160522_203005_resampled_32kHz.wav,205.0,210.0,orca_call,1.6210704
306084,MARS_20160501_20160531_32kHz,MARS_20160522_203005_resampled_32kHz.wav,280.0,285.0,orca_call,0.11128317
309031,MARS_20160501_20160531_32kHz,MARS_20160512_150934_resampled_32kHz.wav,15.0,20.0,orca_call,0.2055919
312554,MARS_20160501_20160531_32kHz,MARS_20160522_181005_resampled_32kHz.wav,230.0,235.0,orca_call,0.2996202
313108,MARS_20160501_20160531_32kHz,MARS_20160508_084515_resampled_32kHz.wav,0.0,5.0,orca_call,2.6261866
313117,MARS_20160501_20160531_32kHz,MARS_20160508_084515_resampled_32kHz.wav,45.0,50.0,orca_call,2.4997885
313128,MARS_20160501_20160531_32kHz,MARS_20160508_084515_resampled_32kHz.wav,100.0,105.0,orca_call,1.0795227
313139,MARS_20160501_20160531_32kHz,MARS_20160508_084515_resampled_32kHz.wav,155.0,160.0,orca_call,1.0562624
313148,MARS_20160501_20160531_32kHz,MARS_20160508_084515_resampled_32kHz.wav,200.0,205.0,orca_call,1.4283947
313181,MARS_20160501_20160531_32kHz,MARS_20160508_084515_resampled_32kHz.wav,365.0,370.0,orca_call,1.147307
313184,MARS_20160501_20160531_32kHz,MARS_20160508_084515_resampled_32kHz.wav,380.0,385.0,orca_call,0.5789194
313192,MARS_20160501_20160531_32kHz,MARS_20160508_084515_resampled_32kHz.wav,420.0,425.0,orca_call,3.1633058
313193,MARS_20160501_20160531_32kHz,MARS_20160508_084515_resampled_32kHz.wav,425.0,430.0,orca_call,2.7173824
313195,MARS_20160501_20160531_32kHz,MARS_20160508_084515_resampled_32kHz.wav,435.0,440.0,orca_call,0.5199746
313200,MARS_20160501_20160531_32kHz,MARS_20160508_084515_resampled_32kHz.wav,460.0,465.0,orca_call,2.3784363
313210,MARS_20160501_20160531_32kHz,MARS_20160508_084515_resampled_32kHz.wav,510.0,515.0,orca_call,1.3877716
319346,MARS_20160501_20160531_32kHz,MARS_20160505_184739_resampled_32kHz.wav,590.0,595.0,orca_call,0.9167093
322971,MARS_20160501_20160531_32kHz,MARS_20160508_075515_resampled_32kHz.wav,50.0,55.0,orca_call,0.5896558
323527,MARS_20160501_20160531_32kHz,MARS_20160512_215933_resampled_32kHz.wav,430.0,435.0,orca_call,0.004371509
324027,MARS_20160501_20160531_32kHz,MARS_20160525_195001_resampled_32kHz.wav,530.0,535.0,orca_call,0.046495736
328835,MARS_20160501_20160531_32kHz,MARS_20160521_134842_resampled_32kHz.wav,570.0,575.0,orca_call,2.7351854
331268,MARS_20160501_20160531_32kHz,MARS_20160522_184005_resampled_32kHz.wav,135.0,140.0,orca_call,2.3197625
331303,MARS_20160501_20160531_32kHz,MARS_20160522_184005_resampled_32kHz.wav,310.0,315.0,orca_call,1.0833622
331325,MARS_20160501_20160531_32kHz,MARS_20160522_184005_resampled_32kHz.wav,420.0,425.0,orca_call,0.6544882
332682,MARS_20160501_20160531_32kHz,MARS_20160508_094515_resampled_32kHz.wav,5.0,10.0,orca_call,1.8039615
332736,MARS_20160501_20160531_32kHz,MARS_20160508_094515_resampled_32kHz.wav,275.0,280.0,orca_call,0.10275483
332744,MARS_20160501_20160531_32kHz,MARS_20160508_094515_resampled_32kHz.wav,315.0,320.0,orca_call,1.9381986
332752,MARS_20160501_20160531_32kHz,MARS_20160508_094515_resampled_32kHz.wav,355.0,360.0,orca_call,0.08012828
332766,MARS_20160501_20160531_32kHz,MARS_20160508_094515_resampled_32kHz.wav,425.0,430.0,orca_call,1.670399
332773,MARS_20160501_20160531_32kHz,MARS_20160508_094515_resampled_32kHz.wav,460.0,465.0,orca_call,1.5035433
347750,MARS_20160501_20160531_32kHz,MARS_20160507_165515_resampled_32kHz.wav,125.0,130.0,orca_call,0.08810815
347754,MARS_20160501_20160531_32kHz,MARS_20160507_165515_resampled_32kHz.wav,145.0,150.0,orca_call,0.71885264
347761,MARS_20160501_20160531_32kHz,MARS_20160507_165515_resampled_32kHz.wav,180.0,185.0,orca_call,1.6712668
347762,MARS_20160501_20160531_32kHz,MARS_20160507_165515_resampled_32kHz.wav,185.0,190.0,orca_call,2.8654542
347766,MARS_20160501_20160531_32kHz,MARS_20160507_165515_resampled_32kHz.wav,205.0,210.0,orca_call,1.7212976
347767,MARS_20160501_20160531_32kHz,MARS_20160507_165515_resampled_32kHz.wav,210.0,215.0,orca_call,0.92765844
347768,MARS_20160501_20160531_32kHz,MARS_20160507_165515_resampled_32kHz.wav,215.0,220.0,orca_call,3.3839045
347774,MARS_20160501_20160531_32kHz,MARS_20160507_165515_resampled_32kHz.wav,245.0,250.0,orca_call,2.569209
347776,MARS_20160501_20160531_32kHz,MARS_20160507_165515_resampled_32kHz.wav,255.0,260.0,orca_call,0.36694425
347777,MARS_20160501_20160531_32kHz,MARS_20160507_165515_resampled_32kHz.wav,260.0,265.0,orca_call,0.13564439
347782,MARS_20160501_20160531_32kHz,MARS_20160507_165515_resampled_32kHz.wav,285.0,290.0,orca_call,0.26374513
347784,MARS_20160501_20160531_32kHz,MARS_20160507_165515_resampled_32kHz.wav,295.0,300.0,orca_call,0.28623092
347785,MARS_20160501_20160531_32kHz,MARS_20160507_165515_resampled_32kHz.wav,300.0,305.0,orca_call,0.97855985
347787,MARS_20160501_20160531_32kHz,MARS_20160507_165515_resampled_32kHz.wav,310.0,315.0,orca_call,0.4453814
347789,MARS_20160501_20160531_32kHz,MARS_20160507_165515_resampled_32kHz.wav,320.0,325.0,orca_call,1.7919968
347791,MARS_20160501_20160531_32kHz,MARS_20160507_165515_resampled_32kHz.wav,330.0,335.0,orca_call,1.1258014
347795,MARS_20160501_20160531_32kHz,MARS_20160507_165515_resampled_32kHz.wav,350.0,355.0,orca_call,0.27804506
347796,MARS_20160501_20160531_32kHz,MARS_20160507_165515_resampled_32kHz.wav,355.0,360.0,orca_call,0.45140463
347802,MARS_20160501_20160531_32kHz,MARS_20160507_165515_resampled_32kHz.wav,385.0,390.0,orca_call,1.5427845
347805,MARS_20160501_20160531_32kHz,MARS_20160507_165515_resampled_32kHz.wav,400.0,405.0,orca_call,1.8073204
347807,MARS_20160501_20160531_32kHz,MARS_20160507_165515_resampled_32kHz.wav,410.0,415.0,orca_call,1.9762526
347809,MARS_20160501_20160531_32kHz,MARS_20160507_165515_resampled_32kHz.wav,420.0,425.0,orca_call,0.6181427
347810,MARS_20160501_20160531_32kHz,MARS_20160507_165515_resampled_32kHz.wav,425.0,430.0,orca_call,1.1978334
347811,MARS_20160501_20160531_32kHz,MARS_20160507_165515_resampled_32kHz.wav,430.0,435.0,orca_call,1.9329488
347812,MARS_20160501_20160531_32kHz,MARS_20160507_165515_resampled_32kHz.wav,435.0,440.0,orca_call,1.9353638
347814,MARS_20160501_20160531_32kHz,MARS_20160507_165515_resampled_32kHz.wav,445.0,450.0,orca_call,0.36340892
347815,MARS_20160501_20160531_32kHz,MARS_20160507_165515_resampled_32kHz.wav,450.0,455.0,orca_call,4.0646577
347817,MARS_20160501_20160531_32kHz,MARS_20160507_165515_resampled_32kHz.wav,460.0,465.0,orca_call,1.7319176
347819,MARS_20160501_20160531_32kHz,MARS_20160507_165515_resampled_32kHz.wav,470.0,475.0,orca_call,1.6652673
347821,MARS_20160501_20160531_32kHz,MARS_20160507_165515_resampled_32kHz.wav,480.0,485.0,orca_call,1.6487558
347823,MARS_20160501_20160531_32kHz,MARS_20160507_165515_resampled_32kHz.wav,490.0,495.0,orca_call,0.012291685
347828,MARS_20160501_20160531_32kHz,MARS_20160507_165515_resampled_32kHz.wav,515.0,520.0,orca_call,1.9565184
347830,MARS_20160501_20160531_32kHz,MARS_20160507_165515_resampled_32kHz.wav,525.0,530.0,orca_call,0.11071825
347841,MARS_20160501_20160531_32kHz,MARS_20160507_165515_resampled_32kHz.wav,580.0,585.0,orca_call,0.18593039
349226,MARS_20160501_20160531_32kHz,MARS_20160504_223938_resampled_32kHz.wav,305.0,310.0,orca_call,0.54656476
349326,MARS_20160501_20160531_32kHz,MARS_20160510_000203_resampled_32kHz.wav,205.0,210.0,orca_call,1.3810341
349332,MARS_20160501_20160531_32kHz,MARS_20160510_000203_resampled_32kHz.wav,235.0,240.0,orca_call,3.5323122
349384,MARS_20160501_20160531_32kHz,MARS_20160510_000203_resampled_32kHz.wav,495.0,500.0,orca_call,2.5853412
349393,MARS_20160501_20160531_32kHz,MARS_20160510_000203_resampled_32kHz.wav,540.0,545.0,orca_call,0.42873675
350635,MARS_20160501_20160531_32kHz,MARS_20160505_094740_resampled_32kHz.wav,150.0,155.0,orca_call,0.5343764
350636,MARS_20160501_20160531_32kHz,MARS_20160505_094740_resampled_32kHz.wav,155.0,160.0,orca_call,1.027235
350669,MARS_20160501_20160531_32kHz,MARS_20160505_094740_resampled_32kHz.wav,320.0,325.0,orca_call,0.70027554
350670,MARS_20160501_20160531_32kHz,MARS_20160505_094740_resampled_32kHz.wav,325.0,330.0,orca_call,3.263744
350680,MARS_20160501_20160531_32kHz,MARS_20160505_094740_resampled_32kHz.wav,375.0,380.0,orca_call,0.9382156
350681,MARS_20160501_20160531_32kHz,MARS_20160505_094740_resampled_32kHz.wav,380.0,385.0,orca_call,0.9277587
350684,MARS_20160501_20160531_32kHz,MARS_20160505_094740_resampled_32kHz.wav,395.0,400.0,orca_call,1.2566258
350738,MARS_20160501_20160531_32kHz,MARS_20160524_003003_resampled_32kHz.wav,65.0,70.0,orca_call,0.5620102
350744,MARS_20160501_20160531_32kHz,MARS_20160524_003003_resampled_32kHz.wav,95.0,100.0,orca_call,1.9833782
350750,MARS_20160501_20160531_32kHz,MARS_20160524_003003_resampled_32kHz.wav,125.0,130.0,orca_call,3.262801
350752,MARS_20160501_20160531_32kHz,MARS_20160524_003003_resampled_32kHz.wav,135.0,140.0,orca_call,0.2597242
350778,MARS_20160501_20160531_32kHz,MARS_20160524_003003_resampled_32kHz.wav,265.0,270.0,orca_call,0.009326756
351365,MARS_20160501_20160531_32kHz,MARS_20160510_062203_resampled_32kHz.wav,200.0,205.0,orca_call,1.7369018
358352,MARS_20160501_20160531_32kHz,MARS_20160522_002842_resampled_32kHz.wav,335.0,340.0,orca_call,0.19531952
358353,MARS_20160501_20160531_32kHz,MARS_20160522_002842_resampled_32kHz.wav,340.0,345.0,orca_call,0.20626955
360685,MARS_20160501_20160531_32kHz,MARS_20160505_142740_resampled_32kHz.wav,0.0,5.0,orca_call,0.08397029
360693,MARS_20160501_20160531_32kHz,MARS_20160505_142740_resampled_32kHz.wav,40.0,45.0,orca_call,2.3893445
360732,MARS_20160501_20160531_32kHz,MARS_20160505_142740_resampled_32kHz.wav,235.0,240.0,orca_call,1.0883733
360733,MARS_20160501_20160531_32kHz,MARS_20160505_142740_resampled_32kHz.wav,240.0,245.0,orca_call,4.182047
360739,MARS_20160501_20160531_32kHz,MARS_20160505_142740_resampled_32kHz.wav,270.0,275.0,orca_call,3.4159179
360754,MARS_20160501_20160531_32kHz,MARS_20160505_142740_resampled_32kHz.wav,345.0,350.0,orca_call,2.9738743
360755,MARS_20160501_20160531_32kHz,MARS_20160505_142740_resampled_32kHz.wav,350.0,355.0,orca_call,0.4664272
360761,MARS_20160501_20160531_32kHz,MARS_20160505_142740_resampled_32kHz.wav,380.0,385.0,orca_call,0.91621625
360764,MARS_20160501_20160531_32kHz,MARS_20160505_142740_resampled_32kHz.wav,395.0,400.0,orca_call,2.46293
360768,MARS_20160501_20160531_32kHz,MARS_20160505_142740_resampled_32kHz.wav,415.0,420.0,orca_call,3.1938925
360769,MARS_20160501_20160531_32kHz,MARS_20160505_142740_resampled_32kHz.wav,420.0,425.0,orca_call,1.3389412
360771,MARS_20160501_20160531_32kHz,MARS_20160505_142740_resampled_32kHz.wav,430.0,435.0,orca_call,3.1397996
360773,MARS_20160501_20160531_32kHz,MARS_20160505_142740_resampled_32kHz.wav,440.0,445.0,orca_call,3.5800378
360776,MARS_20160501_20160531_32kHz,MARS_20160505_142740_resampled_32kHz.wav,455.0,460.0,orca_call,2.0710938
360781,MARS_20160501_20160531_32kHz,MARS_20160505_142740_resampled_32kHz.wav,480.0,485.0,orca_call,0.0060218275
360784,MARS_20160501_20160531_32kHz,MARS_20160505_142740_resampled_32kHz.wav,495.0,500.0,orca_call,0.47762924
364674,MARS_20160501_20160531_32kHz,MARS_20160512_051934_resampled_32kHz.wav,145.0,150.0,orca_call,0.14332028
364890,MARS_20160501_20160531_32kHz,MARS_20160522_201005_resampled_32kHz.wav,25.0,30.0,orca_call,1.0089594
364959,MARS_20160501_20160531_32kHz,MARS_20160522_201005_resampled_32kHz.wav,370.0,375.0,orca_call,1.8933942
364968,MARS_20160501_20160531_32kHz,MARS_20160522_201005_resampled_32kHz.wav,415.0,420.0,orca_call,0.8283577
364984,MARS_20160501_20160531_32kHz,MARS_20160522_201005_resampled_32kHz.wav,495.0,500.0,orca_call,1.0548207
369326,MARS_20160501_20160531_32kHz,MARS_20160512_123934_resampled_32kHz.wav,5.0,10.0,orca_call,0.054185674
369746,MARS_20160501_20160531_32kHz,MARS_20160524_002003_resampled_32kHz.wav,305.0,310.0,orca_call,0.015487716
369761,MARS_20160501_20160531_32kHz,MARS_20160524_002003_resampled_32kHz.wav,380.0,385.0,orca_call,1.0135089
369767,MARS_20160501_20160531_32kHz,MARS_20160524_002003_resampled_32kHz.wav,410.0,415.0,orca_call,1.7615552
369783,MARS_20160501_20160531_32kHz,MARS_20160524_002003_resampled_32kHz.wav,490.0,495.0,orca_call,1.3619375
369799,MARS_20160501_20160531_32kHz,MARS_20160524_002003_resampled_32kHz.wav,570.0,575.0,orca_call,1.2404854
369800,MARS_20160501_20160531_32kHz,MARS_20160524_002003_resampled_32kHz.wav,575.0,580.0,orca_call,0.6636331
369802,MARS_20160501_20160531_32kHz,MARS_20160524_002003_resampled_32kHz.wav,585.0,590.0,orca_call,0.5642445
370753,MARS_20160501_20160531_32kHz,MARS_20160527_160353_resampled_32kHz.wav,540.0,545.0,orca_call,0.7837539
370754,MARS_20160501_20160531_32kHz,MARS_20160527_160353_resampled_32kHz.wav,545.0,550.0,orca_call,1.7074335
370755,MARS_20160501_20160531_32kHz,MARS_20160527_160353_resampled_32kHz.wav,550.0,555.0,orca_call,1.0715935
370758,MARS_20160501_20160531_32kHz,MARS_20160527_160353_resampled_32kHz.wav,565.0,570.0,orca_call,0.85515726
373651,MARS_20160501_20160531_32kHz,MARS_20160522_191005_resampled_32kHz.wav,30.0,35.0,orca_call,1.0542148
374387,MARS_20160501_20160531_32kHz,MARS_20160512_141934_resampled_32kHz.wav,110.0,115.0,orca_call,2.364726
374395,MARS_20160501_20160531_32kHz,MARS_20160512_141934_resampled_32kHz.wav,150.0,155.0,orca_call,0.005923182
374398,MARS_20160501_20160531_32kHz,MARS_20160512_141934_resampled_32kHz.wav,165.0,170.0,orca_call,1.6583203
374405,MARS_20160501_20160531_32kHz,MARS_20160512_141934_resampled_32kHz.wav,200.0,205.0,orca_call,0.57859194
374418,MARS_20160501_20160531_32kHz,MARS_20160512_141934_resampled_32kHz.wav,265.0,270.0,orca_call,0.62783545
374419,MARS_20160501_20160531_32kHz,MARS_20160512_141934_resampled_32kHz.wav,270.0,275.0,orca_call,2.3352284
374424,MARS_20160501_20160531_32kHz,MARS_20160512_141934_resampled_32kHz.wav,295.0,300.0,orca_call,2.318335
374425,MARS_20160501_20160531_32kHz,MARS_20160512_141934_resampled_32kHz.wav,300.0,305.0,orca_call,2.811607
374434,MARS_20160501_20160531_32kHz,MARS_20160512_141934_resampled_32kHz.wav,345.0,350.0,orca_call,1.1880959
374445,MARS_20160501_20160531_32kHz,MARS_20160512_141934_resampled_32kHz.wav,400.0,405.0,orca_call,0.34772182
374472,MARS_20160501_20160531_32kHz,MARS_20160512_141934_resampled_32kHz.wav,535.0,540.0,orca_call,0.65392137
375205,MARS_20160501_20160531_32kHz,MARS_20160512_065934_resampled_32kHz.wav,0.0,5.0,orca_call,1.0794781
375208,MARS_20160501_20160531_32kHz,MARS_20160512_065934_resampled_32kHz.wav,15.0,20.0,orca_call,2.710061
375210,MARS_20160501_20160531_32kHz,MARS_20160512_065934_resampled_32kHz.wav,25.0,30.0,orca_call,0.22709061
375211,MARS_20160501_20160531_32kHz,MARS_20160512_065934_resampled_32kHz.wav,30.0,35.0,orca_call,2.0124698
375212,MARS_20160501_20160531_32kHz,MARS_20160512_065934_resampled_32kHz.wav,35.0,40.0,orca_call,1.7446746
375213,MARS_20160501_20160531_32kHz,MARS_20160512_065934_resampled_32kHz.wav,40.0,45.0,orca_call,4.6311383
375217,MARS_20160501_20160531_32kHz,MARS_20160512_065934_resampled_32kHz.wav,60.0,65.0,orca_call,1.1311666
375218,MARS_20160501_20160531_32kHz,MARS_20160512_065934_resampled_32kHz.wav,65.0,70.0,orca_call,0.44115698
375219,MARS_20160501_20160531_32kHz,MARS_20160512_065934_resampled_32kHz.wav,70.0,75.0,orca_call,4.2251444
375220,MARS_20160501_20160531_32kHz,MARS_20160512_065934_resampled_32kHz.wav,75.0,80.0,orca_call,3.1768591
375221,MARS_20160501_20160531_32kHz,MARS_20160512_065934_resampled_32kHz.wav,80.0,85.0,orca_call,2.047667
375223,MARS_20160501_20160531_32kHz,MARS_20160512_065934_resampled_32kHz.wav,90.0,95.0,orca_call,0.47166902
375224,MARS_20160501_20160531_32kHz,MARS_20160512_065934_resampled_32kHz.wav,95.0,100.0,orca_call,5.138897
375225,MARS_20160501_20160531_32kHz,MARS_20160512_065934_resampled_32kHz.wav,100.0,105.0,orca_call,1.5412406
375227,MARS_20160501_20160531_32kHz,MARS_20160512_065934_resampled_32kHz.wav,110.0,115.0,orca_call,2.9599597
375228,MARS_20160501_20160531_32kHz,MARS_20160512_065934_resampled_32kHz.wav,115.0,120.0,orca_call,2.7193391
375230,MARS_20160501_20160531_32kHz,MARS_20160512_065934_resampled_32kHz.wav,125.0,130.0,orca_call,3.365113
375232,MARS_20160501_20160531_32kHz,MARS_20160512_065934_resampled_32kHz.wav,135.0,140.0,orca_call,1.4407136
375236,MARS_20160501_20160531_32kHz,MARS_20160512_065934_resampled_32kHz.wav,155.0,160.0,orca_call,1.5214826
375237,MARS_20160501_20160531_32kHz,MARS_20160512_065934_resampled_32kHz.wav,160.0,165.0,orca_call,2.5729363
375239,MARS_20160501_20160531_32kHz,MARS_20160512_065934_resampled_32kHz.wav,170.0,175.0,orca_call,0.83192676
375241,MARS_20160501_20160531_32kHz,MARS_20160512_065934_resampled_32kHz.wav,180.0,185.0,orca_call,1.177387
375242,MARS_20160501_20160531_32kHz,MARS_20160512_065934_resampled_32kHz.wav,185.0,190.0,orca_call,1.474303
375245,MARS_20160501_20160531_32kHz,MARS_20160512_065934_resampled_32kHz.wav,200.0,205.0,orca_call,2.6917892
375254,MARS_20160501_20160531_32kHz,MARS_20160512_065934_resampled_32kHz.wav,245.0,250.0,orca_call,0.17771764
375257,MARS_20160501_20160531_32kHz,MARS_20160512_065934_resampled_32kHz.wav,260.0,265.0,orca_call,3.4588175
375259,MARS_20160501_20160531_32kHz,MARS_20160512_065934_resampled_32kHz.wav,270.0,275.0,orca_call,1.6141212
375260,MARS_20160501_20160531_32kHz,MARS_20160512_065934_resampled_32kHz.wav,275.0,280.0,orca_call,1.3888353
375262,MARS_20160501_20160531_32kHz,MARS_20160512_065934_resampled_32kHz.wav,285.0,290.0,orca_call,2.59565
375265,MARS_20160501_20160531_32kHz,MARS_20160512_065934_resampled_32kHz.wav,300.0,305.0,orca_call,4.380703
375276,MARS_20160501_20160531_32kHz,MARS_20160512_065934_resampled_32kHz.wav,355.0,360.0,orca_call,1.807572
375285,MARS_20160501_20160531_32kHz,MARS_20160512_065934_resampled_32kHz.wav,400.0,405.0,orca_call,1.547101
375286,MARS_20160501_20160531_32kHz,MARS_20160512_065934_resampled_32kHz.wav,405.0,410.0,orca_call,2.9162102
375293,MARS_20160501_20160531_32kHz,MARS_20160512_065934_resampled_32kHz.wav,440.0,445.0,orca_call,0.97817516
375295,MARS_20160501_20160531_32kHz,MARS_20160512_065934_resampled_32kHz.wav,450.0,455.0,orca_call,0.8762975
375296,MARS_20160501_20160531_32kHz,MARS_20160512_065934_resampled_32kHz.wav,455.0,460.0,orca_call,1.6967244
375297,MARS_20160501_20160531_32kHz,MARS_20160512_065934_resampled_32kHz.wav,460.0,465.0,orca_call,1.3247713
375298,MARS_20160501_20160531_32kHz,MARS_20160512_065934_resampled_32kHz.wav,465.0,470.0,orca_call,1.256494
375299,MARS_20160501_20160531_32kHz,MARS_20160512_065934_resampled_32kHz.wav,470.0,475.0,orca_call,3.454178
375301,MARS_20160501_20160531_32kHz,MARS_20160512_065934_resampled_32kHz.wav,480.0,485.0,orca_call,1.6081737
375307,MARS_20160501_20160531_32kHz,MARS_20160512_065934_resampled_32kHz.wav,510.0,515.0,orca_call,1.7368214
375308,MARS_20160501_20160531_32kHz,MARS_20160512_065934_resampled_32kHz.wav,515.0,520.0,orca_call,2.1231503
375309,MARS_20160501_20160531_32kHz,MARS_20160512_065934_resampled_32kHz.wav,520.0,525.0,orca_call,1.4937981
375311,MARS_20160501_20160531_32kHz,MARS_20160512_065934_resampled_32kHz.wav,530.0,535.0,orca_call,0.4828201
375314,MARS_20160501_20160531_32kHz,MARS_20160512_065934_resampled_32kHz.wav,545.0,550.0,orca_call,0.7638802
375315,MARS_20160501_20160531_32kHz,MARS_20160512_065934_resampled_32kHz.wav,550.0,555.0,orca_call,0.5134536
375317,MARS_20160501_20160531_32kHz,MARS_20160512_065934_resampled_32kHz.wav,560.0,565.0,orca_call,1.26341
375318,MARS_20160501_20160531_32kHz,MARS_20160512_065934_resampled_32kHz.wav,565.0,570.0,orca_call,4.160472
375320,MARS_20160501_20160531_32kHz,MARS_20160512_065934_resampled_32kHz.wav,575.0,580.0,orca_call,1.4733957
375321,MARS_20160501_20160531_32kHz,MARS_20160512_065934_resampled_32kHz.wav,580.0,585.0,orca_call,0.45884675
375322,MARS_20160501_20160531_32kHz,MARS_20160512_065934_resampled_32kHz.wav,585.0,590.0,orca_call,1.4354923
376152,MARS_20160501_20160531_32kHz,MARS_20160513_200933_resampled_32kHz.wav,530.0,535.0,orca_call,1.2804977
377143,MARS_20160501_20160531_32kHz,MARS_20160504_183939_resampled_32kHz.wav,85.0,90.0,orca_call,0.09195717
377152,MARS_20160501_20160531_32kHz,MARS_20160504_183939_resampled_32kHz.wav,130.0,135.0,orca_call,0.91720605
377157,MARS_20160501_20160531_32kHz,MARS_20160504_183939_resampled_32kHz.wav,155.0,160.0,orca_call,1.5461081
377488,MARS_20160501_20160531_32kHz,MARS_20160512_140934_resampled_32kHz.wav,10.0,15.0,orca_call,0.06193392
377489,MARS_20160501_20160531_32kHz,MARS_20160512_140934_resampled_32kHz.wav,15.0,20.0,orca_call,0.6243862
377492,MARS_20160501_20160531_32kHz,MARS_20160512_140934_resampled_32kHz.wav,30.0,35.0,orca_call,1.0407705
377497,MARS_20160501_20160531_32kHz,MARS_20160512_140934_resampled_32kHz.wav,55.0,60.0,orca_call,0.295079
377500,MARS_20160501_20160531_32kHz,MARS_20160512_140934_resampled_32kHz.wav,70.0,75.0,orca_call,1.0406613
377501,MARS_20160501_20160531_32kHz,MARS_20160512_140934_resampled_32kHz.wav,75.0,80.0,orca_call,1.5634868
377502,MARS_20160501_20160531_32kHz,MARS_20160512_140934_resampled_32kHz.wav,80.0,85.0,orca_call,1.2513839
377503,MARS_20160501_20160531_32kHz,MARS_20160512_140934_resampled_32kHz.wav,85.0,90.0,orca_call,1.7215849
377504,MARS_20160501_20160531_32kHz,MARS_20160512_140934_resampled_32kHz.wav,90.0,95.0,orca_call,0.5698961
377505,MARS_20160501_20160531_32kHz,MARS_20160512_140934_resampled_32kHz.wav,95.0,100.0,orca_call,0.8837023
377509,MARS_20160501_20160531_32kHz,MARS_20160512_140934_resampled_32kHz.wav,115.0,120.0,orca_call,0.97521734
377514,MARS_20160501_20160531_32kHz,MARS_20160512_140934_resampled_32kHz.wav,140.0,145.0,orca_call,0.7282938
377519,MARS_20160501_20160531_32kHz,MARS_20160512_140934_resampled_32kHz.wav,165.0,170.0,orca_call,0.7233599
377524,MARS_20160501_20160531_32kHz,MARS_20160512_140934_resampled_32kHz.wav,190.0,195.0,orca_call,0.043821156
377528,MARS_20160501_20160531_32kHz,MARS_20160512_140934_resampled_32kHz.wav,210.0,215.0,orca_call,0.44836593
377534,MARS_20160501_20160531_32kHz,MARS_20160512_140934_resampled_32kHz.wav,240.0,245.0,orca_call,0.39513785
377539,MARS_20160501_20160531_32kHz,MARS_20160512_140934_resampled_32kHz.wav,265.0,270.0,orca_call,0.032411143
377541,MARS_20160501_20160531_32kHz,MARS_20160512_140934_resampled_32kHz.wav,275.0,280.0,orca_call,0.07499017
377546,MARS_20160501_20160531_32kHz,MARS_20160512_140934_resampled_32kHz.wav,300.0,305.0,orca_call,0.26929057
377550,MARS_20160501_20160531_32kHz,MARS_20160512_140934_resampled_32kHz.wav,320.0,325.0,orca_call,1.9321582
377553,MARS_20160501_20160531_32kHz,MARS_20160512_140934_resampled_32kHz.wav,335.0,340.0,orca_call,0.5528752
377557,MARS_20160501_20160531_32kHz,MARS_20160512_140934_resampled_32kHz.wav,355.0,360.0,orca_call,1.1713797
377558,MARS_20160501_20160531_32kHz,MARS_20160512_140934_resampled_32kHz.wav,360.0,365.0,orca_call,1.2097529
377560,MARS_20160501_20160531_32kHz,MARS_20160512_140934_resampled_32kHz.wav,370.0,375.0,orca_call,0.24788295
377561,MARS_20160501_20160531_32kHz,MARS_20160512_140934_resampled_32kHz.wav,375.0,380.0,orca_call,1.0969868
377564,MARS_20160501_20160531_32kHz,MARS_20160512_140934_resampled_32kHz.wav,390.0,395.0,orca_call,0.022971258
381571,MARS_20160501_20160531_32kHz,MARS_20160522_045841_resampled_32kHz.wav,25.0,30.0,orca_call,0.55718225
386148,MARS_20160501_20160531_32kHz,MARS_20160522_185005_resampled_32kHz.wav,110.0,115.0,orca_call,2.407753
386156,MARS_20160501_20160531_32kHz,MARS_20160522_185005_resampled_32kHz.wav,150.0,155.0,orca_call,1.8588347
386158,MARS_20160501_20160531_32kHz,MARS_20160522_185005_resampled_32kHz.wav,160.0,165.0,orca_call,0.014825508
386159,MARS_20160501_20160531_32kHz,MARS_20160522_185005_resampled_32kHz.wav,165.0,170.0,orca_call,2.1861184
386164,MARS_20160501_20160531_32kHz,MARS_20160522_185005_resampled_32kHz.wav,190.0,195.0,orca_call,1.4733024
386170,MARS_20160501_20160531_32kHz,MARS_20160522_185005_resampled_32kHz.wav,220.0,225.0,orca_call,0.1661477
386197,MARS_20160501_20160531_32kHz,MARS_20160522_185005_resampled_32kHz.wav,355.0,360.0,orca_call,0.98778737
387482,MARS_20160501_20160531_32kHz,MARS_20160510_001203_resampled_32kHz.wav,180.0,185.0,orca_call,1.1693106
387483,MARS_20160501_20160531_32kHz,MARS_20160510_001203_resampled_32kHz.wav,185.0,190.0,orca_call,0.10302444
387487,MARS_20160501_20160531_32kHz,MARS_20160510_001203_resampled_32kHz.wav,205.0,210.0,orca_call,2.1157694
387491,MARS_20160501_20160531_32kHz,MARS_20160510_001203_resampled_32kHz.wav,225.0,230.0,orca_call,0.25681132
387496,MARS_20160501_20160531_32kHz,MARS_20160510_001203_resampled_32kHz.wav,250.0,255.0,orca_call,2.1235423
387511,MARS_20160501_20160531_32kHz,MARS_20160510_001203_resampled_32kHz.wav,325.0,330.0,orca_call,0.5396271
388540,MARS_20160501_20160531_32kHz,MARS_20160518_130857_resampled_32kHz.wav,70.0,75.0,orca_call,0.14900593
389011,MARS_20160501_20160531_32kHz,MARS_20160510_145202_resampled_32kHz.wav,25.0,30.0,orca_call,0.44767374
390153,MARS_20160501_20160531_32kHz,MARS_20160530_092350_resampled_32kHz.wav,335.0,340.0,orca_call,0.084543526
392168,MARS_20160501_20160531_32kHz,MARS_20160529_020351_resampled_32kHz.wav,210.0,215.0,orca_call,0.31883126
392169,MARS_20160501_20160531_32kHz,MARS_20160529_020351_resampled_32kHz.wav,215.0,220.0,orca_call,2.4993267
394233,MARS_20160501_20160531_32kHz,MARS_20160505_090740_resampled_32kHz.wav,335.0,340.0,orca_call,0.3970334
394264,MARS_20160501_20160531_32kHz,MARS_20160505_090740_resampled_32kHz.wav,490.0,495.0,orca_call,1.0098162
394270,MARS_20160501_20160531_32kHz,MARS_20160505_090740_resampled_32kHz.wav,520.0,525.0,orca_call,1.9398799
395930,MARS_20160501_20160531_32kHz,MARS_20160521_073842_resampled_32kHz.wav,420.0,425.0,orca_call,0.57077897
395933,MARS_20160501_20160531_32kHz,MARS_20160521_073842_resampled_32kHz.wav,435.0,440.0,orca_call,1.1361651
398559,MARS_20160501_20160531_32kHz,MARS_20160504_175939_resampled_32kHz.wav,365.0,370.0,orca_call,0.9699969
398560,MARS_20160501_20160531_32kHz,MARS_20160504_175939_resampled_32kHz.wav,370.0,375.0,orca_call,0.12412362
398599,MARS_20160501_20160531_32kHz,MARS_20160504_175939_resampled_32kHz.wav,565.0,570.0,orca_call,1.5772183
399089,MARS_20160501_20160531_32kHz,MARS_20160508_064515_resampled_32kHz.wav,15.0,20.0,orca_call,0.38754058
399137,MARS_20160501_20160531_32kHz,MARS_20160508_064515_resampled_32kHz.wav,255.0,260.0,orca_call,0.5605078
399138,MARS_20160501_20160531_32kHz,MARS_20160508_064515_resampled_32kHz.wav,260.0,265.0,orca_call,1.1445428
401924,MARS_20160501_20160531_32kHz,MARS_20160521_071842_resampled_32kHz.wav,390.0,395.0,orca_call,0.038782105
402125,MARS_20160501_20160531_32kHz,MARS_20160506_081836_resampled_32kHz.wav,195.0,200.0,orca_call,0.47474605
402138,MARS_20160501_20160531_32kHz,MARS_20160506_081836_resampled_32kHz.wav,260.0,265.0,orca_call,0.035105065
402140,MARS_20160501_20160531_32kHz,MARS_20160506_081836_resampled_32kHz.wav,270.0,275.0,orca_call,2.2931414
406371,MARS_20160501_20160531_32kHz,MARS_20160528_195351_resampled_32kHz.wav,425.0,430.0,orca_call,0.6973072
408568,MARS_20160501_20160531_32kHz,MARS_20160512_143934_resampled_32kHz.wav,10.0,15.0,orca_call,1.5298826
408623,MARS_20160501_20160531_32kHz,MARS_20160512_143934_resampled_32kHz.wav,285.0,290.0,orca_call,2.092281
408624,MARS_20160501_20160531_32kHz,MARS_20160512_143934_resampled_32kHz.wav,290.0,295.0,orca_call,0.03558497
408625,MARS_20160501_20160531_32kHz,MARS_20160512_143934_resampled_32kHz.wav,295.0,300.0,orca_call,1.61121
408626,MARS_20160501_20160531_32kHz,MARS_20160512_143934_resampled_32kHz.wav,300.0,305.0,orca_call,0.3791176
408627,MARS_20160501_20160531_32kHz,MARS_20160512_143934_resampled_32kHz.wav,305.0,310.0,orca_call,0.43503213
408629,MARS_20160501_20160531_32kHz,MARS_20160512_143934_resampled_32kHz.wav,315.0,320.0,orca_call,0.111490324
408680,MARS_20160501_20160531_32kHz,MARS_20160512_143934_resampled_32kHz.wav,570.0,575.0,orca_call,0.40989023
408682,MARS_20160501_20160531_32kHz,MARS_20160512_143934_resampled_32kHz.wav,580.0,585.0,orca_call,0.028142765
411653,MARS_20160501_20160531_32kHz,MARS_20160507_063516_resampled_32kHz.wav,435.0,440.0,orca_call,0.09881179
414004,MARS_20160501_20160531_32kHz,MARS_20160512_171934_resampled_32kHz.wav,190.0,195.0,orca_call,0.23263474
414006,MARS_20160501_20160531_32kHz,MARS_20160512_171934_resampled_32kHz.wav,200.0,205.0,orca_call,1.0174539
417212,MARS_20160501_20160531_32kHz,MARS_20160518_002858_resampled_32kHz.wav,30.0,35.0,orca_call,0.113817364
418716,MARS_20160501_20160531_32kHz,MARS_20160505_141740_resampled_32kHz.wav,350.0,355.0,orca_call,0.7263419
418742,MARS_20160501_20160531_32kHz,MARS_20160505_141740_resampled_32kHz.wav,480.0,485.0,orca_call,3.0487587
418745,MARS_20160501_20160531_32kHz,MARS_20160505_141740_resampled_32kHz.wav,495.0,500.0,orca_call,0.5198236
418748,MARS_20160501_20160531_32kHz,MARS_20160505_141740_resampled_32kHz.wav,510.0,515.0,orca_call,2.4180896
418749,MARS_20160501_20160531_32kHz,MARS_20160505_141740_resampled_32kHz.wav,515.0,520.0,orca_call,1.4327428
418751,MARS_20160501_20160531_32kHz,MARS_20160505_141740_resampled_32kHz.wav,525.0,530.0,orca_call,1.5440354
418752,MARS_20160501_20160531_32kHz,MARS_20160505_141740_resampled_32kHz.wav,530.0,535.0,orca_call,2.371235
418755,MARS_20160501_20160531_32kHz,MARS_20160505_141740_resampled_32kHz.wav,545.0,550.0,orca_call,0.059832826
418758,MARS_20160501_20160531_32kHz,MARS_20160505_141740_resampled_32kHz.wav,560.0,565.0,orca_call,0.37415463
418765,MARS_20160501_20160531_32kHz,MARS_20160505_141740_resampled_32kHz.wav,595.0,600.0,orca_call,0.9063791
420902,MARS_20160501_20160531_32kHz,MARS_20160504_181939_resampled_32kHz.wav,480.0,485.0,orca_call,0.4753706
424722,MARS_20160501_20160531_32kHz,MARS_20160508_092515_resampled_32kHz.wav,380.0,385.0,orca_call,0.37071693
424731,MARS_20160501_20160531_32kHz,MARS_20160508_092515_resampled_32kHz.wav,425.0,430.0,orca_call,1.5842692
424769,MARS_20160501_20160531_32kHz,MARS_20160506_150836_resampled_32kHz.wav,15.0,20.0,orca_call,0.06722303
424776,MARS_20160501_20160531_32kHz,MARS_20160506_150836_resampled_32kHz.wav,50.0,55.0,orca_call,1.0139941
424777,MARS_20160501_20160531_32kHz,MARS_20160506_150836_resampled_32kHz.wav,55.0,60.0,orca_call,0.65997404
425116,MARS_20160501_20160531_32kHz,MARS_20160523_154004_resampled_32kHz.wav,550.0,555.0,orca_call,0.59580237
425458,MARS_20160501_20160531_32kHz,MARS_20160530_082350_resampled_32kHz.wav,460.0,465.0,orca_call,0.74526584
425468,MARS_20160501_20160531_32kHz,MARS_20160530_082350_resampled_32kHz.wav,510.0,515.0,orca_call,1.3856977
425699,MARS_20160501_20160531_32kHz,MARS_20160512_042934_resampled_32kHz.wav,465.0,470.0,orca_call,0.45616138
425700,MARS_20160501_20160531_32kHz,MARS_20160512_042934_resampled_32kHz.wav,470.0,475.0,orca_call,1.0181445
426424,MARS_20160501_20160531_32kHz,MARS_20160522_182005_resampled_32kHz.wav,490.0,495.0,orca_call,0.0309612
430914,MARS_20160501_20160531_32kHz,MARS_20160504_192939_resampled_32kHz.wav,140.0,145.0,orca_call,0.4846381
430923,MARS_20160501_20160531_32kHz,MARS_20160504_192939_resampled_32kHz.wav,185.0,190.0,orca_call,2.205603
430930,MARS_20160501_20160531_32kHz,MARS_20160504_192939_resampled_32kHz.wav,220.0,225.0,orca_call,1.8662397
431627,MARS_20160501_20160531_32kHz,MARS_20160512_134934_resampled_32kHz.wav,105.0,110.0,orca_call,0.60168666
432909,MARS_20160501_20160531_32kHz,MARS_20160512_173934_resampled_32kHz.wav,460.0,465.0,orca_call,0.18952642
433487,MARS_20160501_20160531_32kHz,MARS_20160521_083842_resampled_32kHz.wav,350.0,355.0,orca_call,0.24576513
434887,MARS_20160501_20160531_32kHz,MARS_20160521_131842_resampled_32kHz.wav,150.0,155.0,orca_call,0.6841819
434934,MARS_20160501_20160531_32kHz,MARS_20160521_131842_resampled_32kHz.wav,385.0,390.0,orca_call,0.8185469
440114,MARS_20160501_20160531_32kHz,MARS_20160508_121515_resampled_32kHz.wav,485.0,490.0,orca_call,0.82354176
440120,MARS_20160501_20160531_32kHz,MARS_20160508_121515_resampled_32kHz.wav,515.0,520.0,orca_call,0.2870822
440224,MARS_20160501_20160531_32kHz,MARS_20160512_043934_resampled_32kHz.wav,435.0,440.0,orca_call,0.37453234
440231,MARS_20160501_20160531_32kHz,MARS_20160512_043934_resampled_32kHz.wav,470.0,475.0,orca_call,0.822444
440233,MARS_20160501_20160531_32kHz,MARS_20160512_043934_resampled_32kHz.wav,480.0,485.0,orca_call,1.7787524
440234,MARS_20160501_20160531_32kHz,MARS_20160512_043934_resampled_32kHz.wav,485.0,490.0,orca_call,0.17358114
440235,MARS_20160501_20160531_32kHz,MARS_20160512_043934_resampled_32kHz.wav,490.0,495.0,orca_call,0.44014704
440237,MARS_20160501_20160531_32kHz,MARS_20160512_043934_resampled_32kHz.wav,500.0,505.0,orca_call,0.5541989
440238,MARS_20160501_20160531_32kHz,MARS_20160512_043934_resampled_32kHz.wav,505.0,510.0,orca_call,0.26444358
440239,MARS_20160501_20160531_32kHz,MARS_20160512_043934_resampled_32kHz.wav,510.0,515.0,orca_call,2.1023693
440240,MARS_20160501_20160531_32kHz,MARS_20160512_043934_resampled_32kHz.wav,515.0,520.0,orca_call,0.39875752
440242,MARS_20160501_20160531_32kHz,MARS_20160512_043934_resampled_32kHz.wav,525.0,530.0,orca_call,1.4920511
440243,MARS_20160501_20160531_32kHz,MARS_20160512_043934_resampled_32kHz.wav,530.0,535.0,orca_call,0.5023248
440247,MARS_20160501_20160531_32kHz,MARS_20160512_043934_resampled_32kHz.wav,550.0,555.0,orca_call,0.45450658
440251,MARS_20160501_20160531_32kHz,MARS_20160512_043934_resampled_32kHz.wav,570.0,575.0,orca_call,0.95970154
440254,MARS_20160501_20160531_32kHz,MARS_20160512_043934_resampled_32kHz.wav,585.0,590.0,orca_call,0.45287925
441122,MARS_20160501_20160531_32kHz,MARS_20160505_001938_resampled_32kHz.wav,125.0,130.0,orca_call,0.011623099
442397,MARS_20160501_20160531_32kHz,MARS_20160505_122740_resampled_32kHz.wav,85.0,90.0,orca_call,0.014495626
444492,MARS_20160501_20160531_32kHz,MARS_20160512_064934_resampled_32kHz.wav,360.0,365.0,orca_call,1.3454659
444496,MARS_20160501_20160531_32kHz,MARS_20160512_064934_resampled_32kHz.wav,380.0,385.0,orca_call,0.26636106
444497,MARS_20160501_20160531_32kHz,MARS_20160512_064934_resampled_32kHz.wav,385.0,390.0,orca_call,0.50745577
444498,MARS_20160501_20160531_32kHz,MARS_20160512_064934_resampled_32kHz.wav,390.0,395.0,orca_call,0.5761858
444499,MARS_20160501_20160531_32kHz,MARS_20160512_064934_resampled_32kHz.wav,395.0,400.0,orca_call,1.1851212
444500,MARS_20160501_20160531_32kHz,MARS_20160512_064934_resampled_32kHz.wav,400.0,405.0,orca_call,1.2312535
444501,MARS_20160501_20160531_32kHz,MARS_20160512_064934_resampled_32kHz.wav,405.0,410.0,orca_call,0.9357946
444502,MARS_20160501_20160531_32kHz,MARS_20160512_064934_resampled_32kHz.wav,410.0,415.0,orca_call,2.1827762
444503,MARS_20160501_20160531_32kHz,MARS_20160512_064934_resampled_32kHz.wav,415.0,420.0,orca_call,0.28137493
444504,MARS_20160501_20160531_32kHz,MARS_20160512_064934_resampled_32kHz.wav,420.0,425.0,orca_call,2.6064115
444505,MARS_20160501_20160531_32kHz,MARS_20160512_064934_resampled_32kHz.wav,425.0,430.0,orca_call,0.281869
444507,MARS_20160501_20160531_32kHz,MARS_20160512_064934_resampled_32kHz.wav,435.0,440.0,orca_call,3.4695842
444508,MARS_20160501_20160531_32kHz,MARS_20160512_064934_resampled_32kHz.wav,440.0,445.0,orca_call,2.6888895
444509,MARS_20160501_20160531_32kHz,MARS_20160512_064934_resampled_32kHz.wav,445.0,450.0,orca_call,2.1221488
444510,MARS_20160501_20160531_32kHz,MARS_20160512_064934_resampled_32kHz.wav,450.0,455.0,orca_call,0.457905
444511,MARS_20160501_20160531_32kHz,MARS_20160512_064934_resampled_32kHz.wav,455.0,460.0,orca_call,3.2953806
444513,MARS_20160501_20160531_32kHz,MARS_20160512_064934_resampled_32kHz.wav,465.0,470.0,orca_call,1.5667608
444514,MARS_20160501_20160531_32kHz,MARS_20160512_064934_resampled_32kHz.wav,470.0,475.0,orca_call,0.8684225
444518,MARS_20160501_20160531_32kHz,MARS_20160512_064934_resampled_32kHz.wav,490.0,495.0,orca_call,3.2090633
444519,MARS_20160501_20160531_32kHz,MARS_20160512_064934_resampled_32kHz.wav,495.0,500.0,orca_call,2.6793578
444520,MARS_20160501_20160531_32kHz,MARS_20160512_064934_resampled_32kHz.wav,500.0,505.0,orca_call,1.7306553
444521,MARS_20160501_20160531_32kHz,MARS_20160512_064934_resampled_32kHz.wav,505.0,510.0,orca_call,2.1219485
444523,MARS_20160501_20160531_32kHz,MARS_20160512_064934_resampled_32kHz.wav,515.0,520.0,orca_call,1.2977971
444524,MARS_20160501_20160531_32kHz,MARS_20160512_064934_resampled_32kHz.wav,520.0,525.0,orca_call,1.1751125
444525,MARS_20160501_20160531_32kHz,MARS_20160512_064934_resampled_32kHz.wav,525.0,530.0,orca_call,0.9001024
444527,MARS_20160501_20160531_32kHz,MARS_20160512_064934_resampled_32kHz.wav,535.0,540.0,orca_call,1.4050386
444530,MARS_20160501_20160531_32kHz,MARS_20160512_064934_resampled_32kHz.wav,550.0,555.0,orca_call,0.9066639
444532,MARS_20160501_20160531_32kHz,MARS_20160512_064934_resampled_32kHz.wav,560.0,565.0,orca_call,1.7435386
446218,MARS_20160501_20160531_32kHz,MARS_20160507_105516_resampled_32kHz.wav,590.0,595.0,orca_call,0.24536942
449173,MARS_20160501_20160531_32kHz,MARS_20160508_080515_resampled_32kHz.wav,365.0,370.0,orca_call,0.19158058
452088,MARS_20160501_20160531_32kHz,MARS_20160512_060934_resampled_32kHz.wav,540.0,545.0,orca_call,0.42276704
454816,MARS_20160501_20160531_32kHz,MARS_20160531_012349_resampled_32kHz.wav,380.0,385.0,orca_call,0.0025644153
454840,MARS_20160501_20160531_32kHz,MARS_20160531_012349_resampled_32kHz.wav,500.0,505.0,orca_call,0.35913402
454853,MARS_20160501_20160531_32kHz,MARS_20160531_012349_resampled_32kHz.wav,565.0,570.0,orca_call,1.3577938
454856,MARS_20160501_20160531_32kHz,MARS_20160531_012349_resampled_32kHz.wav,580.0,585.0,orca_call,0.7454046
458514,MARS_20160501_20160531_32kHz,MARS_20160512_133934_resampled_32kHz.wav,270.0,275.0,orca_call,0.4023921
461067,MARS_20160501_20160531_32kHz,MARS_20160529_111351_resampled_32kHz.wav,435.0,440.0,orca_call,1.3129408
461878,MARS_20160501_20160531_32kHz,MARS_20160523_131004_resampled_32kHz.wav,290.0,295.0,orca_call,0.3683825
461884,MARS_20160501_20160531_32kHz,MARS_20160523_131004_resampled_32kHz.wav,320.0,325.0,orca_call,0.021167353
461934,MARS_20160501_20160531_32kHz,MARS_20160523_131004_resampled_32kHz.wav,570.0,575.0,orca_call,0.59901565
466020,MARS_20160501_20160531_32kHz,MARS_20160512_071934_resampled_32kHz.wav,0.0,5.0,orca_call,1.6049072
466021,MARS_20160501_20160531_32kHz,MARS_20160512_071934_resampled_32kHz.wav,5.0,10.0,orca_call,0.07468943
466026,MARS_20160501_20160531_32kHz,MARS_20160512_071934_resampled_32kHz.wav,30.0,35.0,orca_call,0.800358
466027,MARS_20160501_20160531_32kHz,MARS_20160512_071934_resampled_32kHz.wav,35.0,40.0,orca_call,0.08290975
466029,MARS_20160501_20160531_32kHz,MARS_20160512_071934_resampled_32kHz.wav,45.0,50.0,orca_call,1.9432681
466030,MARS_20160501_20160531_32kHz,MARS_20160512_071934_resampled_32kHz.wav,50.0,55.0,orca_call,0.42803013
466032,MARS_20160501_20160531_32kHz,MARS_20160512_071934_resampled_32kHz.wav,60.0,65.0,orca_call,2.2944927
466034,MARS_20160501_20160531_32kHz,MARS_20160512_071934_resampled_32kHz.wav,70.0,75.0,orca_call,1.3695165
466036,MARS_20160501_20160531_32kHz,MARS_20160512_071934_resampled_32kHz.wav,80.0,85.0,orca_call,2.548145
466037,MARS_20160501_20160531_32kHz,MARS_20160512_071934_resampled_32kHz.wav,85.0,90.0,orca_call,0.40437567
466039,MARS_20160501_20160531_32kHz,MARS_20160512_071934_resampled_32kHz.wav,95.0,100.0,orca_call,0.46418095
466041,MARS_20160501_20160531_32kHz,MARS_20160512_071934_resampled_32kHz.wav,105.0,110.0,orca_call,2.4359705
466042,MARS_20160501_20160531_32kHz,MARS_20160512_071934_resampled_32kHz.wav,110.0,115.0,orca_call,0.4685399
466043,MARS_20160501_20160531_32kHz,MARS_20160512_071934_resampled_32kHz.wav,115.0,120.0,orca_call,0.7022065
466044,MARS_20160501_20160531_32kHz,MARS_20160512_071934_resampled_32kHz.wav,120.0,125.0,orca_call,0.78766096
466051,MARS_20160501_20160531_32kHz,MARS_20160512_071934_resampled_32kHz.wav,155.0,160.0,orca_call,2.8481011
466053,MARS_20160501_20160531_32kHz,MARS_20160512_071934_resampled_32kHz.wav,165.0,170.0,orca_call,0.5121742
466054,MARS_20160501_20160531_32kHz,MARS_20160512_071934_resampled_32kHz.wav,170.0,175.0,orca_call,0.78542984
466055,MARS_20160501_20160531_32kHz,MARS_20160512_071934_resampled_32kHz.wav,175.0,180.0,orca_call,2.7586
466056,MARS_20160501_20160531_32kHz,MARS_20160512_071934_resampled_32kHz.wav,180.0,185.0,orca_call,2.2311985
466057,MARS_20160501_20160531_32kHz,MARS_20160512_071934_resampled_32kHz.wav,185.0,190.0,orca_call,1.7669889
466060,MARS_20160501_20160531_32kHz,MARS_20160512_071934_resampled_32kHz.wav,200.0,205.0,orca_call,0.831747
466062,MARS_20160501_20160531_32kHz,MARS_20160512_071934_resampled_32kHz.wav,210.0,215.0,orca_call,0.44366956
466067,MARS_20160501_20160531_32kHz,MARS_20160512_071934_resampled_32kHz.wav,235.0,240.0,orca_call,1.3566003
466068,MARS_20160501_20160531_32kHz,MARS_20160512_071934_resampled_32kHz.wav,240.0,245.0,orca_call,2.3475242
466069,MARS_20160501_20160531_32kHz,MARS_20160512_071934_resampled_32kHz.wav,245.0,250.0,orca_call,1.6262715
466071,MARS_20160501_20160531_32kHz,MARS_20160512_071934_resampled_32kHz.wav,255.0,260.0,orca_call,1.5486356
466077,MARS_20160501_20160531_32kHz,MARS_20160512_071934_resampled_32kHz.wav,285.0,290.0,orca_call,1.0056087
466080,MARS_20160501_20160531_32kHz,MARS_20160512_071934_resampled_32kHz.wav,300.0,305.0,orca_call,0.041825756
466091,MARS_20160501_20160531_32kHz,MARS_20160512_071934_resampled_32kHz.wav,355.0,360.0,orca_call,1.3571916
470139,MARS_20160501_20160531_32kHz,MARS_20160505_095740_resampled_32kHz.wav,195.0,200.0,orca_call,0.75961316
479526,MARS_20160501_20160531_32kHz,MARS_20160512_152934_resampled_32kHz.wav,330.0,335.0,orca_call,0.4572786
479702,MARS_20160501_20160531_32kHz,MARS_20160524_121003_resampled_32kHz.wav,10.0,15.0,orca_call,0.7117833
479811,MARS_20160501_20160531_32kHz,MARS_20160524_121003_resampled_32kHz.wav,555.0,560.0,orca_call,0.10911286
485314,MARS_20160501_20160531_32kHz,MARS_20160524_113003_resampled_32kHz.wav,470.0,475.0,orca_call,0.7770532
485317,MARS_20160501_20160531_32kHz,MARS_20160524_113003_resampled_32kHz.wav,485.0,490.0,orca_call,0.30657762
486788,MARS_20160501_20160531_32kHz,MARS_20160519_081844_resampled_32kHz.wav,40.0,45.0,orca_call,0.8034173
493242,MARS_20160501_20160531_32kHz,MARS_20160522_200005_resampled_32kHz.wav,510.0,515.0,orca_call,1.8083141
495540,MARS_20160501_20160531_32kHz,MARS_20160506_082836_resampled_32kHz.wav,0.0,5.0,orca_call,0.29445887
495781,MARS_20160501_20160531_32kHz,MARS_20160504_160939_resampled_32kHz.wav,5.0,10.0,orca_call,0.39886707
495783,MARS_20160501_20160531_32kHz,MARS_20160504_160939_resampled_32kHz.wav,15.0,20.0,orca_call,0.23704283
495795,MARS_20160501_20160531_32kHz,MARS_20160504_160939_resampled_32kHz.wav,75.0,80.0,orca_call,0.3323381
497378,MARS_20160501_20160531_32kHz,MARS_20160524_110003_resampled_32kHz.wav,190.0,195.0,orca_call,0.23088108
497583,MARS_20160501_20160531_32kHz,MARS_20160525_163002_resampled_32kHz.wav,15.0,20.0,orca_call,0.48286533
497585,MARS_20160501_20160531_32kHz,MARS_20160525_163002_resampled_32kHz.wav,25.0,30.0,orca_call,1.4901359
497586,MARS_20160501_20160531_32kHz,MARS_20160525_163002_resampled_32kHz.wav,30.0,35.0,orca_call,2.3282125
497587,MARS_20160501_20160531_32kHz,MARS_20160525_163002_resampled_32kHz.wav,35.0,40.0,orca_call,2.5905483
497589,MARS_20160501_20160531_32kHz,MARS_20160525_163002_resampled_32kHz.wav,45.0,50.0,orca_call,4.91377
497591,MARS_20160501_20160531_32kHz,MARS_20160525_163002_resampled_32kHz.wav,55.0,60.0,orca_call,3.8472247
497592,MARS_20160501_20160531_32kHz,MARS_20160525_163002_resampled_32kHz.wav,60.0,65.0,orca_call,3.0810525
497593,MARS_20160501_20160531_32kHz,MARS_20160525_163002_resampled_32kHz.wav,65.0,70.0,orca_call,4.112598
497598,MARS_20160501_20160531_32kHz,MARS_20160525_163002_resampled_32kHz.wav,90.0,95.0,orca_call,2.2218294
497601,MARS_20160501_20160531_32kHz,MARS_20160525_163002_resampled_32kHz.wav,105.0,110.0,orca_call,1.9817274
497613,MARS_20160501_20160531_32kHz,MARS_20160525_163002_resampled_32kHz.wav,165.0,170.0,orca_call,1.1239054
497614,MARS_20160501_20160531_32kHz,MARS_20160525_163002_resampled_32kHz.wav,170.0,175.0,orca_call,2.3004901
497642,MARS_20160501_20160531_32kHz,MARS_20160525_163002_resampled_32kHz.wav,310.0,315.0,orca_call,2.354258
499622,MARS_20160501_20160531_32kHz,MARS_20160505_084740_resampled_32kHz.wav,10.0,15.0,orca_call,2.1301327
499675,MARS_20160501_20160531_32kHz,MARS_20160505_084740_resampled_32kHz.wav,275.0,280.0,orca_call,0.056731567
499716,MARS_20160501_20160531_32kHz,MARS_20160505_084740_resampled_32kHz.wav,480.0,485.0,orca_call,2.9345167
501187,MARS_20160501_20160531_32kHz,MARS_20160512_072934_resampled_32kHz.wav,35.0,40.0,orca_call,2.5394535
501188,MARS_20160501_20160531_32kHz,MARS_20160512_072934_resampled_32kHz.wav,40.0,45.0,orca_call,1.6349635
501189,MARS_20160501_20160531_32kHz,MARS_20160512_072934_resampled_32kHz.wav,45.0,50.0,orca_call,0.5854232
501192,MARS_20160501_20160531_32kHz,MARS_20160512_072934_resampled_32kHz.wav,60.0,65.0,orca_call,1.4075369
501194,MARS_20160501_20160531_32kHz,MARS_20160512_072934_resampled_32kHz.wav,70.0,75.0,orca_call,1.3257041
501197,MARS_20160501_20160531_32kHz,MARS_20160512_072934_resampled_32kHz.wav,85.0,90.0,orca_call,0.077950165
501199,MARS_20160501_20160531_32kHz,MARS_20160512_072934_resampled_32kHz.wav,95.0,100.0,orca_call,2.6987615
501210,MARS_20160501_20160531_32kHz,MARS_20160512_072934_resampled_32kHz.wav,150.0,155.0,orca_call,1.416727
502621,MARS_20160501_20160531_32kHz,MARS_20160512_135934_resampled_32kHz.wav,5.0,10.0,orca_call,0.16725613
502690,MARS_20160501_20160531_32kHz,MARS_20160512_135934_resampled_32kHz.wav,350.0,355.0,orca_call,1.6171607
502696,MARS_20160501_20160531_32kHz,MARS_20160512_135934_resampled_32kHz.wav,380.0,385.0,orca_call,1.598909
502703,MARS_20160501_20160531_32kHz,MARS_20160512_135934_resampled_32kHz.wav,415.0,420.0,orca_call,1.4405758
502709,MARS_20160501_20160531_32kHz,MARS_20160512_135934_resampled_32kHz.wav,445.0,450.0,orca_call,2.268815
502712,MARS_20160501_20160531_32kHz,MARS_20160512_135934_resampled_32kHz.wav,460.0,465.0,orca_call,0.078633636
502717,MARS_20160501_20160531_32kHz,MARS_20160512_135934_resampled_32kHz.wav,485.0,490.0,orca_call,1.0311214
502721,MARS_20160501_20160531_32kHz,MARS_20160512_135934_resampled_32kHz.wav,505.0,510.0,orca_call,1.3584498
502733,MARS_20160501_20160531_32kHz,MARS_20160512_135934_resampled_32kHz.wav,565.0,570.0,orca_call,0.5147392
504926,MARS_20160501_20160531_32kHz,MARS_20160504_234938_resampled_32kHz.wav,130.0,135.0,orca_call,0.7857142
504930,MARS_20160501_20160531_32kHz,MARS_20160504_234938_resampled_32kHz.wav,150.0,155.0,orca_call,0.1792957
506466,MARS_20160501_20160531_32kHz,MARS_20160504_155939_resampled_32kHz.wav,30.0,35.0,orca_call,0.6829061
506510,MARS_20160501_20160531_32kHz,MARS_20160504_155939_resampled_32kHz.wav,250.0,255.0,orca_call,0.35654503
506565,MARS_20160501_20160531_32kHz,MARS_20160504_155939_resampled_32kHz.wav,525.0,530.0,orca_call,1.4582387
506567,MARS_20160501_20160531_32kHz,MARS_20160504_155939_resampled_32kHz.wav,535.0,540.0,orca_call,1.5052934
510622,MARS_20160501_20160531_32kHz,MARS_20160508_122515_resampled_32kHz.wav,410.0,415.0,orca_call,0.9130739
510633,MARS_20160501_20160531_32kHz,MARS_20160508_122515_resampled_32kHz.wav,465.0,470.0,orca_call,0.04184431
514144,MARS_20160501_20160531_32kHz,MARS_20160527_161353_resampled_32kHz.wav,20.0,25.0,orca_call,0.14081363
514147,MARS_20160501_20160531_32kHz,MARS_20160527_161353_resampled_32kHz.wav,35.0,40.0,orca_call,0.53258574
514157,MARS_20160501_20160531_32kHz,MARS_20160527_161353_resampled_32kHz.wav,85.0,90.0,orca_call,0.28049523
518054,MARS_20160501_20160531_32kHz,MARS_20160521_145842_resampled_32kHz.wav,370.0,375.0,orca_call,0.07751866
530479,MARS_20160501_20160531_32kHz,MARS_20160522_204005_resampled_32kHz.wav,95.0,100.0,orca_call,0.4788472
530580,MARS_20160501_20160531_32kHz,MARS_20160512_045934_resampled_32kHz.wav,0.0,5.0,orca_call,0.22689404
530586,MARS_20160501_20160531_32kHz,MARS_20160512_045934_resampled_32kHz.wav,30.0,35.0,orca_call,1.6911922
530587,MARS_20160501_20160531_32kHz,MARS_20160512_045934_resampled_32kHz.wav,35.0,40.0,orca_call,1.0628616
530589,MARS_20160501_20160531_32kHz,MARS_20160512_045934_resampled_32kHz.wav,45.0,50.0,orca_call,1.3761127
530592,MARS_20160501_20160531_32kHz,MARS_20160512_045934_resampled_32kHz.wav,60.0,65.0,orca_call,0.0673091
530594,MARS_20160501_20160531_32kHz,MARS_20160512_045934_resampled_32kHz.wav,70.0,75.0,orca_call,1.5329384
530596,MARS_20160501_20160531_32kHz,MARS_20160512_045934_resampled_32kHz.wav,80.0,85.0,orca_call,2.5626552
530601,MARS_20160501_20160531_32kHz,MARS_20160512_045934_resampled_32kHz.wav,105.0,110.0,orca_call,0.71645427
530602,MARS_20160501_20160531_32kHz,MARS_20160512_045934_resampled_32kHz.wav,110.0,115.0,orca_call,2.0926838
530604,MARS_20160501_20160531_32kHz,MARS_20160512_045934_resampled_32kHz.wav,120.0,125.0,orca_call,1.1281562
530605,MARS_20160501_20160531_32kHz,MARS_20160512_045934_resampled_32kHz.wav,125.0,130.0,orca_call,2.8039353
530606,MARS_20160501_20160531_32kHz,MARS_20160512_045934_resampled_32kHz.wav,130.0,135.0,orca_call,1.9092844
530607,MARS_20160501_20160531_32kHz,MARS_20160512_045934_resampled_32kHz.wav,135.0,140.0,orca_call,1.1764292
530608,MARS_20160501_20160531_32kHz,MARS_20160512_045934_resampled_32kHz.wav,140.0,145.0,orca_call,0.29750192
530613,MARS_20160501_20160531_32kHz,MARS_20160512_045934_resampled_32kHz.wav,165.0,170.0,orca_call,1.2861884
530614,MARS_20160501_20160531_32kHz,MARS_20160512_045934_resampled_32kHz.wav,170.0,175.0,orca_call,1.1717855
530615,MARS_20160501_20160531_32kHz,MARS_20160512_045934_resampled_32kHz.wav,175.0,180.0,orca_call,1.4919927
530617,MARS_20160501_20160531_32kHz,MARS_20160512_045934_resampled_32kHz.wav,185.0,190.0,orca_call,1.0701576
530618,MARS_20160501_20160531_32kHz,MARS_20160512_045934_resampled_32kHz.wav,190.0,195.0,orca_call,1.8219149
530619,MARS_20160501_20160531_32kHz,MARS_20160512_045934_resampled_32kHz.wav,195.0,200.0,orca_call,0.8095012
530620,MARS_20160501_20160531_32kHz,MARS_20160512_045934_resampled_32kHz.wav,200.0,205.0,orca_call,1.8261368
530621,MARS_20160501_20160531_32kHz,MARS_20160512_045934_resampled_32kHz.wav,205.0,210.0,orca_call,1.9849932
530622,MARS_20160501_20160531_32kHz,MARS_20160512_045934_resampled_32kHz.wav,210.0,215.0,orca_call,2.769624
530623,MARS_20160501_20160531_32kHz,MARS_20160512_045934_resampled_32kHz.wav,215.0,220.0,orca_call,2.4336305
530624,MARS_20160501_20160531_32kHz,MARS_20160512_045934_resampled_32kHz.wav,220.0,225.0,orca_call,2.5573142
530625,MARS_20160501_20160531_32kHz,MARS_20160512_045934_resampled_32kHz.wav,225.0,230.0,orca_call,1.7833598
530626,MARS_20160501_20160531_32kHz,MARS_20160512_045934_resampled_32kHz.wav,230.0,235.0,orca_call,3.5016072
530627,MARS_20160501_20160531_32kHz,MARS_20160512_045934_resampled_32kHz.wav,235.0,240.0,orca_call,0.5096975
530629,MARS_20160501_20160531_32kHz,MARS_20160512_045934_resampled_32kHz.wav,245.0,250.0,orca_call,0.96276116
530630,MARS_20160501_20160531_32kHz,MARS_20160512_045934_resampled_32kHz.wav,250.0,255.0,orca_call,2.497352
530631,MARS_20160501_20160531_32kHz,MARS_20160512_045934_resampled_32kHz.wav,255.0,260.0,orca_call,1.7600466
530632,MARS_20160501_20160531_32kHz,MARS_20160512_045934_resampled_32kHz.wav,260.0,265.0,orca_call,2.4806008
530633,MARS_20160501_20160531_32kHz,MARS_20160512_045934_resampled_32kHz.wav,265.0,270.0,orca_call,2.3991926
530634,MARS_20160501_20160531_32kHz,MARS_20160512_045934_resampled_32kHz.wav,270.0,275.0,orca_call,1.7588029
530635,MARS_20160501_20160531_32kHz,MARS_20160512_045934_resampled_32kHz.wav,275.0,280.0,orca_call,3.3482702
530636,MARS_20160501_20160531_32kHz,MARS_20160512_045934_resampled_32kHz.wav,280.0,285.0,orca_call,1.7059449
530637,MARS_20160501_20160531_32kHz,MARS_20160512_045934_resampled_32kHz.wav,285.0,290.0,orca_call,1.1121272
530638,MARS_20160501_20160531_32kHz,MARS_20160512_045934_resampled_32kHz.wav,290.0,295.0,orca_call,3.1183336
530639,MARS_20160501_20160531_32kHz,MARS_20160512_045934_resampled_32kHz.wav,295.0,300.0,orca_call,1.5542157
530641,MARS_20160501_20160531_32kHz,MARS_20160512_045934_resampled_32kHz.wav,305.0,310.0,orca_call,2.609104
530643,MARS_20160501_20160531_32kHz,MARS_20160512_045934_resampled_32kHz.wav,315.0,320.0,orca_call,3.4145367
530645,MARS_20160501_20160531_32kHz,MARS_20160512_045934_resampled_32kHz.wav,325.0,330.0,orca_call,1.9853237
530646,MARS_20160501_20160531_32kHz,MARS_20160512_045934_resampled_32kHz.wav,330.0,335.0,orca_call,1.2760159
530648,MARS_20160501_20160531_32kHz,MARS_20160512_045934_resampled_32kHz.wav,340.0,345.0,orca_call,1.2783945
530649,MARS_20160501_20160531_32kHz,MARS_20160512_045934_resampled_32kHz.wav,345.0,350.0,orca_call,0.85310405
530650,MARS_20160501_20160531_32kHz,MARS_20160512_045934_resampled_32kHz.wav,350.0,355.0,orca_call,2.4142866
530651,MARS_20160501_20160531_32kHz,MARS_20160512_045934_resampled_32kHz.wav,355.0,360.0,orca_call,1.5190849
530652,MARS_20160501_20160531_32kHz,MARS_20160512_045934_resampled_32kHz.wav,360.0,365.0,orca_call,0.64159924
530656,MARS_20160501_20160531_32kHz,MARS_20160512_045934_resampled_32kHz.wav,380.0,385.0,orca_call,1.7861273
530661,MARS_20160501_20160531_32kHz,MARS_20160512_045934_resampled_32kHz.wav,405.0,410.0,orca_call,1.1680168
530664,MARS_20160501_20160531_32kHz,MARS_20160512_045934_resampled_32kHz.wav,420.0,425.0,orca_call,0.5093529
530668,MARS_20160501_20160531_32kHz,MARS_20160512_045934_resampled_32kHz.wav,440.0,445.0,orca_call,0.08432372
530671,MARS_20160501_20160531_32kHz,MARS_20160512_045934_resampled_32kHz.wav,455.0,460.0,orca_call,0.048341587
530673,MARS_20160501_20160531_32kHz,MARS_20160512_045934_resampled_32kHz.wav,465.0,470.0,orca_call,2.0558593
530675,MARS_20160501_20160531_32kHz,MARS_20160512_045934_resampled_32kHz.wav,475.0,480.0,orca_call,1.3317957
530676,MARS_20160501_20160531_32kHz,MARS_20160512_045934_resampled_32kHz.wav,480.0,485.0,orca_call,0.9714179
530682,MARS_20160501_20160531_32kHz,MARS_20160512_045934_resampled_32kHz.wav,510.0,515.0,orca_call,0.604004
530684,MARS_20160501_20160531_32kHz,MARS_20160512_045934_resampled_32kHz.wav,520.0,525.0,orca_call,1.2142658
530685,MARS_20160501_20160531_32kHz,MARS_20160512_045934_resampled_32kHz.wav,525.0,530.0,orca_call,0.42388797
530692,MARS_20160501_20160531_32kHz,MARS_20160512_045934_resampled_32kHz.wav,560.0,565.0,orca_call,0.820111
530693,MARS_20160501_20160531_32kHz,MARS_20160512_045934_resampled_32kHz.wav,565.0,570.0,orca_call,1.7138727
530697,MARS_20160501_20160531_32kHz,MARS_20160512_045934_resampled_32kHz.wav,585.0,590.0,orca_call,0.81495535
530698,MARS_20160501_20160531_32kHz,MARS_20160512_045934_resampled_32kHz.wav,590.0,595.0,orca_call,1.0483003
533230,MARS_20160501_20160531_32kHz,MARS_20160504_180939_resampled_32kHz.wav,50.0,55.0,orca_call,0.50817376
533233,MARS_20160501_20160531_32kHz,MARS_20160504_180939_resampled_32kHz.wav,65.0,70.0,orca_call,0.41117203
533235,MARS_20160501_20160531_32kHz,MARS_20160504_180939_resampled_32kHz.wav,75.0,80.0,orca_call,0.9559814
533247,MARS_20160501_20160531_32kHz,MARS_20160504_180939_resampled_32kHz.wav,135.0,140.0,orca_call,0.22586207
533250,MARS_20160501_20160531_32kHz,MARS_20160504_180939_resampled_32kHz.wav,150.0,155.0,orca_call,0.8109498
534290,MARS_20160501_20160531_32kHz,MARS_20160513_225932_resampled_32kHz.wav,550.0,555.0,orca_call,1.53858
